model,field_name,MIMSY_field_name,field_type,field_length,field_example,emu_module,emu_column,migration_instructions
AcquisitionCatalog,id,ACQUISITION_ITEMS.ID,integer,,431836,"","",Not mapped
AcquisitionCatalog,acquisition_id,ACQUISITION_ITEMS.AKEY,integer,,53,"","",Not mapped. Foreign key to Acquisition.id
AcquisitionCatalog,catalog_id,ACQUISITION_ITEMS.M_ID,integer,,771075,"","",Not mapped. Foreign key to Catalog.id
AcquisitionCatalog,catalog_number,ACQUISITION_ITEMS.ID_NUMBER,string,48,CMNC 2017-0152,"","",""
AcquisitionCatalog,description,ACQUISITION_ITEMS.ITEM_SUMMARY,string,4000,"Echinorhynchus gadi
1994-08-23","","",""
AcquisitionCatalog,status,ACQUISITION_ITEMS.STATUS,string,100,approved,"","",""
AcquisitionCatalog,status_date,ACQUISITION_ITEMS.STATUS_DATE,string,11,1996-10-01,"","",""
AcquisitionCatalog,accession_date,ACQUISITION_ITEMS.ACCESSION_DATE,string,11,2013-03-25,"","",""
AcquisitionCatalog,title_transfer_requested,ACQUISITION_ITEMS.TITLE_TRANSFER_REQUESTED,boolean,,false,"","",""
AcquisitionCatalog,transfer_date,ACQUISITION_ITEMS.TRANSFER_DATE,string,11,,"","",""
AcquisitionCatalog,total_cost,ACQUISITION_ITEMS.TOTAL_COST,string,13,0.00,"","",""
AcquisitionCatalog,item_marked,ACQUISITION_ITEMS.ITEM_MARKED,boolean,,false,"","",""
AcquisitionCatalog,marking_method,ACQUISITION_ITEMS.MARKING_METHOD,string,500,,"","",""
AcquisitionCatalog,reproduction_requested,ACQUISITION_ITEMS.REPRODUCTION_REQUESTED,boolean,,false,"","",""
AcquisitionCatalog,note,ACQUISITION_ITEMS.NOTE,string,4000,Collection/Expedition name: Paleozoic Fish Collection,"","",""
AcquisitionCatalog,flag1,ACQUISITION_ITEMS.FLAG1,boolean,,false,"","",""
AcquisitionCatalog,flag2,ACQUISITION_ITEMS.FLAG2,boolean,,false,"","",""
AcquisitionCatalog,catalogued,ACQUISITION_ITEMS.CATALOGUED,boolean,,true,"","",""
AcquisitionCatalog,id_sort,ACQUISITION_ITEMS.ID_SORT,string,4000,CANM0335020,"","",""
AcquisitionCatalog,created_by,ACQUISITION_ITEMS.CREATED_BY,string,32,XGVIEWS,"","",""
AcquisitionCatalog,create_date,ACQUISITION_ITEMS.CREATE_DATE,datetime,,2017-04-24 14:44:04 UTC,"","",""
AcquisitionCatalog,updated_by,ACQUISITION_ITEMS.UPDATED_BY,string,32,XGVIEWS,"","",""
AcquisitionCatalog,update_date,ACQUISITION_ITEMS.UPDATE_DATE,datetime,,2010-01-14 15:46:18 UTC,"","",""
