model,field_name,MIMSY_field_name,field_type,field_length,field_example,emu_module,emu_column,migration_instructions
AcquisitionMedium,id,ACQUISITIONS_MEDIA.ID,integer,,278,"","",Not mapped
AcquisitionMedium,medium_id,ACQUISITIONS_MEDIA.MEDIAKEY,integer,,46230,"","",Not mapped. Foreign key to Medium.id
AcquisitionMedium,media,ACQUISITIONS_MEDIA.MEDIA,string,4000,ACQ1220_1223.jpg,"","",""
AcquisitionMedium,acquisition_id,ACQUISITIONS_MEDIA.AKEY,integer,,3709,"","",Not mapped. Foreign key to Acquisition.id
AcquisitionMedium,acquisition,ACQUISITIONS_MEDIA.ACQUISITION,string,4000,1946-032,"","",""
AcquisitionMedium,note,ACQUISITIONS_MEDIA.NOTE,string,4000,"GSC photo 30823, May 3, 1915","","",""
