model,field_name,MIMSY_field_name,field_type,field_length,field_example,emu_module,emu_column,migration_instructions
CatalogDescription,id,ITEM_DESCRIPTIONS.ID,integer,,2115,"","",Not mapped
CatalogDescription,catalog_id,ITEM_DESCRIPTIONS.MKEY,integer,,323304,"","",Not mapped. Foreign key to Catalog.id
CatalogDescription,prior_description,ITEM_DESCRIPTIONS.PRIOR_DESCRIPTION,boolean,,false,"","",""
CatalogDescription,description_type,ITEM_DESCRIPTIONS.DESCRIPTION_TYPE,string,100,holotype,"","",""
CatalogDescription,description,ITEM_DESCRIPTIONS.DESCRIPTION,string,4000,left mandible with molars,"","",""
CatalogDescription,description_date,ITEM_DESCRIPTIONS.DESCRIPT_DATE,string,11,,"","",""
