model,field_name,MIMSY_field_name,field_type,field_length,field_example,emu_module,emu_column,migration_instructions
CatalogOwner,id,ITEMS_OWNERS.AUTHLINKKEY,integer,,2474244,"","",Not mapped
CatalogOwner,catalog_id,ITEMS_OWNERS.MKEY,integer,,400103,"","",Not mapped. Foreign key to Catalog.id
CatalogOwner,person_id,ITEMS_OWNERS.LINK_ID,integer,,2772,"","",Not mapped. Foreign key to Person.id
CatalogOwner,begin_date,ITEMS_OWNERS.BEGIN_DATE,string,11,,"","",""
CatalogOwner,end_date,ITEMS_OWNERS.END_DATE,string,11,,"","",""
CatalogOwner,prior_attribution,ITEMS_OWNERS.PRIOR_ATTRIBUTION,boolean,,false,"","",""
CatalogOwner,name,ITEMS_OWNERS.NAME,string,4000,University of Saskatchewan,"","",""
