model,field_name,MIMSY_field_name,field_type,field_length,field_example,emu_module,emu_column,migration_instructions
CatalogOtherMeasurement,id,OTHER_MEASUREMENTS.ID,integer,,23165,"","",Not mapped
CatalogOtherMeasurement,catalog_id,OTHER_MEASUREMENTS.MKEY,integer,,770797,"","",Not mapped. Foreign key to Catalog.id
CatalogOtherMeasurement,part_measured,OTHER_MEASUREMENTS.PART_MEASURED,string,500,count,"","",""
CatalogOtherMeasurement,type,OTHER_MEASUREMENTS.OM_TYPE,string,100,total community count,"","",""
CatalogOtherMeasurement,measurement,OTHER_MEASUREMENTS.MEASUREMENT,decimal,,82.0,"","",""
CatalogOtherMeasurement,unit,OTHER_MEASUREMENTS.UNIT,string,100,mm,"","",""
CatalogOtherMeasurement,size,OTHER_MEASUREMENTS.SIZE_MEASURE,string,500,10-20,"","",""
CatalogOtherMeasurement,note,OTHER_MEASUREMENTS.NOTE,string,4000,specimen #2,"","",""
CatalogOtherMeasurement,prior_attribution,OTHER_MEASUREMENTS.PRIOR_ATTRIBUTION,boolean,,false,"","",""
