model,field_name,MIMSY_field_name,field_type,field_length,field_example,emu_module,emu_column,migration_instructions
CatalogComponent,id,COMPONENTS.ID,integer,,2469,"","",Not mapped
CatalogComponent,catalog_id,COMPONENTS.MKEY,integer,,10318,"","",Not mapped. Foreign key to Catalog.id
CatalogComponent,component,COMPONENTS.COMPONENT,string,500,whole specimen(s),"","",""
CatalogComponent,quantity,COMPONENTS.QUANTITY,integer,10,2,"","",""
CatalogComponent,location,COMPONENTS.LOCATION,string,200,,"","",""
CatalogComponent,location_date,COMPONENTS.LOCATION_DATE,string,11,,"","",""
CatalogComponent,condition,COMPONENTS.CONDITION,string,200,,"","",""
CatalogComponent,condition_date,COMPONENTS.CONDITION_DATE,string,11,,"","",""
CatalogComponent,note,COMPONENTS.NOTE,string,4000,"1 vial, 2 slide","","",""
