model,field_name,MIMSY_field_name,field_type,field_length,field_example,emu_module,emu_column,migration_instructions
CatalogTitle,id,TITLES.ID,integer,,591160,"","",Not mapped
CatalogTitle,catalog_id,TITLES.MKEY,integer,,328319,"","",Not mapped. Foreign key to Catalog.id
CatalogTitle,prior_title,TITLES.PRIOR_TITLE,boolean,,false,"","",""
CatalogTitle,type,TITLES.TNA_TYPE,string,100,title,"","",""
CatalogTitle,title,TITLES.TITLE,string,500,metacarpal,"","",""
CatalogTitle,attributor,TITLES.ATTRIBUTOR,string,500,,"","",""
CatalogTitle,attribution_date,TITLES.ATTRIB_DATE,string,11,,"","",""
