model,field_name,MIMSY_field_name,field_type,field_length,field_example,emu_module,emu_column,migration_instructions
CatalogMultifield,id,MULTIFIELDS.ID,integer,,4651,"","",Not mapped
CatalogMultifield,catalog_id,MULTIFIELDS.MKEY,integer,,60923,"","",Not mapped. Foreign key to Catalog.id
CatalogMultifield,descriptor,MULTIFIELDS.DESCRIPTOR,string,100,net mesh stretched size,"","",""
CatalogMultifield,term,MULTIFIELDS.TERM,string,500,On pine.,"","",""
CatalogMultifield,note,MULTIFIELDS.NOTE,string,4000,day 5 of experimental infection,"","",""
