model,field_name,MIMSY_field_name,field_type,field_length,field_example,emu_module,emu_column,migration_instructions
CatalogTaxon,id,ITEMS_TAXONOMY.AUTHLINKKEY,integer,,3301,"","",Not mapped
CatalogTaxon,catalog_id,ITEMS_TAXONOMY.MKEY,integer,,5042,"","",Not mapped. Foreign key to Catalog.id
CatalogTaxon,taxon_id,ITEMS_TAXONOMY.SPECKEY,integer,,503008,"","",Not mapped. Foreign key to Taxon.id
CatalogTaxon,sort,ITEMS_TAXONOMY.STEP,integer,10,,"","",""
CatalogTaxon,relationship,ITEMS_TAXONOMY.RELATIONSHIP,string,500,,"","",""
CatalogTaxon,type_status,ITEMS_TAXONOMY.AFFILIATION,string,500,PARATYPE,"","",""
CatalogTaxon,attribution_type,ITEMS_TAXONOMY.ATTRIB_TYPE,string,100,,"","",""
CatalogTaxon,identified_by,ITEMS_TAXONOMY.ATTRIBUTOR,string,500,"Chuang, C.C.","","",""
CatalogTaxon,date_identified,ITEMS_TAXONOMY.ATTRIB_DATE,string,11,2009-05,"","",""
CatalogTaxon,attribution_source,ITEMS_TAXONOMY.ATTRIB_SOURCE,string,500,,"","",""
CatalogTaxon,identifier_comment,ITEMS_TAXONOMY.ATTRIB_COMMENT,string,4000,"(close to badia in morphology, but not sulcate)","","",""
CatalogTaxon,note,ITEMS_TAXONOMY.NOTE,string,4000,specimens marked c,"","",""
CatalogTaxon,prior_attribution,ITEMS_TAXONOMY.PRIOR_ATTRIBUTION,boolean,,false,"","",""
CatalogTaxon,taxon_variation_id,ITEMS_TAXONOMY.TAXVARKEY,integer,,12330,"","",""
CatalogTaxon,type_specimen,ITEMS_TAXONOMY.TYPE_SPECIMEN,boolean,,true,"","",""
CatalogTaxon,scientific_name,ITEMS_TAXONOMY.TAXONOMY,string,4000,Anthonomus limitaris,"","",""
CatalogTaxon,higher_taxonomy,ITEMS_TAXONOMY.BROADER_TEXT,string,4000,Animalia; Annelida; Hirudinea; Glossiphoniidae; Placobdella,"","",""
