model,field_name,MIMSY_field_name,field_type,field_length,field_example,emu_module,emu_column,migration_instructions
Condition,catalog_id,CONDITION.M_ID,integer,,763312,"","",Not mapped. Foreign key to Catalog.id
Condition,id,CONDITION.CONDKEY,integer,,428,"","",Not mapped
Condition,current_record,CONDITION.CURRENT_RECORD,boolean,,true,"","",""
Condition,condition,CONDITION.CONDITION,string,100,broken,"","",""
Condition,condition_date,CONDITION.CONDITION_DATE,string,11,2015-02-05,"","",""
Condition,examined_by,CONDITION.EXAMINED_BY,string,500,"Currie, Margaret","","",""
Condition,purpose,CONDITION.PURPOSE,string,100,post-treatment,"","",""
Condition,component_accessory,CONDITION.COMPONENT_ACCESSORY,string,500,coracoid,"","",""
Condition,conservation_request_date,CONDITION.CONSERVATION_REQUEST_DATE,string,11,2013-10-11,"","",""
Condition,status,CONDITION.STATUS,string,100,closed,"","",""
Condition,status_date,CONDITION.STATUS_DATE,string,11,1997,"","",""
Condition,priority_flag1,CONDITION.PRIORITY_FLAG1,boolean,,false,"","",""
Condition,priority_flag2,CONDITION.PRIORITY_FLAG2,boolean,,false,"","",""
Condition,summary,CONDITION.SUMMARY,text,,"Tooth was treated with consolidant to prevent further deterioration. A volunteer applied Acryloid (a mixture of acetone and acrylic) liberally to all cracks and fissures. If repairs were required, standard white glue was used.","","",""
Condition,note,CONDITION.NOTE,string,4000,This is a cast of the holotype specimen at the Chicago FMNH,"","",""
Condition,audit_by,CONDITION.AUDIT_BY,string,500,"Currie, Margaret","","",""
Condition,audit_date,CONDITION.AUDIT_DATE,string,11,2013-10-11,"","",""
Condition,flag1,CONDITION.FLAG1,boolean,,false,"","",""
Condition,flag2,CONDITION.FLAG2,boolean,,false,"","",""
Condition,flag3,CONDITION.FLAG3,boolean,,false,"","",""
Condition,flag4,CONDITION.FLAG4,boolean,,false,"","",""
Condition,create_date,CONDITION.CREATE_DATE,datetime,,2015-08-19 15:15:57 UTC,"","",""
Condition,created_by,CONDITION.CREATED_BY,string,32,MCURRIE,"","",""
Condition,update_date,CONDITION.UPDATE_DATE,datetime,,2017-07-19 14:19:57 UTC,"","",""
Condition,updated_by,CONDITION.UPDATED_BY,string,32,MCURRIE,"","",""
