model,field_name,MIMSY_field_name,field_type,field_length,field_example,emu_module,emu_column,migration_instructions
ConservationDetail,id,CONSERVATION_DETAILS.CONSMATKEY,integer,,4725,"","",Not mapped
ConservationDetail,conservation_id,CONSERVATION_DETAILS.CONSKEY,integer,,3341,"","",Not mapped. Foreign key to Conservation.id
ConservationDetail,material,CONSERVATION_DETAILS.MATERIAL,string,100,70% Ethanol,"","",""
ConservationDetail,area_applied,CONSERVATION_DETAILS.AREA_APPLIED,string,500,ramus,"","",""
ConservationDetail,applied_by,CONSERVATION_DETAILS.APPLIED_BY,string,100,"Shepherd, Kieran","","",""
ConservationDetail,date_applied,CONSERVATION_DETAILS.DATE_APPLIED,string,11,,"","",""
ConservationDetail,date_removed,CONSERVATION_DETAILS.DATE_REMOVED,string,11,,"","",""
ConservationDetail,note,CONSERVATION_DETAILS.NOTE,string,4000,"Full KFMT value: Previously preserved in Queen's University unknown preservative (test), 70% Et","","",""
