model,field_name,MIMSY_field_name,field_type,field_length,field_example,emu_module,emu_column,migration_instructions
DisposalSource,id,DISPOSAL_SOURCES.ID,integer,,1186,"","",Not mapped
DisposalSource,disposal_id,DISPOSAL_SOURCES.AKEY,integer,,136,"","",Not mapped. Foreign key to Disposal.id
DisposalSource,person_id,DISPOSAL_SOURCES.LINK_ID,integer,,4,"","",Not mapped. Foreign key to Person.id
DisposalSource,person_variation_id,DISPOSAL_SOURCES.NVARKEY,integer,,26510,"","",Not mapped. Foreign key to PersonVariation.id
DisposalSource,source,DISPOSAL_SOURCES.SOURCE,string,4000,"McAllister, Donald E.","","",""
DisposalSource,source_role,DISPOSAL_SOURCES.SOURCE_ROLE,string,100,donor,"","",""
DisposalSource,contact,DISPOSAL_SOURCES.CONTACT,string,500,Mike Oldham,"","",""
DisposalSource,address,DISPOSAL_SOURCES.ADDRESS,string,500,"Karl-Franzens-Universität Graz (GZU)
Institut für Botanik
Holteigasse 6
A-8010 Graz
Austria","","",""
DisposalSource,amount_paid,DISPOSAL_SOURCES.AMOUNT_PAID,decimal,,,"","",""
DisposalSource,note,DISPOSAL_SOURCES.NOTE,string,4000,Florida Power Corporation,"","",""
DisposalSource,unlinked_value,DISPOSAL_SOURCES.UNLINKED_VALUE,string,500,old staff,"","",""
