model,field_name,MIMSY_field_name,field_type,field_length,field_example,emu_module,emu_column,migration_instructions
Disposal,id,DISPOSALS.AKEY,integer,,35392,"","",Not mapped
Disposal,reference_number,DISPOSALS.REF_NUMBER,string,48,1934-025,"","",""
Disposal,status,DISPOSALS.STATUS,string,100,final approval; closed,"","",""
Disposal,status_date,DISPOSALS.STATUS_DATE,string,11,1994-02-17,"","",""
Disposal,requested_by,DISPOSALS.REQUESTED_BY,string,500,"Steigerwald, Michèle","","",""
Disposal,request_date,DISPOSALS.REQUEST_DATE,string,11,1927-03-30,"","",""
Disposal,authorized_by,DISPOSALS.AUTHORIZED_BY,string,500,"Armstrong, R. Kenneth","","",""
Disposal,date_authorized,DISPOSALS.DATE_AUTHORIZED,string,11,1994-11-22,"","",""
Disposal,method,DISPOSALS.METHOD,string,500,"disposed of in drums, waste to be picked up by same company as for waste alcohol/formalin","","",""
Disposal,legal_date,DISPOSALS.LEGAL_DATE,string,11,1916-08-02,"","",""
Disposal,recipient,DISPOSALS.RECIPIENT,string,500,"Arnold, Edwin W.","","",""
Disposal,reason,DISPOSALS.REASON,string,4000,Microscope slides of parasites (Acq. IZ1991-050).  No scientific value for the CMN collections.,"","",""
Disposal,total_requested,DISPOSALS.TOTAL_REQUESTED,string,4000,1,"","",""
Disposal,total_approved,DISPOSALS.TOTAL_APPROVED,integer,10,148,"","",""
Disposal,decision_reason,DISPOSALS.DECISION_REASON,string,4000,"The specimens were originally loaned to a post-doctoral fellow, Dr. Labbish N. Chao in Sept. 1976 and subsequently accidently catalogued into the CMN Ichthyology Collection.","","",""
Disposal,external_file,DISPOSALS.EXTERNAL_FILE,string,500,Registrar's Office,"","",""
Disposal,note,DISPOSALS.NOTE,string,4000,"Environemnt Canada; Lakes Research Branch; Burlington, Ontario","","",""
Disposal,flag1,DISPOSALS.FLAG1,boolean,,false,"","",""
Disposal,flag2,DISPOSALS.FLAG2,boolean,,false,"","",""
Disposal,created_by,DISPOSALS.CREATED_BY,string,32,PFRANK,"","",""
Disposal,create_date,DISPOSALS.CREATE_DATE,datetime,,2013-02-18 11:55:16 UTC,"","",""
Disposal,updated_by,DISPOSALS.UPDATED_BY,string,32,PFRANK,"","",""
Disposal,update_date,DISPOSALS.UPDATE_DATE,datetime,,2012-10-31 15:26:27 UTC,"","",""
