model,field_name,MIMSY_field_name,field_type,field_length,field_example,emu_module,emu_column,migration_instructions
EventPerson,id,EVENTS_PEOPLE.AUTHLINKKEY,integer,,2473851,"","",Not mapped
EventPerson,event_id,EVENTS_PEOPLE.VKEY,integer,,81,"","",Not mapped. Foreign key to Event.id
EventPerson,person_id,EVENTS_PEOPLE.LINK_ID,integer,,147,"","",Not mapped. Foreign key to Person.id
EventPerson,relationship,EVENTS_PEOPLE.RELATIONSHIP,string,500,sponsor,"","",""
EventPerson,begin_date,EVENTS_PEOPLE.BEGIN_DATE,string,11,1987,"","",""
EventPerson,end_date,EVENTS_PEOPLE.END_DATE,string,11,1990,"","",""
EventPerson,note,EVENTS_PEOPLE.NOTE,string,4000,Sweden suite,"","",""
EventPerson,prior_attribution,EVENTS_PEOPLE.PRIOR_ATTRIBUTION,boolean,,false,"","",""
EventPerson,name,EVENTS_PEOPLE.NAME,string,4000,"Ercit, T. Scott","","",""
