model,field_name,MIMSY_field_name,field_type,field_length,field_example,emu_module,emu_column,migration_instructions
Event,id,EVENTS.VKEY,integer,,96,"","",Not mapped
Event,mev_id,EVENTS.MEV_ID,decimal,,81.0,"","",""
Event,language,EVENTS.LANGUAGE,string,3,eng,"","",""
Event,full_name,EVENTS.FULL_NAME,string,500,"Canadian-Arctic Permafrost Expedition, 1951. Purdue University - Corps of Engineers, U.S.A.","","",""
Event,brief_name,EVENTS.BRIEF_NAME,string,100,Pinch Collection Acquisition,"","",""
Event,category,EVENTS.CATEGORY1,string,100,scientific,"","",""
Event,occurrence_type,EVENTS.OCCURENCE_TYPE,string,100,annual,"","",""
Event,begin_date,EVENTS.BEGIN_DATE,string,11,2004-08-03,"","",""
Event,end_date,EVENTS.END_DATE,string,11,1959,"","",""
Event,duration,EVENTS.DURATION,integer,10,1,"","",""
Event,duration_unit,EVENTS.DURATION_UNIT,string,100,year,"","",""
Event,current_status,EVENTS.CURRENT_STATUS,string,100,complete,"","",""
Event,description,EVENTS.DESCRIPTION,text,,"investigated Arctic Ocean and Canada Arctic archipelago.  Vessel ""Karluk"" lost off Wrangell Island during winter of 1914","","",""
Event,publish,EVENTS.PUBLISH,boolean,,false,"","",""
Event,flag1,EVENTS.FLAG1,boolean,,false,"","",""
Event,flag2,EVENTS.FLAG2,boolean,,false,"","",""
Event,sort_name,EVENTS.SORT_NAME,string,500,CANADIAN ARCTIC EXPEDITION: NORTHERN PARTY,"","",""
Event,created_by,EVENTS.CREATED_BY,string,32,MBOUCHARD,"","",""
Event,create_date,EVENTS.CREATE_DATE,datetime,,2015-02-05 11:17:56 UTC,"","",""
Event,updated_by,EVENTS.UPDATED_BY,string,32,PFRANK,"","",""
Event,update_date,EVENTS.UPDATE_DATE,datetime,,2016-07-27 10:54:36 UTC,"","",""
