model,field_name,MIMSY_field_name,field_type,field_length,field_example,emu_module,emu_column,migration_instructions
EventVariation,id,EVENT_VARIATIONS.VVARKEY,integer,,12,"","",Not mapped
EventVariation,event_id,EVENT_VARIATIONS.VKEY,integer,,100,"","",Not mapped. Foreign key to Event.id
EventVariation,variation,EVENT_VARIATIONS.VARIATION,string,500,Grey Herbarium Expedition to Nova Scotia,"","",""
EventVariation,type,EVENT_VARIATIONS.VARIATION_TYPE,string,100,preferred term,"","",""
EventVariation,prior_attribution,EVENT_VARIATIONS.PRIOR_ATTRIBUTION,boolean,,false,"","",""
