model,field_name,MIMSY_field_name,field_type,field_length,field_example,emu_module,emu_column,migration_instructions
Group,id,GROUPS.GROUP_ID,integer,,2926,"","",Not mapped
Group,module,GROUPS.LINK_TYPE,integer,,1,"","",""
Group,group_area,GROUPS.GROUP_AREA,string,4000,catalogue,"","",""
Group,name,GROUPS.GROUP_NAME,string,100,AMNH loan CT frogs ,"","",""
Group,private_public,GROUPS.PRIVATE_PUBLIC,string,10,PRIVATE,egroups,GroupStatus,""
Group,group_type,GROUPS.GROUP_TYPE,string,100,Katherine Drotos request January 2015,"","",""
Group,group_owner,GROUPS.GROUP_OWNER,string,32,MCURRIE,"","",""
Group,department,GROUPS.DEPARTMENT,string,100,Registration,"","",""
Group,note,GROUPS.NOTE,string,4000,Brodo's Thailand collection,egroups,GroupDescription,""
Group,create_date,GROUPS.CREATE_DATE,datetime,,2014-11-14 09:51:55 UTC,"","",""
Group,updated_by,GROUPS.UPDATED_BY,string,30,JMGAGNON,"","",""
Group,update_date,GROUPS.UPDATE_DATE,datetime,,2013-09-19 16:37:15 UTC,"","",""
