model,field_name,MIMSY_field_name,field_type,field_length,field_example,emu_module,emu_column,migration_instructions
LoanVenue,id,LOAN_VENUES.ID,integer,,16,"","",Not mapped
LoanVenue,loan_id,LOAN_VENUES.LKEY,integer,,72,"","",Not mapped. Foreign key to Loan.id
LoanVenue,person_id,LOAN_VENUES.LINK_ID,integer,,2592,"","",Not mapped. Foreign key to Person.id
LoanVenue,venue,LOAN_VENUES.VENUE,string,4000,American Museum of Natural History,"","",""
LoanVenue,contact,LOAN_VENUES.CONTACT,string,500,Rudiger M. Schmelz,"","",""
LoanVenue,begin_date,LOAN_VENUES.BEGIN_DATE,string,11,2000-08-21,"","",""
LoanVenue,end_date,LOAN_VENUES.END_DATE,string,11,2000-12-21,"","",""
