model,field_name,MIMSY_field_name,field_type,field_length,field_example,emu_module,emu_column,migration_instructions
LoanCatalog,id,LOAN_ITEMS.LITMKEY,integer,,562,"","",Not mapped
LoanCatalog,loan_id,LOAN_ITEMS.LKEY,integer,,173,"","",Not mapped. Foreign key to Loan.id
LoanCatalog,catalog_id,LOAN_ITEMS.M_ID,integer,,559845,"","",Not mapped. Foreign key to Catalog.id
LoanCatalog,catalog_number,LOAN_ITEMS.ID_NUMBER,string,48,CAN 84077,"","",""
LoanCatalog,status,LOAN_ITEMS.STATUS,string,100,returned,"","",""
LoanCatalog,status_date,LOAN_ITEMS.STATUS_DATE,string,11,2007-07-27,"","",""
LoanCatalog,loan_date,LOAN_ITEMS.LOAN_DATE,datetime,,2007-02-09 00:00:00 UTC,"","",""
LoanCatalog,due_date,LOAN_ITEMS.DUE_DATE,datetime,,2004-07-08 00:00:00 UTC,"","",""
LoanCatalog,return_date,LOAN_ITEMS.RETURN_DATE,datetime,,2008-02-27 00:00:00 UTC,"","",""
LoanCatalog,return_confirmed_by,LOAN_ITEMS.RETURN_CONFIRMED_BY,string,500,"Laframboise, Sylvie","","",""
LoanCatalog,renewal_history,LOAN_ITEMS.RENEWAL_HISTORY,string,4000,April 2016 - renewal accepted until 2017-04-30.,"","",""
LoanCatalog,note,LOAN_ITEMS.NOTE,string,4000,"Rmandible frag, 0.372 g","","",""
LoanCatalog,description,LOAN_ITEMS.ITEM_SUMMARY,string,4000,"Mnium ambiguum
Baldwin, William K.W.
North America: Canada; Ontario, Cochrane Distr. (ON)
1957-08-24","","",""
LoanCatalog,flag1,LOAN_ITEMS.FLAG1,boolean,,false,"","",""
LoanCatalog,flag2,LOAN_ITEMS.FLAG2,boolean,,false,"","",""
LoanCatalog,catalogued,LOAN_ITEMS.CATALOGUED,boolean,,true,"","",""
LoanCatalog,id_sort,LOAN_ITEMS.ID_SORT,string,4000,CAN0335555,"","",""
LoanCatalog,created_by,LOAN_ITEMS.CREATED_BY,string,32,ANACTORIA,"","",""
LoanCatalog,create_date,LOAN_ITEMS.CREATE_DATE,datetime,,2009-11-24 16:21:05 UTC,"","",""
LoanCatalog,updated_by,LOAN_ITEMS.UPDATED_BY,string,32,XGVIEWS,"","",""
LoanCatalog,update_date,LOAN_ITEMS.UPDATE_DATE,datetime,,2016-08-15 11:23:26 UTC,"","",""
