model,field_name,MIMSY_field_name,field_type,field_length,field_example,emu_module,emu_column,migration_instructions
Loan,id,LOANS.LKEY,integer,,425,"","",Not mapped
Loan,direction,LOANS.DIRECTION,string,3,OUT,"","",""
Loan,loan_number,LOANS.LOAN_NUMBER,string,48,LP2005-0300,"","",""
Loan,person_id,LOANS.LINK_ID,integer,,3921,"","",Not mapped. Foreign key to Person.id
Loan,person_variation_id,LOANS.NVARKEY,integer,,43400,"","",Not mapped. Foreign key to PersonVariation.id
Loan,institution,LOANS.NAME,string,4000,"Scott, Eric","","",""
Loan,contact,LOANS.CONTACT,string,500,Geoff Levin,"","",""
Loan,address,LOANS.ADDRESS,string,500,"Academy of Natural Sciences
Malacology Department
1900 Benjamin Franklin Parkway
Philadelphia
Pennsylvania
19103-1195
USA","","",""
Loan,phone,LOANS.PHONE,string,50,420 224 497 912,"","",""
Loan,fax,LOANS.FAX,string,50,(514) 398-7476,"","",""
Loan,email,LOANS.EMAIL,string,100,r.vogt@bgbm.org,"","",""
Loan,requested_by,LOANS.REQUESTED_BY,string,500,"Doubt, Jennifer","","",""
Loan,request_date,LOANS.REQUEST_DATE,datetime,,2014-07-16 00:00:00 UTC,"","",""
Loan,authorized_by,LOANS.AUTHORIZED_BY,string,500,"Shepherd, Kieran M.","","",""
Loan,date_authorized,LOANS.DATE_AUTHORIZED,string,11,2014-09-24,"","",""
Loan,status,LOANS.STATUS,string,100,closed,"","",""
Loan,status_date,LOANS.STATUS_DATE,string,11,2011-02-09,"","",""
Loan,handled_by,LOANS.HANDLED_BY,string,500,"Génier, François","","",""
Loan,purpose,LOANS.PURPOSE,string,500,research,"","",""
Loan,loan_start,LOANS.LOAN_START,string,11,2010-11-12,"","",""
Loan,loan_end,LOANS.LOAN_END,string,11,2017-01-20,"","",""
Loan,total_items,LOANS.TOTAL_ITEMS,integer,10,1,"","",""
Loan,total_requested,LOANS.TOTAL_REQUESTED,string,4000,0,"","",""
Loan,renewal_history,LOANS.RENEWAL_HISTORY,string,4000,August 2016 - extended until 2017-01-12.,"","",""
Loan,acknowledge_date,LOANS.ACKNOWLEDGE_DATE,datetime,,2007-12-13 00:00:00 UTC,"","",""
Loan,prelim_agree_date,LOANS.PRELIM_AGREE_DATE,datetime,,2005-07-05 00:00:00 UTC,"","",""
Loan,approval_date,LOANS.APPROVAL_DATE,datetime,,2008-06-10 00:00:00 UTC,"","",""
Loan,reject_date,LOANS.REJECT_DATE,datetime,,2000-06-08 00:00:00 UTC,"","",""
Loan,cancel_date,LOANS.CANCEL_DATE,datetime,,2000-08-21 00:00:00 UTC,"","",""
Loan,contract_date,LOANS.CONTRACT_DATE,datetime,,2009-05-01 00:00:00 UTC,"","",""
Loan,contract_terms,LOANS.CONTRACT_TERMS,text,,"","","",""
Loan,prelim_conditions,LOANS.PRELIM_CONDITIONS,string,4000,The borrower is permitted to section and mount one (1) specimen from each sample.,"","",""
Loan,actual_cost,LOANS.ACTUAL_COST,string,13,0.00,"","",""
Loan,projected_cost,LOANS.PROJECTED_COST,string,13,0.00,"","",""
Loan,insurance_paid_by,LOANS.INSURANCE_PAID_BY,string,500,American Museum of Natural History,"","",""
Loan,shipping_paid_by,LOANS.SHIPPING_PAID_BY,string,500,Royal Tyrrell Museum of Palaeontology,"","",""
Loan,reviewed_by,LOANS.REVIEWED_BY,string,500,"Fitzgerald, G.R.","","",""
Loan,review_date,LOANS.REVIEW_DATE,datetime,,2000-06-08 00:00:00 UTC,"","",""
Loan,review_comments,LOANS.REVIEW_COMMENTS,string,4000,Rejected because of legal sensitivities.,"","",""
Loan,external_file,LOANS.EXTERNAL_FILE,string,500,Registrar's Office,"","",""
Loan,note,LOANS.NOTE,string,4000,Trasnferred to Dan Boivin for the Animals Inside Out exhibit - LP2015-0064.,"","",""
Loan,option1,LOANS.OPTION1,string,4000,fluid specimens- Orchestoidea sp- Talitrid,"","",""
Loan,date1,LOANS.DATE1,datetime,,2011-08-04 00:00:00 UTC,"","",""
Loan,flag1,LOANS.FLAG1,boolean,,false,"","",""
Loan,flag2,LOANS.FLAG2,boolean,,false,"","",""
Loan,created_by,LOANS.CREATED_BY,string,32,NBOASE,"","",""
Loan,create_date,LOANS.CREATE_DATE,datetime,,2011-11-14 10:23:33 UTC,"","",""
Loan,update_date,LOANS.UPDATE_DATE,datetime,,2016-08-15 10:52:06 UTC,"","",""
Loan,updated_by,LOANS.UPDATED_BY,string,32,XGVIEWS,"","",""
