model,field_name,MIMSY_field_name,field_type,field_length,field_example,emu_module,emu_column,migration_instructions
MediumPublication,id,MEDIA_PUBLICATIONS.AUTHLINKKEY,integer,,3038263,"","",Not mapped
MediumPublication,publication_id,MEDIA_PUBLICATIONS.PKEY,integer,,7855,"","",Not mapped. Foreign key to Publication.id
MediumPublication,medium_id,MEDIA_PUBLICATIONS.MEDIAKEY,integer,,6582,"","",Not mapped. Foreign key to Medium.id
MediumPublication,prior_attribution,MEDIA_PUBLICATIONS.PRIOR_ATTRIBUTION,boolean,,false,"","",""
MediumPublication,illustration,MEDIA_PUBLICATIONS.ILLUSTRATION,boolean,,false,"","",""
MediumPublication,publication,MEDIA_PUBLICATIONS.PUBLICATION,string,4000,"Cobitis elazigensis, a new species of cobitidid fish from Anatolia, Turkey.","","",""
MediumPublication,publication_date,MEDIA_PUBLICATIONS.PUBLICATION_DATE,string,4000,2013-10-02,"","",""
