model,field_name,MIMSY_field_name,field_type,field_length,field_example,emu_module,emu_column,migration_instructions
MediumPlace,id,MEDIA_PLACES.AUTHLINKKEY,integer,,2483370,"","",Not mapped
MediumPlace,place_id,MEDIA_PLACES.PLACEKEY,integer,,17,"","",Not mapped. Foreign key to Place.id
MediumPlace,medium_id,MEDIA_PLACES.MEDIAKEY,integer,,3374,"","",Not mapped. Foreign key to Medium.id
MediumPlace,prior_attribution,MEDIA_PLACES.PRIOR_ATTRIBUTION,boolean,,false,"","",""
MediumPlace,place,MEDIA_PLACES.PLACE,string,4000,"North America: United States, Alaska","","",""
