model,field_name,MIMSY_field_name,field_type,field_length,field_example,emu_module,emu_column,migration_instructions
Medium,id,MEDIA.MEDIAKEY,integer,,1717,"","",Not mapped
Medium,language,MEDIA.LANGUAGE,string,3,eng,"","",Not mapped
Medium,media_id,MEDIA.MEDIA_ID,string,100,CAN 39479Xsl.jpg,emultimedia,MulTitle,""
Medium,locator,MEDIA.LOCATOR,string,500,\\n-nas1.mus-nature.ca\dept\MIMSY\MMImage\Botany\VascPlant\,"","",Windows file path. Not mapped.
Medium,record_type,MEDIA.RECORD_TYPE,string,50,IMAGE,emultimedia,DetResourceType,""
Medium,repro_allowed,MEDIA.REPRO_ALLOWED,boolean,,true,"","",""
Medium,branded,MEDIA.BRANDED,boolean,,false,"","",""
Medium,media,MEDIA.MEDIA,string,100,digital image,"","",""
Medium,format,MEDIA.FORMAT,string,100,JPEG,emultimedia,ChaMediaForm,""
Medium,thumbnail,MEDIA.THUMBNAIL,boolean,,true,"","",""
Medium,publish,MEDIA.PUBLISH,boolean,,true,emultimedia,AdmPublishWebNoPassword,"If value is false or null, mark both Publish on Internet and Intranet as No; if value is true, mark both as Yes."
Medium,primary,MEDIA.PRIMARY,integer,,1,"","",""
Medium,parent_id,MEDIA.BROADER_KEY,integer,10,1073,"","",""
Medium,larger_file,MEDIA.LARGER_FILE,string,4000,\\n-nas1.mus-nature.ca\dept\MIMSY\MMImage\Botany\VascPlant\CAN 25033xs.jpg,"","",""
Medium,stereo,MEDIA.STEREO,boolean,,false,"","",""
Medium,color,MEDIA.COLOR,boolean,,false,"","",""
Medium,bitdepth_image,MEDIA.BITDEPTH_IMAGE,integer,2,24,"","",""
Medium,media_type,MEDIA.MEDIA_TYPE,string,100,digital,"","",""
Medium,physical_location,MEDIA.PHYSICAL_LOCATION,string,500,: Fossil Vertebrates Dino 1 CD,"","",""
Medium,location_date,MEDIA.LOCATION_DATE,datetime,,2003-01-21 00:00:00 UTC,"","",""
Medium,location_status,MEDIA.LOCATION_STATUS,string,100,onsite,"","",""
Medium,caption,MEDIA.CAPTION,string,500,Clarke field notebook - 1965,"","",""
Medium,credit_line,MEDIA.CREDIT_LINE,string,500,© Canadian Museum of Nature,emultimedia,DetRights,""
Medium,resolution,MEDIA.RESOLUTION,string,24,600 dpi,"","",""
Medium,horizontal_size,MEDIA.H_SIZE,integer,10,640,"","",""
Medium,vertical_size,MEDIA.V_SIZE,integer,10,674,"","",""
Medium,orientation,MEDIA.ORIENTATION,string,,H,"","",""
Medium,media_count,MEDIA.MEDIA_COUNT,decimal,,1.0,"","",""
Medium,item_count,MEDIA.ITEM_COUNT,integer,10,1,"","",""
Medium,file_size,MEDIA.FILE_SIZE,integer,12,440660,"","",""
Medium,date_captured,MEDIA.DATE_CAPTURED,datetime,,2010-06-22 00:00:00 UTC,emultimedia,DetDate0,""
Medium,capture_method,MEDIA.CAPTURE_METHOD,string,500,digital camera,"","",""
Medium,capture_device,MEDIA.CAPTURE_DEVICE,string,500,Epson Expression 1640 XL,emultimedia,DetSource,""
Medium,captured_by,MEDIA.CAPTURED_BY,string,500,"Leung, Shan",emultimedia,MulCreator_tab,""
Medium,storage_media,MEDIA.STORAGE_MEDIA,string,500,CD,"","",""
Medium,note,MEDIA.NOTE,string,4000,Probably created in 2009; Photographed with hand-held camera by contractor for Atlantic Canada Conservation Data Centre,emultimedia,SupNotes0,""
Medium,flag1,MEDIA.FLAG1,boolean,,false,"","",""
Medium,flag2,MEDIA.FLAG2,boolean,,false,"","",""
Medium,created_by,MEDIA.CREATED_BY,string,32,MGAUDET,"","",""
Medium,create_date,MEDIA.CREATE_DATE,datetime,,2012-02-27 08:29:12 UTC,"","",""
Medium,updated_by,MEDIA.UPDATED_BY,string,32,XGVIEWS,"","",""
Medium,update_date,MEDIA.UPDATE_DATE,datetime,,2016-10-26 15:55:10 UTC,"","",""
