model,field_name,MIMSY_field_name,field_type,field_length,field_example,emu_module,emu_column,migration_instructions
SiteMedium,id,SITES_MEDIA.AUTHLINKKEY,integer,,2482054,"","",Not mapped
SiteMedium,medium_id,SITES_MEDIA.MEDIAKEY,integer,,2915,"","",Not mapped. Foreign key to Medium.id
SiteMedium,site_id,SITES_MEDIA.SKEY,integer,,380112,"","",Not mapped. Foreign key to Site.id
SiteMedium,prior_attribution,SITES_MEDIA.PRIOR_ATTRIBUTION,boolean,,false,"","",""
SiteMedium,media,SITES_MEDIA.MEDIA,string,4000,Herrington1962_1s.jpg,"","",""
