model,field_name,MIMSY_field_name,field_type,field_length,field_example,emu_module,emu_column,migration_instructions
Site,id,SITES.SKEY,integer,,3286,"","",Not mapped
Site,language,SITES.LANGUAGE,string,3,eng,"","",""
Site,site_id,SITES.SITE_ID,string,48,CMNA 1987-0165,esites,SitSiteNumber,""
Site,site_type,SITES.SITE_TYPE,string,100,lake; stream/river,esites,LocSiteType,""
Site,site_name,SITES.SITE_NAME,string,500,ELB 1957 H04b,esites,SitSiteName_tab,""
Site,environment,SITES.SITE_CLASS,string,500,freshwater,"","",""
Site,description,SITES.DESCRIPTION,string,4000,Prince Edward Island  Kings Co  Sturgeon,esites,LocPreciseLocation,""
Site,site_date,SITES.SITE_DATE,string,500,1960-04-22,ecollectionevents,ColVerbatimDate,"Retrieve collection event through link to Catalog via CatalogSite; where possible, parse content into ecollectionevents:ColDateVisitedFrom, ecollectionevents:ColDateVisitedTo, ecollectionevents:ColTimeVisitedFrom, and ecollectionevents:ColTimeVisitedTo"
Site,location,SITES.LOCATION,string,500,"North America: Canada; Northwest Territories, Keewatin District","","",""
Site,location_accuracy,SITES.LOCATION_ACCURACY,string,500,primary,esites,LatGeoreferencingNotes0,""
Site,start_latitude,SITES.START_LATITUDE,string,50,53° 51' N,esites,LatLatitude_nesttab,""
Site,start_longitude,SITES.START_LONGITUDE,string,50,"70° 28' 15"" W",esites,LatLongitude_nesttab,"Make LatCentroidType_tab = ""Start"" for start coordinate"
Site,end_latitude,SITES.END_LATITUDE,string,50,"46° 14' 43"" N",esites,LatLatitude_nesttab,""
Site,end_longitude,SITES.END_LONGITUDE,string,50,"127° 56' 19"" W",esites,LatLongitude_nesttab,"Make LatCentroidType_tab = ""End"" for end coordinate"
Site,utm_start,SITES.UTM_START,string,100,Zone 13; Northing 5217021; Easting 521464; Datum NAD27,esites,MapUTMVerbatim_tab,"Parse the values here into MapZone_tab, MapEasting0, and MapNorthing0. Put ""Start"" in MapUTMComment_tab. Most values will be in the form ""Zone 16; Northing 5610010; Easting 678499"""
Site,utm_end,SITES.UTM_END,string,100,,esites,MapUTMVerbatim_tab,"Parse the values here into MapZone_tab, MapEasting0, and MapNorthing0. Put ""End"" in MapUTMComment_tab. Most values will be in the form ""Zone 16; Northing 5610010; Easting 678499"""
Site,start_latitude_dec,SITES.START_LATITUDE_DEC,decimal,,49.150278,esites,LatLatitudeDecimal_nesttab,""
Site,start_longitude_dec,SITES.START_LONGITUDE_DEC,decimal,,-66.666667,esites,LatLongitudeDecimal_nesttab,""
Site,end_latitude_dec,SITES.END_LATITUDE_DEC,decimal,,43.342917,esites,LatLatitudeDecimal_nesttab,""
Site,end_longitude_dec,SITES.END_LONGITUDE_DEC,decimal,,-64.947778,esites,LatLongitudeDecimal_nesttab,""
Site,decimal_is_primary,SITES.DECIMAL_IS_PRIMARY,boolean,,false,"","",""
Site,coord_uncertainty,SITES.COORD_UNCERTAINTY,decimal,,10.0,esites,LatRadiusNumeric_tab,""
Site,coord_uncertainty_verb,SITES.COORD_UNCERTAINTY_VERB,string,50,<20 km,esites,LatRadiusVerbatim_tab,""
Site,uncertainty_unit,SITES.UNCERTAINTY_UNIT,string,10,km,esites,LatRadiusUnit_tab,""
Site,georef_status,SITES.GEOREF_STATUS,string,100,reviewed - high confidence,esites,"",""
Site,georef_source,SITES.GEOREF_SOURCE,string,500,NTS map 89B,esites,LatDetSource_tab,""
Site,geodetic_datum,SITES.GEODETIC_DATUM,string,500,NAD27,esites,LatDatum_tab,""
Site,measurements,SITES.MEASUREMENTS,string,500,>2 m.,"","",""
Site,elevation,SITES.ELEVATION,string,500,6000',esites,LocElevationASLFromMt,"Values here may include all manner of values, ranges, and units. Please parse and convert these values into meters when required and also populate LocElevationASLToMt as appropriate when ranges are indicated."
Site,topography,SITES.TOPOGRAPHY,string,500,"rock pools, stones, sand",esites,TerTopography,""
Site,ecological_zones,SITES.ECOLOGICAL_ZONES,string,500,LW to HW level,esites,HabHabitatRemarks,""
Site,vegetation,SITES.VEGETATION,string,4000,kelp,esites,TerVegetation,""
Site,disturbance_factors,SITES.DISTURBANCE_FACTORS,string,4000,polluted by sawmill,esites,CulDisturbance,""
Site,condition,SITES.CONDITION,string,4000,wave exposed,esites,CulCondition,""
Site,owner,SITES.OWNER,string,500,C. Anderson,esites,SitSiteOwner_tab,""
Site,register_status,SITES.REGISTER_STATUS,string,100,CSS Hudson,ecollectionevents,ExpVesselName,Retrieve collection event through link to Catalog via CatalogSite
Site,archaeological_status,SITES.ARCHAEOLOGICAL_STATUS,string,100,Canadian Arctic Expedition 1913-1916,ecollectionevents,ExpExpeditionName,Retrieve collection event through link to Catalog via CatalogSite; also put content in esites:CulExpeditionName_tab
Site,jurisdiction,SITES.JURISDICTION,string,500,,esites,SitJursidiction,""
Site,site_designation,SITES.SITE_DESIGNATION,string,500,Rhodesia on label,esites,CulResearchCategory_tab,""
Site,research_activity,SITES.RESEARCH_ACTIVITY,string,500,"(""Operation Hazen"" - International Geophysical Year 1857-8)",esites,CulResearchActivity_tab,""
Site,recommendations,SITES.RECOMMENDATIONS,string,4000,involvement of Farley Mowat doubtful,esites,LocNotes,""
Site,note,SITES.NOTE,string,4000,Curator geo. id.: 32,esites,NotNotes,""
Site,publish,SITES.PUBLISH,boolean,,true,esites,AdmPublishWebNoPassword,"If value is false or null, mark both Publish on Internet and Intranet as No; if value is true, mark both as Yes."
Site,option1,SITES.OPTION1,string,4000,"HMS ""Stella Maris""","","",""
Site,option2,SITES.OPTION2,string,1000,Gear type: Petersen grab,"","",""
Site,flag1,SITES.FLAG1,boolean,,false,"","",""
Site,flag2,SITES.FLAG2,boolean,,false,"","",""
Site,sort_prefix,SITES.SORT_PREFIX,string,6,H,"","",""
Site,sort1,SITES.SORT1,string,7,001982,"","",""
Site,sort2,SITES.SORT2,string,7,000000,"","",""
Site,sort3,SITES.SORT3,string,7,000020,"","",""
Site,sort4,SITES.SORT4,string,7,000000,"","",""
Site,sort5,SITES.SORT5,string,7,000000,"","",""
Site,create_date,SITES.CREATE_DATE,datetime,,1999-07-19 00:00:00 UTC,"","",""
Site,created_by,SITES.CREATED_BY,string,32,CONVERSION,"","",""
Site,update_date,SITES.UPDATE_DATE,datetime,,2011-09-28 08:00:27 UTC,"","",""
Site,updated_by,SITES.UPDATED_BY,string,32,XGVIEWS,"","",""
