model,field_name,MIMSY_field_name,field_type,field_length,field_example,emu_module,emu_column,migration_instructions
SitePermit,site_id,SITE_PERMITS.SKEY,integer,,361650,"","",Not mapped. Foreign key to Site.id
SitePermit,permit_number,SITE_PERMITS.PERMIT_NUMBER,string,100,02-003P,"","",""
SitePermit,permit_type,SITE_PERMITS.PERMIT_TYPE,string,100,NU (class 2),"","",""
SitePermit,issued_to,SITE_PERMITS.ISSUED_TO,string,500,"Pinard, Claude","","",""
SitePermit,issued_by,SITE_PERMITS.ISSUED_BY,string,500,Government of Nunavut,"","",""
SitePermit,date_issued,SITE_PERMITS.DATE_ISSUED,string,11,2007-04-01,"","",""
SitePermit,begin_date,SITE_PERMITS.BEGIN_DATE,string,11,2016-04-01,"","",""
SitePermit,end_date,SITE_PERMITS.END_DATE,string,11,2009-03-31,"","",""
SitePermit,note,SITE_PERMITS.NOTE,string,4000,Investigation for research into the 1845-1848 Franklin expedition.,"","",""
SitePermit,id,SITE_PERMITS.ID,integer,,259,"","",Not mapped
