model,field_name,MIMSY_field_name,field_type,field_length,field_example,emu_module,emu_column,migration_instructions
SiteFeature,site_id,SITE_FEATURES.SKEY,integer,,577168,"","",Not mapped. Foreign key to Site.id
SiteFeature,feature_type,SITE_FEATURES.FEATURE_TYPE,string,100,Lithic Scatter,"","",""
SiteFeature,note,SITE_FEATURES.NOTE,string,4000,Over 100 m south of the tent ring is a stacked pile of four rocks that may be the remains of an inukshuk.,"","",""
SiteFeature,id,SITE_FEATURES.ID,integer,,75,"","",Not mapped
