model,field_name,MIMSY_field_name,field_type,field_length,field_example,emu_module,emu_column,migration_instructions
SitePhoto,site_id,SITE_PHOTOS.SKEY,integer,,410474,"","",Not mapped. Foreign key to Site.id
SitePhoto,photo_number,SITE_PHOTOS.PHOTO_NUMBER,string,100,Q66 373-108,"","",""
SitePhoto,photo_type,SITE_PHOTOS.PHOTO_TYPE,string,100,black-and-white,"","",""
SitePhoto,photo_date,SITE_PHOTOS.PHOTO_DATE,string,11,1915,"","",""
SitePhoto,source,SITE_PHOTOS.SOURCE,string,500,CMN,"","",""
SitePhoto,note,SITE_PHOTOS.NOTE,string,4000,locality photo,"","",""
SitePhoto,id,SITE_PHOTOS.ID,integer,,154,"","",Not mapped
