model,field_name,MIMSY_field_name,field_type,field_length,field_example,emu_module,emu_column,migration_instructions
Taxon,id,TAXONOMY.SPECKEY,integer,,503115,"","",Not mapped
Taxon,language,TAXONOMY.LANGUAGE,string,3,eng,"","",Not mapped
Taxon,collection,TAXONOMY.TAXON_NAME,string,100,Zoology,"","",""
Taxon,reference_number,TAXONOMY.REFERENCE_NUMBER,string,48,,"","",""
Taxon,scientific_name,TAXONOMY.SCIENTIFIC_NAME,string,200,Aeschynomene pratensis,"","",""
Taxon,parent_path,TAXONOMY.MALE_SINGLE_PARENT,string,4000,Animalia; Annelida; Polychaeta; Opheliida; Opheliidae; Armandia,"","",""
Taxon,parent_id,TAXONOMY.BROADER_KEY1,integer,,502126,"","",""
Taxon,second_parent_path,TAXONOMY.FEMALE_MULTI_PARENT,string,4000,,"","",""
Taxon,broader_key2,TAXONOMY.BROADER_KEY2,decimal,,,"","",""
Taxon,hierarchy_level,TAXONOMY.HIERARCHY_LEVEL,integer,,29,"","",""
Taxon,rank,TAXONOMY.LEVEL_TEXT,string,100,species,etaxonomy,ClaRank,""
Taxon,authority,TAXONOMY.SOURCE,string,500,"Paulian, 1985","","",""
Taxon,source_date,TAXONOMY.SOURCE_DATE,string,100,,"","",""
Taxon,identification,TAXONOMY.IDENTIFICATION,string,4000,†,"","",""
Taxon,description,TAXONOMY.DESCRIPTION,string,4000,EXTINCT order of birds (fossil) - Jurassic/Cretaceous (Europe),"","",""
Taxon,habitat,TAXONOMY.HABITAT,string,4000,,"","",""
Taxon,range_distribution,TAXONOMY.RANGE_DISTRIBUTION,string,4000,,"","",""
Taxon,endangered_status,TAXONOMY.ENDANGERED_STATUS,string,100,Rare in Ontario,"","",""
Taxon,status_note,TAXONOMY.STATUS_NOTE,string,4000,,"","",""
Taxon,remarks,TAXONOMY.REMARKS,string,4000,(Hartmann-Schroeder  1965),"","",""
Taxon,note,TAXONOMY.NOTE,string,4000,Rare in Ontario,"","",""
Taxon,info_history,TAXONOMY.INFO_HISTORY,string,4000,"Vainio, E.A., 1887, Acta Societatis pro fauna et flora Fennica 4: 392","","",""
Taxon,modified,TAXONOMY.MODIFIED,boolean,,false,"","",""
Taxon,guide_term,TAXONOMY.GUIDE_TERM,boolean,,false,"","",""
Taxon,publish,TAXONOMY.PUBLISH,boolean,,false,etaxonomy,AdmPublishWebNoPassword,"If value is false or null, mark both Publish on Internet and Intranet as No; if value is true, mark both as Yes."
Taxon,sort_number,TAXONOMY.SORT_NUMBER,decimal,,22.0,"","",""
Taxon,option1,TAXONOMY.OPTION1,string,500,238 Plumbaginaceae,"","",""
Taxon,flag1,TAXONOMY.FLAG1,boolean,,false,"","",""
Taxon,flag2,TAXONOMY.FLAG2,boolean,,false,"","",""
Taxon,created_by,TAXONOMY.CREATED_BY,string,30,CONVERSION,"","",""
Taxon,create_date,TAXONOMY.CREATE_DATE,datetime,,1998-10-09 00:00:00 UTC,"","",""
Taxon,updated_by,TAXONOMY.UPDATED_BY,string,30,XGVIEWS,"","",""
Taxon,update_date,TAXONOMY.UPDATE_DATE,datetime,,2016-10-27 13:43:39 UTC,"","",""
