model,field_name,MIMSY_field_name,field_type,field_length,field_example,emu_module,emu_column,migration_instructions
Thesaurus,id,THESAURUS.CLASS_ID,integer,,1178912,"","",Not mapped
Thesaurus,language,THESAURUS.LANGUAGE,string,3,eng,"","",""
Thesaurus,thesaurus_system,THESAURUS.THES_SYSTEM,string,48,Archaeology,ethesaurus,HieThesaurus,""
Thesaurus,term,THESAURUS.TERM1_1,string,500,Pinniped Bone,ethesaurus,TerTerm,""
Thesaurus,alternate1,THESAURUS.TERM2_1,string,500,Haematite,"","",""
Thesaurus,alternate2,THESAURUS.TERM3_1,string,500,Endblade,"","",""
Thesaurus,level,THESAURUS.HIERARCHY_LEVEL,integer,2,4,"","",""
Thesaurus,parent_id,THESAURUS.BROADER_ID,integer,,1178861,ethesaurus,HieBroaderTerms_tab,Follow this parent_id to get the parent term
Thesaurus,broader_text,THESAURUS.BROADER_TEXT,string,4000,Artifacts; Artifacts for Domestic Life and Daily Activities; Children's Artifacts; Toys and Games; Games of Physical Skill,"","",""
Thesaurus,note,THESAURUS.NOTE,string,4000,"Applies to the component of muzzleloading firearms that consists of a small cylinder with one open end and which was secured in the gun barrel to protect the explosive primer, itself placed in the percussion cap, from rain and moisture.  The percussion cap system replaced the flintlock mechanism as a means of firing a gun and would eventually become incorporated into the gun cartridge and thus become a component of the ammunition rather than the firearm itself.",ethesaurus,TerScopeNotes,""
Thesaurus,comments,THESAURUS.COMMENTS,string,4000,Encompasses all categories of Chenhall's System for Classifying Man-Made Objects (third edition) except for the Structures classification and some members of the Site Features classification of Category 1 (Built Environment Artifacts)..,"","",""
Thesaurus,modified,THESAURUS.MODIFIED,boolean,,false,"","",""
Thesaurus,guide_term,THESAURUS.GUIDE_TERM,boolean,,false,"","",""
Thesaurus,source,THESAURUS.SOURCE,string,500,Adapted from the Canadian Museum of History materials database thesaurus for archaeological collections (preliminary version).,ethesaurus,HisSource_tab,""
Thesaurus,source_date,THESAURUS.SOURCE_DATE,string,11,2014-01-21,"","",""
Thesaurus,sort1,THESAURUS.SORT1,string,500,COMPOSITE MATERIALS,"","",""
Thesaurus,publish,THESAURUS.PUBLISH,boolean,,false,"","",""
Thesaurus,flag1,THESAURUS.FLAG1,boolean,,false,"","",""
Thesaurus,flag2,THESAURUS.FLAG2,boolean,,false,"","",""
Thesaurus,created_by,THESAURUS.CREATED_BY,string,32,SRUFOLO,ethesaurus,HisAuthor_tab,""
Thesaurus,create_date,THESAURUS.CREATE_DATE,datetime,,2015-03-25 13:36:01 UTC,ethesaurus,HisDateChanged0,""
Thesaurus,updated_by,THESAURUS.UPDATED_BY,string,32,XGVIEWS,ethesaurus,HisAuthor_tab,""
Thesaurus,update_date,THESAURUS.UPDATE_DATE,datetime,,2016-07-29 10:23:42 UTC,ethesaurus,HisDateChanged0,""
