model,field_name,MIMSY_field_name,field_type,field_length,field_example,emu_module,emu_column,migration_instructions
Valuation,catalog_id,VALUATION.M_ID,integer,,340639,"","",Not mapped. Foreign key to Catalog.id
Valuation,id,VALUATION.TRANS_ID,integer,,1,"","",Not mapped
Valuation,current_record,VALUATION.CURRENT_RECORD,boolean,,true,"","",""
Valuation,valuation,VALUATION.VALUATION,decimal,,2000000.0,"","",""
Valuation,valuation_date,VALUATION.VALUATION_DATE,string,11,1996-08-06,"","",""
Valuation,valuation_purpose,VALUATION.VALUATION_PURPOSE,string,100,,"","",""
Valuation,valuation_by,VALUATION.VALUATION_BY,string,500,,"","",""
Valuation,valuation_source,VALUATION.VALUATION_SOURCE,string,500,,"","",""
Valuation,external_file,VALUATION.EXTERNAL_FILE,string,500,,"","",""
Valuation,note,VALUATION.NOTE,string,4000,,"","",""
Valuation,flag1,VALUATION.FLAG1,boolean,,false,"","",""
Valuation,flag2,VALUATION.FLAG2,boolean,,false,"","",""
Valuation,create_date,VALUATION.CREATE_DATE,datetime,,2016-04-08 15:57:50 UTC,"","",""
Valuation,created_by,VALUATION.CREATED_BY,string,32,KSHEPHERD,"","",""
Valuation,update_date,VALUATION.UPDATE_DATE,datetime,,2016-04-08 15:57:50 UTC,"","",""
Valuation,updated_by,VALUATION.UPDATED_BY,string,32,MCURRIE,"","",""
