model,field_name,MIMSY_field_name,field_type,field_length,field_example,emu_module,emu_column,migration_instructions
Acquisition,id,ACQUISITIONS.AKEY,integer,,5186,"","",Not mapped
Acquisition,acquisition_number,ACQUISITIONS.REF_NUMBER,string,48,1923-030,eaccessionlots,AcqAcquisitionIdentifier,""
Acquisition,status,ACQUISITIONS.STATUS,string,100,approved,eaccessionlots,LotRecordType,""
Acquisition,status_date,ACQUISITIONS.STATUS_DATE,string,11,1977-01-25,"","",""
Acquisition,requested_by,ACQUISITIONS.REQUESTED_BY,string,500,"Madill, Jacqueline",eaccessionlots,AcqRecommededBy,""
Acquisition,request_date,ACQUISITIONS.REQUEST_DATE,string,11,1984-03-08,eaccessionlots,AcqRecommendedDate,""
Acquisition,authorized_by,ACQUISITIONS.AUTHORIZED_BY,string,500,"Robinson, George",eaccessionlots,AppApprovedBy_tab,Individual people names separated by semi-colons
Acquisition,date_authorized,ACQUISITIONS.DATE_AUTHORIZED,string,11,1975-09-29,eaccessionlots,AcqDateApproved,""
Acquisition,method,ACQUISITIONS.METHOD,string,500,donation,eaccessionlots,AcqAcquisitionMethod,""
Acquisition,legal_date,ACQUISITIONS.LEGAL_DATE,string,11,1919-01,eaccessionlots,AcqDateOwnership,""
Acquisition,legal_date_display,ACQUISITIONS.LEGAL_DATE_DISPLAY,string,100,1983-10-13,"","",""
Acquisition,reason,ACQUISITIONS.REASON,string,4000,Birds from New Brunswick.,eaccessionlots,AcqDescriptionOfRationale,""
Acquisition,total_requested,ACQUISITIONS.TOTAL_REQUESTED,string,4000,0,"","",""
Acquisition,total_approved,ACQUISITIONS.TOTAL_APPROVED,integer,10,1,eaccessionlots,LotQuantity_tab,""
Acquisition,decision_reason,ACQUISITIONS.DECISION_REASON,string,4000,This specimen is not represented in our collection.,"","",""
Acquisition,total_offer_price,ACQUISITIONS.TOTAL_OFFER_PRICE,decimal,,,"","",""
Acquisition,total_price,ACQUISITIONS.TOTAL_PRICE,decimal,,1605.0,"","",""
Acquisition,currency,ACQUISITIONS.CURRENCY,string,100,USD,"","",""
Acquisition,terms,ACQUISITIONS.TERMS,string,4000,File includes letter transferring title,"","",""
Acquisition,provisos,ACQUISITIONS.PROVISOS,string,4000,The donation has been made to the Canadian Museum of Nature and therefore the emerald would not end up in an Independent Quebec.,eaccessionlots,AcqRestrictionsProvisos_tab,""
Acquisition,external_file,ACQUISITIONS.EXTERNAL_FILE,string,500,Registrar's Office,"","",""
Acquisition,note,ACQUISITIONS.NOTE,string,4000,"CDC #2012-061
Category 3
Priority 3a & 3b",eaccessionlots,AcqAcquisitionRemarks,""
Acquisition,collection,ACQUISITIONS.OPTION1,string,4000,Bird,eaccessionlots,LotObjectType_tab,""
Acquisition,flag1,ACQUISITIONS.FLAG1,boolean,,false,"","",""
Acquisition,flag2,ACQUISITIONS.FLAG2,boolean,,false,"","",""
Acquisition,created_by,ACQUISITIONS.CREATED_BY,string,32,CONVERSION,"","",""
Acquisition,create_date,ACQUISITIONS.CREATE_DATE,datetime,,1999-09-01 00:00:00 UTC,"","",""
Acquisition,updated_by,ACQUISITIONS.UPDATED_BY,string,32,XGVIEWS,"","",""
Acquisition,update_date,ACQUISITIONS.UPDATE_DATE,datetime,,2016-08-15 11:29:29 UTC,"","",""
