model,field_name,MIMSY_field_name,field_type,field_length,field_example,emu_module,emu_column,migration_instructions
AcquisitionSource,id,ACQUISITION_SOURCES.ID,integer,,670,"","",Not mapped
AcquisitionSource,acquisition_id,ACQUISITION_SOURCES.AKEY,integer,,193,"","",Not mapped. Foreign key to Acquisition.id
AcquisitionSource,person_id,ACQUISITION_SOURCES.LINK_ID,integer,,6440,"","",Not mapped. Foreign key to Person.id
AcquisitionSource,person_variation_id,ACQUISITION_SOURCES.NVARKEY,integer,10,18492,"","",""
AcquisitionSource,source,ACQUISITION_SOURCES.SOURCE,string,4000,"Pinch, William W.","","",""
AcquisitionSource,source_role,ACQUISITION_SOURCES.SOURCE_ROLE,string,100,donor,"","",""
AcquisitionSource,contact,ACQUISITION_SOURCES.CONTACT,string,500,Anita Brinkmann-Voss,"","",""
AcquisitionSource,address,ACQUISITION_SOURCES.ADDRESS,string,500,"Université Laval
Herbier Louis-Marie
1030 avenue de la Médecine
Pavillon Charles-Eugène-Marchand
Local 0262
Québec
Québec
G1V 0A6
Canada","","",""
AcquisitionSource,amount_paid,ACQUISITION_SOURCES.AMOUNT_PAID,decimal,,,"","",""
AcquisitionSource,note,ACQUISITION_SOURCES.NOTE,string,4000,Florida Power Corporation,"","",""
AcquisitionSource,unlinked_value,ACQUISITION_SOURCES.UNLINKED_VALUE,string,500,geological survey,"","",""
