model,field_name,MIMSY_field_name,field_type,field_length,field_example,emu_module,emu_column,migration_instructions
CatalogPerson,id,ITEMS_PEOPLE.AUTHLINKKEY,integer,,1790489,"","",Not mapped
CatalogPerson,catalog_id,ITEMS_PEOPLE.MKEY,integer,,750705,"","",Not mapped. Foreign key to Catalog.id
CatalogPerson,person_id,ITEMS_PEOPLE.LINK_ID,integer,,23259,"","",Not mapped. Foreign key to Person.id
CatalogPerson,relationship,ITEMS_PEOPLE.RELATIONSHIP,string,500,dealer,"","",""
CatalogPerson,begin_date,ITEMS_PEOPLE.BEGIN_DATE,string,11,1998,"","",""
CatalogPerson,end_date,ITEMS_PEOPLE.END_DATE,string,11,2015,"","",""
CatalogPerson,note,ITEMS_PEOPLE.NOTE,string,4000,(GSC transfer of specimens)),"","",""
CatalogPerson,prior_attribution,ITEMS_PEOPLE.PRIOR_ATTRIBUTION,boolean,,false,"","",""
CatalogPerson,name,ITEMS_PEOPLE.NAME,string,4000,"Burkard, H.","","",""
