model,field_name,MIMSY_field_name,field_type,field_length,field_example,emu_module,emu_column,migration_instructions
CatalogCollectionPlace,id,ITEMS_PLACES_COLLECTED.AUTHLINKKEY,integer,,3551135,"","",Not mapped
CatalogCollectionPlace,catalog_id,ITEMS_PLACES_COLLECTED.MKEY,integer,,770833,"","",Not mapped. Foreign key to Catalog.id
CatalogCollectionPlace,place_id,ITEMS_PLACES_COLLECTED.PLACEKEY,integer,,2135,"",Not mapped. Foreign key to Place.id,""
CatalogCollectionPlace,specific_locale,ITEMS_PLACES_COLLECTED.SPECIFIC_LOCALE,string,500,,"","",""
CatalogCollectionPlace,habitat,ITEMS_PLACES_COLLECTED.HABITAT,string,500,,"","",""
CatalogCollectionPlace,relationship,ITEMS_PLACES_COLLECTED.RELATIONSHIP,string,500,,"","",""
CatalogCollectionPlace,portion,ITEMS_PLACES_COLLECTED.PORTION,string,500,,"","",""
CatalogCollectionPlace,attributor,ITEMS_PLACES_COLLECTED.ATTRIBUTOR,string,500,,"","",""
CatalogCollectionPlace,attribution_date,ITEMS_PLACES_COLLECTED.ATTRIB_DATE,string,11,,"","",""
CatalogCollectionPlace,attribution_comment,ITEMS_PLACES_COLLECTED.ATTRIB_COMMENT,string,4000,,"","",""
CatalogCollectionPlace,note,ITEMS_PLACES_COLLECTED.NOTE,string,4000,,"","",""
CatalogCollectionPlace,prior_attribution,ITEMS_PLACES_COLLECTED.PRIOR_ATTRIBUTION,boolean,,false,"","",""
CatalogCollectionPlace,place_variation_id,ITEMS_PLACES_COLLECTED.PLACEVARKEY,integer,10,,"","",""
CatalogCollectionPlace,place,ITEMS_PLACES_COLLECTED.PLACE,string,4000,"North America: United States, Rhode Island","","",""
