model,field_name,MIMSY_field_name,field_type,field_length,field_example,emu_module,emu_column,migration_instructions
CatalogSite,id,ITEMS_SITES.AUTHLINKKEY,integer,,2683333,"","",Not mapped
CatalogSite,catalog_id,ITEMS_SITES.MKEY,integer,,586282,"","",Not mapped. Foreign key to Catalog.id
CatalogSite,site_id,ITEMS_SITES.SKEY,integer,,544179,"","",Not mapped. Foreign key to Site.id
CatalogSite,specific_locale,ITEMS_SITES.SPECIFIC_LOCALE,string,500,,"","",""
CatalogSite,habitat,ITEMS_SITES.HABITAT,string,500,,"","",""
CatalogSite,relationship,ITEMS_SITES.RELATIONSHIP,string,500,,"","",""
CatalogSite,position,ITEMS_SITES.POSITION,string,500,,"","",""
CatalogSite,note,ITEMS_SITES.NOTE,string,4000,,"","",""
CatalogSite,prior_attribution,ITEMS_SITES.PRIOR_ATTRIBUTION,boolean,,false,"","",""
CatalogSite,site,ITEMS_SITES.SITE,string,4000,S&JP 2001.VI.10-17-CR (2001-10),"","",""
CatalogSite,start_latitude,ITEMS_SITES.START_LATITUDE,string,4000,"56,35","","",""
CatalogSite,start_longitude,ITEMS_SITES.START_LONGITUDE,string,4000,"-133,333667","","",""
CatalogSite,end_latitude,ITEMS_SITES.END_LATITUDE,string,4000,"68,783333","","",""
CatalogSite,end_longitude,ITEMS_SITES.END_LONGITUDE,string,4000,"-138,333333","","",""
