model,field_name,MIMSY_field_name,field_type,field_length,field_example,emu_module,emu_column,migration_instructions
CatalogEvent,id,ITEMS_EVENTS.AUTHLINKKEY,integer,,3039842,"","",Not mapped
CatalogEvent,catalog_id,ITEMS_EVENTS.MKEY,integer,,673931,"","",Not mapped. Foreign key to Catalog.id
CatalogEvent,event_id,ITEMS_EVENTS.VKEY,integer,,86,"","",Not mapped. Foreign key to Event.id
CatalogEvent,relationship,ITEMS_EVENTS.RELATIONSHIP,string,500,,"","",""
CatalogEvent,begin_date,ITEMS_EVENTS.BEGIN_DATE,string,11,1951,"","",""
CatalogEvent,end_date,ITEMS_EVENTS.END_DATE,string,11,1924,"","",""
CatalogEvent,prior_attribution,ITEMS_EVENTS.PRIOR_ATTRIBUTION,boolean,,false,"","",""
CatalogEvent,event,ITEMS_EVENTS.EVENT,string,4000,Lake St. Clair Mussel Study 2004-2005,"","",""
