model,field_name,MIMSY_field_name,field_type,field_length,field_example,emu_module,emu_column,migration_instructions
CatalogMaker,id,ITEMS_MAKERS.AUTHLINKKEY,integer,,2620408,"","",Not mapped
CatalogMaker,catalog_id,ITEMS_MAKERS.MKEY,integer,,580011,"","",Not mapped. Foreign key to Catalog.id
CatalogMaker,person_id,ITEMS_MAKERS.LINK_ID,integer,,27006,"","",Not mapped. Foreign key to Person.id
CatalogMaker,relationship,ITEMS_MAKERS.RELATIONSHIP,string,500,maker,"","",""
CatalogMaker,affiliation,ITEMS_MAKERS.AFFILIATION,string,500,,"","",""
CatalogMaker,prior_attribution,ITEMS_MAKERS.PRIOR_ATTRIBUTION,boolean,,false,"","",""
CatalogMaker,name,ITEMS_MAKERS.NAME,string,4000,"Traill, Catharine Parr","","",""
CatalogMaker,brief_bio,ITEMS_MAKERS.BRIEF_BIO,string,4000,Countess of Dalhousie,"","",""
