model,field_name,MIMSY_field_name,field_type,field_length,field_example,emu_module,emu_column,migration_instructions
CatalogName,id,ITEM_NAMES.ID,integer,,898,"","",Not mapped
CatalogName,catalog_id,ITEM_NAMES.MKEY,integer,,6717,"","",Not mapped. Foreign key to Catalog.id
CatalogName,prior_name,ITEM_NAMES.PRIOR_NAME,boolean,,false,"","",""
CatalogName,type,ITEM_NAMES.TNA_TYPE,string,100,item name,"","",""
CatalogName,scientific_name,ITEM_NAMES.ITEM_NAME,string,500,Alectoria ochroleuca,"","",""
CatalogName,attribution_type,ITEM_NAMES.ATTRIB_TYPE,string,100,,"","",""
CatalogName,attributor,ITEM_NAMES.ATTRIBUTOR,string,500,"Aiken, Susan","","",""
CatalogName,attribution_date,ITEM_NAMES.ATTRIB_DATE,string,11,2006-04-25,"","",""
CatalogName,attribution_source,ITEM_NAMES.ATTRIB_SOURCE,string,500,Studies in ARMERIA Wild.,"","",""
CatalogName,certainty,ITEM_NAMES.CERTAINTY,string,500,,"","",""
CatalogName,attribution_comment,ITEM_NAMES.ATTRIB_COMMENT,string,,=Papaver keelei Porsil,"","",""
CatalogName,note,ITEM_NAMES.NOTE,string,4000,specimens marked c,"","",""
