model,field_name,MIMSY_field_name,field_type,field_length,field_example,emu_module,emu_column,migration_instructions
CatalogPublication,id,ITEMS_PUBLICATIONS.AUTHLINKKEY,integer,,2639140,"","",Not mapped
CatalogPublication,catalog_id,ITEMS_PUBLICATIONS.MKEY,integer,,11493,"","",Not mapped. Foreign key to Catalog.id
CatalogPublication,publication_id,ITEMS_PUBLICATIONS.PKEY,integer,,1309,"","",Not mapped. Foreign key to Publication.id
CatalogPublication,relationship,ITEMS_PUBLICATIONS.RELATIONSHIP,string,500,referred,"","",""
CatalogPublication,plate_figure,ITEMS_PUBLICATIONS.POSITION,string,500,13 figs.,"","",""
CatalogPublication,note,ITEMS_PUBLICATIONS.NOTE,string,4000,,"","",""
CatalogPublication,prior_attribution,ITEMS_PUBLICATIONS.PRIOR_ATTRIBUTION,boolean,,false,"","",""
CatalogPublication,illustated,ITEMS_PUBLICATIONS.ILLUSTRATION,boolean,,false,"","",""
CatalogPublication,pages,ITEMS_PUBLICATIONS.PAGES,string,100,1109-1114,"","",""
CatalogPublication,publication,ITEMS_PUBLICATIONS.PUBLICATION,string,4000,"Comparison of parasites of mummichogs and sticklebacks from brackish and freshwater ponds on Sable Island, Nova Scotia.","","",""
CatalogPublication,publication_date,ITEMS_PUBLICATIONS.PUBLICATION_DATE,string,4000,1960,"","",""
