model,field_name,MIMSY_field_name,field_type,field_length,field_example,emu_module,emu_column,migration_instructions
CatalogAccessory,id,ACCESSORIES.ID,integer,,212464,"","",Not mapped
CatalogAccessory,catalog_id,ACCESSORIES.MKEY,integer,,413463,"","",Not mapped. Foreign key to Catalog.id
CatalogAccessory,accessory,ACCESSORIES.ACCESSORY,string,500,specimen photos,"","",""
CatalogAccessory,quantity,ACCESSORIES.QUANTITY,integer,10,1,"","",""
CatalogAccessory,location,ACCESSORIES.LOCATION,string,200,B5-142,"","",""
CatalogAccessory,location_date,ACCESSORIES.LOCATION_DATE,string,11,2014-07-08,"","",""
CatalogAccessory,condition_date,ACCESSORIES.CONDITION_DATE,string,11,1979-08-29,"","",""
CatalogAccessory,note,ACCESSORIES.NOTE,string,4000,room B5-142 in filing cabinet,"","",""
