model,field_name,MIMSY_field_name,field_type,field_length,field_example,emu_module,emu_column,migration_instructions
CollectedDate,id,DATE_COLLECTED.TIMEKEY,integer,,3380,"","",Not mapped
CollectedDate,catalog_id,DATE_COLLECTED.MKEY,integer,,6119,"","",Not mapped. Foreign key to Catalog.id
CollectedDate,prior_date,DATE_COLLECTED.PRIOR_DATE,boolean,,false,"","",""
CollectedDate,date_text,DATE_COLLECTED.DATE_TEXT,string,500,1928-07-16,"","",""
CollectedDate,date_type,DATE_COLLECTED.DATE_TYPE,string,100,,"","",""
CollectedDate,earliest_year,DATE_COLLECTED.EARLIEST_YEAR,integer,10,1977,"","",""
CollectedDate,latest_year,DATE_COLLECTED.LATEST_YEAR,integer,10,1903,"","",""
CollectedDate,earliest_monthday,DATE_COLLECTED.EARLIEST_MONTHDAY,integer,4,1200,"","",""
CollectedDate,latest_monthday,DATE_COLLECTED.LATEST_MONTHDAY,integer,4,831,"","",""
CollectedDate,century,DATE_COLLECTED.CENTURY,string,10,,"","",""
CollectedDate,period_era,DATE_COLLECTED.PERIOD_ERA,string,500,,"","",""
CollectedDate,attribution_type,DATE_COLLECTED.ATTRIB_TYPE,string,100,,"","",""
CollectedDate,attributor,DATE_COLLECTED.ATTRIBUTOR,string,500,,"","",""
CollectedDate,attribution_date,DATE_COLLECTED.ATTRIB_DATE,string,11,,"","",""
CollectedDate,attribution_source,DATE_COLLECTED.ATTRIB_SOURCE,string,500,,"","",""
CollectedDate,certainty,DATE_COLLECTED.CERTAINTY,string,500,,"","",""
CollectedDate,note,DATE_COLLECTED.NOTE,string,4000,,"","",""
CollectedDate,collection_method,DATE_COLLECTED.COLLECTION_METHOD,string,100,"Bottom trawl, Otter trawl","","",""
CollectedDate,context,DATE_COLLECTED.COLLECTION_POSITION,string,500,,"","",""
