model,field_name,MIMSY_field_name,field_type,field_length,field_example,emu_module,emu_column,migration_instructions
CurrentCondition,catalog_id,CURRENT_CONDITION.M_ID,integer,,333924,"","",Not mapped. Foreign key to Catalog.id
CurrentCondition,condition_id,CURRENT_CONDITION.CONDKEY,integer,,136,"","",Not mapped. Foreign key to Condition.id
CurrentCondition,current_record,CURRENT_CONDITION.CURRENT_RECORD,boolean,,true,"","",""
CurrentCondition,condition,CURRENT_CONDITION.CONDITION,string,100,fair,"","",""
CurrentCondition,condition_date,CURRENT_CONDITION.CONDITION_DATE,string,11,2010-03-29,"","",""
CurrentCondition,examined_by,CURRENT_CONDITION.EXAMINED_BY,string,500,"Steigerwald, Michèle","","",""
CurrentCondition,purpose,CURRENT_CONDITION.PURPOSE,string,100,pre-treatment,"","",""
CurrentCondition,component_accessory,CURRENT_CONDITION.COMPONENT_ACCESSORY,string,500,coracoid,"","",""
CurrentCondition,conservation_request_date,CURRENT_CONDITION.CONSERVATION_REQUEST_DATE,string,11,2014-09,"","",""
CurrentCondition,status,CURRENT_CONDITION.STATUS,string,100,open,"","",""
CurrentCondition,status_date,CURRENT_CONDITION.STATUS_DATE,string,11,2012-05-31,"","",""
CurrentCondition,priority_flag1,CURRENT_CONDITION.PRIORITY_FLAG1,boolean,,false,"","",""
CurrentCondition,priority_flag2,CURRENT_CONDITION.PRIORITY_FLAG2,boolean,,false,"","",""
CurrentCondition,summary,CURRENT_CONDITION.SUMMARY,text,,"Tooth was treated with consolidant to prevent deterioration. A volunteer applied Acryloid (a mixture of acetone and acrylic) liberally to all cracks and fissures. If repairs were required, standard white glue was used.","","",""
CurrentCondition,note,CURRENT_CONDITION.NOTE,string,4000,"This is one of approx. 200 Mammoth molars that were, at one time (possibly the early 1980's), repaired using polyester resin. Some have remained stable, but it has been noted that some of them are showing signs of possible degradation of the resin (where the resin has become slightly sticky). All should be regularly checked for their condition.","","",""
CurrentCondition,audit_by,CURRENT_CONDITION.AUDIT_BY,string,500,"Currie, Margaret","","",""
CurrentCondition,audit_date,CURRENT_CONDITION.AUDIT_DATE,string,11,2013-10-11,"","",""
CurrentCondition,flag1,CURRENT_CONDITION.FLAG1,boolean,,false,"","",""
CurrentCondition,flag2,CURRENT_CONDITION.FLAG2,boolean,,false,"","",""
CurrentCondition,flag3,CURRENT_CONDITION.FLAG3,boolean,,false,"","",""
CurrentCondition,flag4,CURRENT_CONDITION.FLAG4,boolean,,false,"","",""
CurrentCondition,create_date,CURRENT_CONDITION.CREATE_DATE,datetime,,1999-07-15 00:00:00 UTC,"","",""
CurrentCondition,created_by,CURRENT_CONDITION.CREATED_BY,string,32,MCURRIE,"","",""
CurrentCondition,update_date,CURRENT_CONDITION.UPDATE_DATE,datetime,,2016-06-16 13:33:29 UTC,"","",""
CurrentCondition,updated_by,CURRENT_CONDITION.UPDATED_BY,string,32,MCURRIE,"","",""
