model,field_name,MIMSY_field_name,field_type,field_length,field_example,emu_module,emu_column,migration_instructions
Damage,id,DAMAGE.DKEY,integer,,6,"","",Not mapped
Damage,catalog_id,DAMAGE.M_ID,integer,,549186,"","",Not mapped. Foreign key to Catalog.id
Damage,damage_date,DAMAGE.DAMAGE_DATE,string,11,2017-08-31,"","",""
Damage,recorded_by,DAMAGE.RECORDED_BY,string,500,,"","",""
Damage,location,DAMAGE.LOCATION,string,500,surface,"","",""
Damage,damaged_by,DAMAGE.DAMAGED_BY,string,500,visitor?,"","",""
Damage,cause,DAMAGE.CAUSE,string,500,visitor stepping up onto plinth area - possibly for a photo,"","",""
Damage,description,DAMAGE.DESCRIPTION,string,4000,Damage occured during the Thursday evening extended visitor hours,"","",""
Damage,note,DAMAGE.NOTE,string,4000,"Exhibits staff at VMMB recommend securing the cast to its supports. Collections staff also suggested some type of modest barrier at the two 'entry' areas by this plinth, which, currently,  may encourage visitors to step up onto the plinth.","","",""
Damage,action_taken,DAMAGE.ACTION_TAKEN,string,4000,conservation,"","",""
Damage,create_date,DAMAGE.CREATE_DATE,datetime,,2017-09-07 12:11:35 UTC,"","",""
Damage,created_by,DAMAGE.CREATED_BY,string,32,MCURRIE,"","",""
Damage,update_date,DAMAGE.UPDATE_DATE,datetime,,,"","",""
Damage,updated_by,DAMAGE.UPDATED_BY,string,32,,"","",""
Damage,option1,DAMAGE.OPTION1,string,4000,,"","",""
Damage,option2,DAMAGE.OPTION2,string,1000,,"","",""
Damage,date1,DAMAGE.DATE1,string,11,,"","",""
Damage,date2,DAMAGE.DATE2,string,11,,"","",""
Damage,number1,DAMAGE.NUMBER1,decimal,,,"","",""
Damage,number2,DAMAGE.NUMBER2,decimal,,,"","",""
Damage,flag1,DAMAGE.FLAG1,boolean,,false,"","",""
Damage,flag2,DAMAGE.FLAG2,boolean,,false,"","",""
Damage,external_file,DAMAGE.EXTERNAL_FILE,string,500,,"","",""
Damage,record_view,DAMAGE.RECORD_VIEW,decimal,,1.0,"","",""
