model,field_name,MIMSY_field_name,field_type,field_length,field_example,emu_module,emu_column,migration_instructions
Disposal,id,DISPOSALS.AKEY,integer,,28410,"","",Not mapped
Disposal,reference_number,DISPOSALS.REF_NUMBER,string,48,1933-025,"","",""
Disposal,status,DISPOSALS.STATUS,string,100,final approval; closed,"","",""
Disposal,status_date,DISPOSALS.STATUS_DATE,string,11,1925,"","",""
Disposal,requested_by,DISPOSALS.REQUESTED_BY,string,500,"Balkwill, Darlene","","",""
Disposal,request_date,DISPOSALS.REQUEST_DATE,string,11,1918,"","",""
Disposal,authorized_by,DISPOSALS.AUTHORIZED_BY,string,500,"Fitzgerald, Gerald R.","","",""
Disposal,date_authorized,DISPOSALS.DATE_AUTHORIZED,string,11,1993-02-03,"","",""
Disposal,method,DISPOSALS.METHOD,string,500,exchange,"","",""
Disposal,legal_date,DISPOSALS.LEGAL_DATE,string,11,1931,"","",""
Disposal,recipient,DISPOSALS.RECIPIENT,string,500,"Green, Morris M.","","",""
Disposal,reason,DISPOSALS.REASON,string,4000,"Extra fish skeletons, not cleaned, no data","","",""
Disposal,total_requested,DISPOSALS.TOTAL_REQUESTED,string,4000,2,"","",""
Disposal,total_approved,DISPOSALS.TOTAL_APPROVED,integer,10,66,"","",""
Disposal,decision_reason,DISPOSALS.DECISION_REASON,string,4000,The specimens in IZ1989-091 were accessioned in error.,"","",""
Disposal,external_file,DISPOSALS.EXTERNAL_FILE,string,500,Registrar's Office,"","",""
Disposal,note,DISPOSALS.NOTE,string,4000,See also Acquisition 1933-076.,"","",""
Disposal,flag1,DISPOSALS.FLAG1,boolean,,false,"","",""
Disposal,flag2,DISPOSALS.FLAG2,boolean,,false,"","",""
Disposal,created_by,DISPOSALS.CREATED_BY,string,32,PFRANK,"","",""
Disposal,create_date,DISPOSALS.CREATE_DATE,datetime,,2013-04-16 11:45:22 UTC,"","",""
Disposal,updated_by,DISPOSALS.UPDATED_BY,string,32,PFRANK,"","",""
Disposal,update_date,DISPOSALS.UPDATE_DATE,datetime,,2012-11-26 14:29:37 UTC,"","",""
