model,field_name,MIMSY_field_name,field_type,field_length,field_example,emu_module,emu_column,migration_instructions
DisposalSource,id,DISPOSAL_SOURCES.ID,integer,,1751,"","",Not mapped
DisposalSource,disposal_id,DISPOSAL_SOURCES.AKEY,integer,,20992,"","",Not mapped. Foreign key to Disposal.id
DisposalSource,person_id,DISPOSAL_SOURCES.LINK_ID,integer,,7823,"","",Not mapped. Foreign key to Person.id
DisposalSource,person_variation_id,DISPOSAL_SOURCES.NVARKEY,integer,,34167,"","",Not mapped. Foreign key to PersonVariation.id
DisposalSource,source,DISPOSAL_SOURCES.SOURCE,string,4000,"Hamilton, Alex","","",""
DisposalSource,source_role,DISPOSAL_SOURCES.SOURCE_ROLE,string,100,vendor; collector,"","",""
DisposalSource,contact,DISPOSAL_SOURCES.CONTACT,string,500,O.M. Afonina,"","",""
DisposalSource,address,DISPOSAL_SOURCES.ADDRESS,string,500,"Université Laval
Herbier Louis-Marie
1030 avenue de la Médecine
Pavillon Charles-Eugène-Marchand
Local 0262
Québec
Québec
G1V 0A6
Canada","","",""
DisposalSource,amount_paid,DISPOSAL_SOURCES.AMOUNT_PAID,decimal,,,"","",""
DisposalSource,note,DISPOSAL_SOURCES.NOTE,string,4000,47 duplicates and 2 lichens are part of this acquisiton.,"","",""
DisposalSource,unlinked_value,DISPOSAL_SOURCES.UNLINKED_VALUE,string,500,geological survey,"","",""
