model,field_name,MIMSY_field_name,field_type,field_length,field_example,emu_module,emu_column,migration_instructions
DisposalCatalog,id,DISPOSAL_ITEMS.ID,integer,,257485,"","",Not mapped
DisposalCatalog,disposal_id,DISPOSAL_ITEMS.AKEY,integer,,26414,"","",Not mapped. Foreign key to Disposal.id
DisposalCatalog,catalog_id,DISPOSAL_ITEMS.M_ID,integer,,487396,"","",Not mapped. Foreign key to Catalog.id
DisposalCatalog,catalog_number,DISPOSAL_ITEMS.ID_NUMBER,string,48,CMNFI 1992-0041.1,"","",""
DisposalCatalog,description,DISPOSAL_ITEMS.ITEM_SUMMARY,string,4000,"Unidentified
Gruchy, Charles G.
South America: Colombia; Amazonas Dept.
1974-02-25","","",""
DisposalCatalog,status,DISPOSAL_ITEMS.STATUS,string,100,approved,"","",""
DisposalCatalog,status_date,DISPOSAL_ITEMS.STATUS_DATE,string,11,1922-03-20,"","",""
DisposalCatalog,deaccession_date,DISPOSAL_ITEMS.DEACCESSION_DATE,string,11,1917-03-09,"","",""
DisposalCatalog,disposal_method,DISPOSAL_ITEMS.DISPOSAL_METHOD,string,500,exchange,"","",""
DisposalCatalog,disposal_date,DISPOSAL_ITEMS.DISPOSAL_DATE,string,11,1916-04-13,"","",""
DisposalCatalog,title_transfer_requested,DISPOSAL_ITEMS.TITLE_TRANSFER_REQUESTED,boolean,,false,"","",""
DisposalCatalog,transfer_date,DISPOSAL_ITEMS.TRANSFER_DATE,string,11,1997-07-23,"","",""
DisposalCatalog,reproduction_requested,DISPOSAL_ITEMS.REPRODUCTION_REQUESTED,boolean,,false,"","",""
DisposalCatalog,dispatch_requested,DISPOSAL_ITEMS.DISPATCH_REQUESTED,boolean,,false,"","",""
DisposalCatalog,note,DISPOSAL_ITEMS.NOTE,string,4000,see site record,"","",""
DisposalCatalog,catalogued,DISPOSAL_ITEMS.CATALOGUED,boolean,,true,"","",""
DisposalCatalog,id_sort,DISPOSAL_ITEMS.ID_SORT,string,4000,CMNAV0010638,"","",""
DisposalCatalog,created_by,DISPOSAL_ITEMS.CREATED_BY,string,32,PFRANK,"","",""
DisposalCatalog,create_date,DISPOSAL_ITEMS.CREATE_DATE,datetime,,2009-11-24 16:20:50 UTC,"","",""
DisposalCatalog,updated_by,DISPOSAL_ITEMS.UPDATED_BY,string,32,PFRANK,"","",""
DisposalCatalog,update_date,DISPOSAL_ITEMS.UPDATE_DATE,datetime,,2013-04-10 14:11:50 UTC,"","",""
