model,field_name,MIMSY_field_name,field_type,field_length,field_example,emu_module,emu_column,migration_instructions
EventVariation,id,EVENT_VARIATIONS.VVARKEY,integer,,3,"","",Not mapped
EventVariation,event_id,EVENT_VARIATIONS.VKEY,integer,,97,"","",Not mapped. Foreign key to Event.id
EventVariation,variation,EVENT_VARIATIONS.VARIATION,string,500,"Canadian Arctic Expedition, 1913-1916","","",""
EventVariation,type,EVENT_VARIATIONS.VARIATION_TYPE,string,100,short form,"","",""
EventVariation,prior_attribution,EVENT_VARIATIONS.PRIOR_ATTRIBUTION,boolean,,false,"","",""
