model,field_name,MIMSY_field_name,field_type,field_length,field_example,emu_module,emu_column,migration_instructions
Event,id,EVENTS.VKEY,integer,,94,"","",Not mapped
Event,mev_id,EVENTS.MEV_ID,decimal,,86.0,"","",""
Event,language,EVENTS.LANGUAGE,string,3,eng,"","",""
Event,full_name,EVENTS.FULL_NAME,string,500,Iter arcticus Roald Amundsen (Gjoa-Expedition) 1903-1906.,"","",""
Event,brief_name,EVENTS.BRIEF_NAME,string,100,Patagonian Expedition,"","",""
Event,category,EVENTS.CATEGORY1,string,100,scientific,"","",""
Event,occurrence_type,EVENTS.OCCURENCE_TYPE,string,100,annual,"","",""
Event,begin_date,EVENTS.BEGIN_DATE,string,11,1959,"","",""
Event,end_date,EVENTS.END_DATE,string,11,1916,"","",""
Event,duration,EVENTS.DURATION,integer,10,1,"","",""
Event,duration_unit,EVENTS.DURATION_UNIT,string,100,hours,"","",""
Event,current_status,EVENTS.CURRENT_STATUS,string,100,complete,"","",""
Event,description,EVENTS.DESCRIPTION,text,,"investigated Arctic Ocean and Canada Arctic archipelago.  Vessel ""Karluk"" lost off Wrangell Island during winter of 1914","","",""
Event,publish,EVENTS.PUBLISH,boolean,,false,"","",""
Event,flag1,EVENTS.FLAG1,boolean,,false,"","",""
Event,flag2,EVENTS.FLAG2,boolean,,false,"","",""
Event,sort_name,EVENTS.SORT_NAME,string,500,VEGETATION SURVEY ALONG THE ENTERPRISE-MACKENZIE RIVER HIGHWAY,"","",""
Event,created_by,EVENTS.CREATED_BY,string,32,MBOUCHARD,"","",""
Event,create_date,EVENTS.CREATE_DATE,datetime,,2003-10-27 00:00:00 UTC,"","",""
Event,updated_by,EVENTS.UPDATED_BY,string,32,MCURRIE,"","",""
Event,update_date,EVENTS.UPDATE_DATE,datetime,,2012-01-18 15:43:19 UTC,"","",""
