model,field_name,MIMSY_field_name,field_type,field_length,field_example,emu_module,emu_column,migration_instructions
Group,id,GROUPS.GROUP_ID,integer,,3013,"","",Not mapped
Group,module,GROUPS.LINK_TYPE,integer,,1,"","",""
Group,group_area,GROUPS.GROUP_AREA,string,4000,catalogue,"","",""
Group,name,GROUPS.GROUP_NAME,string,100,Quadriops type loan_Andrew Short,"","",""
Group,private_public,GROUPS.PRIVATE_PUBLIC,string,10,PUBLIC,egroups,GroupStatus,""
Group,group_type,GROUPS.GROUP_TYPE,string,100,General Inquiry,"","",""
Group,group_owner,GROUPS.GROUP_OWNER,string,32,JMGAGNON,"","",""
Group,department,GROUPS.DEPARTMENT,string,100,Exhibition,"","",""
Group,note,GROUPS.NOTE,string,4000,"To check data flagged by gbif user, per e-mail",egroups,GroupDescription,""
Group,create_date,GROUPS.CREATE_DATE,datetime,,2009-06-26 11:12:22 UTC,"","",""
Group,updated_by,GROUPS.UPDATED_BY,string,30,JDOUBT,"","",""
Group,update_date,GROUPS.UPDATE_DATE,datetime,,2014-11-20 15:31:29 UTC,"","",""
