model,field_name,MIMSY_field_name,field_type,field_length,field_example,emu_module,emu_column,migration_instructions
Loan,id,LOANS.LKEY,integer,,140,"","",Not mapped
Loan,direction,LOANS.DIRECTION,string,3,OUT,"","",""
Loan,loan_number,LOANS.LOAN_NUMBER,string,48,LP2017-0143,"","",""
Loan,person_id,LOANS.LINK_ID,integer,,30113,"","",Not mapped. Foreign key to Person.id
Loan,person_variation_id,LOANS.NVARKEY,integer,,29428,"","",Not mapped. Foreign key to PersonVariation.id
Loan,institution,LOANS.NAME,string,4000,"Sokoloff, Paul C.","","",""
Loan,contact,LOANS.CONTACT,string,500,Simon J. Owens,"","",""
Loan,address,LOANS.ADDRESS,string,500,"Senckenberg Museum of Natural History Görlitz
Department of Zoologie/Malacology
Am Museum 1
Görlitz D-02826
Germany","","",""
Loan,phone,LOANS.PHONE,string,50,585-275-5713,"","",""
Loan,fax,LOANS.FAX,string,50,613-931-1327,"","",""
Loan,email,LOANS.EMAIL,string,100,herbarium@rbge.org.uk,"","",""
Loan,requested_by,LOANS.REQUESTED_BY,string,500,"Feuerstack, Margaret","","",""
Loan,request_date,LOANS.REQUEST_DATE,datetime,,2009-03-30 00:00:00 UTC,"","",""
Loan,authorized_by,LOANS.AUTHORIZED_BY,string,500,"Khidas, Kamal","","",""
Loan,date_authorized,LOANS.DATE_AUTHORIZED,string,11,2014-02-11,"","",""
Loan,status,LOANS.STATUS,string,100,open,"","",""
Loan,status_date,LOANS.STATUS_DATE,string,11,2012-06-26,"","",""
Loan,handled_by,LOANS.HANDLED_BY,string,500,"Feuerstack, Margaret","","",""
Loan,purpose,LOANS.PURPOSE,string,500,exhibition/education,"","",""
Loan,loan_start,LOANS.LOAN_START,string,11,2013-01-22,"","",""
Loan,loan_end,LOANS.LOAN_END,string,11,2004-09-30,"","",""
Loan,total_items,LOANS.TOTAL_ITEMS,integer,10,1,"","",""
Loan,total_requested,LOANS.TOTAL_REQUESTED,string,4000,28,"","",""
Loan,renewal_history,LOANS.RENEWAL_HISTORY,string,4000,"February 2016 - extension offered and accepted until 2016-12-31
March 2017 - extension offered and accepted until 2017-12-31","","",""
Loan,acknowledge_date,LOANS.ACKNOWLEDGE_DATE,datetime,,2008-01-28 00:00:00 UTC,"","",""
Loan,prelim_agree_date,LOANS.PRELIM_AGREE_DATE,datetime,,2005-07-05 00:00:00 UTC,"","",""
Loan,approval_date,LOANS.APPROVAL_DATE,datetime,,2006-11-16 00:00:00 UTC,"","",""
Loan,reject_date,LOANS.REJECT_DATE,datetime,,2000-06-08 00:00:00 UTC,"","",""
Loan,cancel_date,LOANS.CANCEL_DATE,datetime,,2000-08-21 00:00:00 UTC,"","",""
Loan,contract_date,LOANS.CONTRACT_DATE,datetime,,2009-05-01 00:00:00 UTC,"","",""
Loan,contract_terms,LOANS.CONTRACT_TERMS,text,,"","","",""
Loan,prelim_conditions,LOANS.PRELIM_CONDITIONS,string,4000,Loan of type material is made for 6 months only with  no possibility of renewal.  Dissections or any alterations to the specimens are not allowed.,"","",""
Loan,actual_cost,LOANS.ACTUAL_COST,string,13,0.00,"","",""
Loan,projected_cost,LOANS.PROJECTED_COST,string,13,0.00,"","",""
Loan,insurance_paid_by,LOANS.INSURANCE_PAID_BY,string,500,Royal Tyrrell Museum of Palaeontology,"","",""
Loan,shipping_paid_by,LOANS.SHIPPING_PAID_BY,string,500,Royal Tyrrell Museum of Palaeontology,"","",""
Loan,reviewed_by,LOANS.REVIEWED_BY,string,500,Micheline B.-Bouchard,"","",""
Loan,review_date,LOANS.REVIEW_DATE,datetime,,2005-08-09 00:00:00 UTC,"","",""
Loan,review_comments,LOANS.REVIEW_COMMENTS,string,4000,The paper substrate was returned with a portion ripped off thus removing part of the original label information.  Fortunately a photograph was taken prior to sending the specimen out on loan.,"","",""
Loan,external_file,LOANS.EXTERNAL_FILE,string,500,Registrar's Office,"","",""
Loan,note,LOANS.NOTE,string,4000,"The paperwork for this loan was done after the fact, as Andrew Smith arranged for the specimens to be removed from the CMN without proper documentation.","","",""
Loan,option1,LOANS.OPTION1,string,4000,modèle de chaboisseau,"","",""
Loan,date1,LOANS.DATE1,datetime,,2017-09-17 00:00:00 UTC,"","",""
Loan,flag1,LOANS.FLAG1,boolean,,false,"","",""
Loan,flag2,LOANS.FLAG2,boolean,,false,"","",""
Loan,created_by,LOANS.CREATED_BY,string,32,PFRANK,"","",""
Loan,create_date,LOANS.CREATE_DATE,datetime,,2014-01-08 16:02:42 UTC,"","",""
Loan,update_date,LOANS.UPDATE_DATE,datetime,,2016-08-15 10:52:42 UTC,"","",""
Loan,updated_by,LOANS.UPDATED_BY,string,32,LSMYK,"","",""
