model,field_name,MIMSY_field_name,field_type,field_length,field_example,emu_module,emu_column,migration_instructions
LoanLocation,id,LOANS_LOCATION.ID,integer,,6179,"","",Not mapped
LoanLocation,loan_id,LOANS_LOCATION.LKEY,integer,,173,"","",Foreign key to Loan.id
LoanLocation,loan,LOANS_LOCATION.LOAN,string,4000,LP2007-0111,"","",""
LoanLocation,loan_catalog_id,LOANS_LOCATION.LITMKEY,integer,,6121,"","",Not mapped. Foreign key to LoanCatalog.id
LoanLocation,location_id,LOANS_LOCATION.LOC_ID,integer,,7454,"","",Not mapped. Foreign key to Location.id
LoanLocation,location,LOANS_LOCATION.LOCATION,string,4000,"LP2008-0009: Kron, Kathleen A.","","",""
