model,field_name,MIMSY_field_name,field_type,field_length,field_example,emu_module,emu_column,migration_instructions
MediumPerson,id,MEDIA_PEOPLE.AUTHLINKKEY,integer,,2483363,"","",Not mapped
MediumPerson,person_id,MEDIA_PEOPLE.LINK_ID,integer,,24145,"","",Not mapped. Foreign key to Person.id
MediumPerson,medium_id,MEDIA_PEOPLE.MEDIAKEY,integer,,3485,"","",Not mapped. Foreign key to Medium.id
MediumPerson,relationship,MEDIA_PEOPLE.RELATIONSHIP,string,500,photographer,"","",""
MediumPerson,prior_attribution,MEDIA_PEOPLE.PRIOR_ATTRIBUTION,boolean,,false,"","",""
MediumPerson,name,MEDIA_PEOPLE.NAME,string,4000,"Cyr, Mylène","","",""
