model,field_name,MIMSY_field_name,field_type,field_length,field_example,emu_module,emu_column,migration_instructions
SitePerson,id,SITES_PEOPLE.AUTHLINKKEY,integer,,2476798,"","",Not mapped
SitePerson,person_id,SITES_PEOPLE.LINK_ID,integer,,401,"","",Not mapped. Foreign key to Person.id
SitePerson,site_id,SITES_PEOPLE.SKEY,integer,,435884,"","",Not mapped. Foreign key to Site.id
SitePerson,relationship,SITES_PEOPLE.RELATIONSHIP,string,500,collector,"","",""
SitePerson,affiliation,SITES_PEOPLE.AFFILIATION,string,500,Canadian Museum of Civilization,"","",""
SitePerson,begin_date,SITES_PEOPLE.BEGIN_DATE,string,11,1958-07-23,"","",""
SitePerson,end_date,SITES_PEOPLE.END_DATE,string,11,1973-08,"","",""
SitePerson,note,SITES_PEOPLE.NOTE,string,4000,1977-07-05,"","",""
SitePerson,prior_attribution,SITES_PEOPLE.PRIOR_ATTRIBUTION,boolean,,false,"","",""
SitePerson,person_variation_id,SITES_PEOPLE.NVARKEY,integer,10,15814,"","",Not mapped. Foreign key to PersonVariation.id
SitePerson,name,SITES_PEOPLE.NAME,string,4000,"Peck, Jarmila","","",""
