model,field_name,MIMSY_field_name,field_type,field_length,field_example,emu_module,emu_column,migration_instructions
SitePhoto,site_id,SITE_PHOTOS.SKEY,integer,,409433,"","",Not mapped. Foreign key to Site.id
SitePhoto,photo_number,SITE_PHOTOS.PHOTO_NUMBER,string,100,34788,"","",""
SitePhoto,photo_type,SITE_PHOTOS.PHOTO_TYPE,string,100,in situ,"","",""
SitePhoto,photo_date,SITE_PHOTOS.PHOTO_DATE,string,11,1919,"","",""
SitePhoto,source,SITE_PHOTOS.SOURCE,string,500,CMN,"","",""
SitePhoto,note,SITE_PHOTOS.NOTE,string,4000,"         ""","","",""
SitePhoto,id,SITE_PHOTOS.ID,integer,,101,"","",Not mapped
