model,field_name,MIMSY_field_name,field_type,field_length,field_example,emu_module,emu_column,migration_instructions
Site,id,SITES.SKEY,integer,,414,"","",Not mapped
Site,language,SITES.LANGUAGE,string,3,eng,"","",""
Site,site_id,SITES.SITE_ID,string,48,AK1961-123-002,esites,SitSiteNumber,""
Site,site_type,SITES.SITE_TYPE,string,100,river,esites,LocSiteType,""
Site,site_name,SITES.SITE_NAME,string,500,Spreadborough-19000717,esites,SitSiteName_tab,""
Site,environment,SITES.SITE_CLASS,string,500,marine,"","",""
Site,description,SITES.DESCRIPTION,string,4000,"Inugsuin Fjord, S. side of;  at 70º lat.,  6 m.s.m.",esites,LocPreciseLocation,""
Site,site_date,SITES.SITE_DATE,string,500,1967-07-30,ecollectionevents,ColVerbatimDate,"Retrieve collection event through link to Catalog via CatalogSite; where possible, parse content into ecollectionevents:ColDateVisitedFrom, ecollectionevents:ColDateVisitedTo, ecollectionevents:ColTimeVisitedFrom, and ecollectionevents:ColTimeVisitedTo"
Site,location,SITES.LOCATION,string,500,"North America: United States; Alaska, Skagway-Hoonah-Angoon Census Area, Halibut I.","","",""
Site,location_accuracy,SITES.LOCATION_ACCURACY,string,500,secondary; <10 km,esites,LatGeoreferencingNotes0,""
Site,start_latitude,SITES.START_LATITUDE,string,50,"45° 10' 2"" N",esites,LatLatitude_nesttab,""
Site,start_longitude,SITES.START_LONGITUDE,string,50,86° 48' W,esites,LatLongitude_nesttab,"Make LatCentroidType_tab = ""Start"" for start coordinate"
Site,end_latitude,SITES.END_LATITUDE,string,50,82° 32' N,esites,LatLatitude_nesttab,""
Site,end_longitude,SITES.END_LONGITUDE,string,50,64° 7' W,esites,LatLongitude_nesttab,"Make LatCentroidType_tab = ""End"" for end coordinate"
Site,utm_start,SITES.UTM_START,string,100,Zone 13; Northing 5116819; Easting 435141; Datum NAD27,esites,MapUTMVerbatim_tab,"Parse the values here into MapZone_tab, MapEasting0, and MapNorthing0. Put ""Start"" in MapUTMComment_tab. Most values will be in the form ""Zone 16; Northing 5610010; Easting 678499"""
Site,utm_end,SITES.UTM_END,string,100,,esites,MapUTMVerbatim_tab,"Parse the values here into MapZone_tab, MapEasting0, and MapNorthing0. Put ""End"" in MapUTMComment_tab. Most values will be in the form ""Zone 16; Northing 5610010; Easting 678499"""
Site,start_latitude_dec,SITES.START_LATITUDE_DEC,decimal,,50.16,esites,LatLatitudeDecimal_nesttab,""
Site,start_longitude_dec,SITES.START_LONGITUDE_DEC,decimal,,-117.916667,esites,LatLongitudeDecimal_nesttab,""
Site,end_latitude_dec,SITES.END_LATITUDE_DEC,decimal,,45.223333,esites,LatLatitudeDecimal_nesttab,""
Site,end_longitude_dec,SITES.END_LONGITUDE_DEC,decimal,,-127.873889,esites,LatLongitudeDecimal_nesttab,""
Site,decimal_is_primary,SITES.DECIMAL_IS_PRIMARY,boolean,,false,"","",""
Site,coord_uncertainty,SITES.COORD_UNCERTAINTY,decimal,,1.0,esites,LatRadiusNumeric_tab,""
Site,coord_uncertainty_verb,SITES.COORD_UNCERTAINTY_VERB,string,50,<1 km,esites,LatRadiusVerbatim_tab,""
Site,uncertainty_unit,SITES.UNCERTAINTY_UNIT,string,10,km,esites,LatRadiusUnit_tab,""
Site,georef_status,SITES.GEOREF_STATUS,string,100,reviewed - high confidence,esites,"",""
Site,georef_source,SITES.GEOREF_SOURCE,string,500,NTS map 89B,esites,LatDetSource_tab,""
Site,geodetic_datum,SITES.GEODETIC_DATUM,string,500,NAD27,esites,LatDatum_tab,""
Site,measurements,SITES.MEASUREMENTS,string,500,(180-400m),"","",""
Site,elevation,SITES.ELEVATION,string,500,3800 ft.,esites,LocElevationASLFromMt,"Values here may include all manner of values, ranges, and units. Please parse and convert these values into meters when required and also populate LocElevationASLToMt as appropriate when ranges are indicated."
Site,topography,SITES.TOPOGRAPHY,string,500,"coarse ripple sand, mud",esites,TerTopography,""
Site,ecological_zones,SITES.ECOLOGICAL_ZONES,string,500,LW level,esites,HabHabitatRemarks,""
Site,vegetation,SITES.VEGETATION,string,4000,laminarians,esites,TerVegetation,""
Site,disturbance_factors,SITES.DISTURBANCE_FACTORS,string,4000,polluted by sawmill,esites,CulDisturbance,""
Site,condition,SITES.CONDITION,string,4000,tide 1/3R,esites,CulCondition,""
Site,owner,SITES.OWNER,string,500,Pat Blanchard,esites,SitSiteOwner_tab,""
Site,register_status,SITES.REGISTER_STATUS,string,100,Ship Jones,ecollectionevents,ExpVesselName,Retrieve collection event through link to Catalog via CatalogSite
Site,archaeological_status,SITES.ARCHAEOLOGICAL_STATUS,string,100,Neptune Expedition,ecollectionevents,ExpExpeditionName,Retrieve collection event through link to Catalog via CatalogSite; also put content in esites:CulExpeditionName_tab
Site,jurisdiction,SITES.JURISDICTION,string,500,,esites,SitJursidiction,""
Site,site_designation,SITES.SITE_DESIGNATION,string,500,Rhodesia on label,esites,CulResearchCategory_tab,""
Site,research_activity,SITES.RESEARCH_ACTIVITY,string,500,"sifter, berlese; flight intercept trap",esites,CulResearchActivity_tab,""
Site,recommendations,SITES.RECOMMENDATIONS,string,4000,"pulpy wood, log booms; no Fucus; no barnacles",esites,LocNotes,""
Site,note,SITES.NOTE,string,4000,46 00 00 N; Curator geo. id.: 19,esites,NotNotes,""
Site,publish,SITES.PUBLISH,boolean,,true,esites,AdmPublishWebNoPassword,"If value is false or null, mark both Publish on Internet and Intranet as No; if value is true, mark both as Yes."
Site,option1,SITES.OPTION1,string,4000,National Museum of Natural Sciences;Ichthyology,"","",""
Site,option2,SITES.OPTION2,string,1000,Gear type: hand collecting;dip net,"","",""
Site,flag1,SITES.FLAG1,boolean,,false,"","",""
Site,flag2,SITES.FLAG2,boolean,,false,"","",""
Site,sort_prefix,SITES.SORT_PREFIX,string,6,ELB,"","",""
Site,sort1,SITES.SORT1,string,7,001977,"","",""
Site,sort2,SITES.SORT2,string,7,000000,"","",""
Site,sort3,SITES.SORT3,string,7,000000,"","",""
Site,sort4,SITES.SORT4,string,7,000000,"","",""
Site,sort5,SITES.SORT5,string,7,000000,"","",""
Site,create_date,SITES.CREATE_DATE,datetime,,1999-04-19 00:00:00 UTC,"","",""
Site,created_by,SITES.CREATED_BY,string,32,JPRICE,"","",""
Site,update_date,SITES.UPDATE_DATE,datetime,,2016-07-28 15:54:20 UTC,"","",""
Site,updated_by,SITES.UPDATED_BY,string,32,XGVIEWS,"","",""
