model,field_name,MIMSY_field_name,field_type,field_length,field_example,emu_module,emu_column,migration_instructions
SubjectVariation,id,SUBJECT_VARIATIONS.SVARKEY,integer,,2,"","",Not mapped
SubjectVariation,subject_id,SUBJECT_VARIATIONS.SUBKEY,integer,,-9999,"","",Not mapped. Foreign key to Subject.id
SubjectVariation,variation,SUBJECT_VARIATIONS.VARIATION,string,500,Destructive sampling - G. Allen March 2008,"","",""
SubjectVariation,variation_type,SUBJECT_VARIATIONS.VARIATION_TYPE,string,100,preferred term,"","",""
SubjectVariation,prior_attribution,SUBJECT_VARIATIONS.PRIOR_ATTRIBUTION,boolean,,false,"","",""
