model,field_name,MIMSY_field_name,field_type,field_length,field_example,emu_module,emu_column,migration_instructions
Taxon,id,TAXONOMY.SPECKEY,integer,,501761,"","",Not mapped
Taxon,language,TAXONOMY.LANGUAGE,string,3,eng,"","",Not mapped
Taxon,collection,TAXONOMY.TAXON_NAME,string,100,Zoology,etaxonomy,ClaApplicableCode,"If taxon.collection = ""Zoology"", make this = ""ICZN""; if taxon.collection = ""Botany"", make this = ""ICNAFP"""
Taxon,reference_number,TAXONOMY.REFERENCE_NUMBER,string,48,,"","",""
Taxon,scientific_name,TAXONOMY.SCIENTIFIC_NAME,string,200,Adeleorina,etaxonomy,ClaScientificName,Make etaxonomy::ClaScientificNameAuto = No
Taxon,parent_path,TAXONOMY.MALE_SINGLE_PARENT,string,4000,Animalia; Nematoda; Chromadorea; Chromadoria; Rhabditida; Spirurina; Spiruromorpha; Spiruroidea,"","",""
Taxon,parent_id,TAXONOMY.BROADER_KEY1,integer,,1196895,etaxonomy,RanParent,"Populate link to Parent by using this self-referential, foreign key to Taxon.id"
Taxon,second_parent_path,TAXONOMY.FEMALE_MULTI_PARENT,string,4000,,"","",""
Taxon,broader_key2,TAXONOMY.BROADER_KEY2,decimal,,,"","",""
Taxon,hierarchy_level,TAXONOMY.HIERARCHY_LEVEL,integer,,29,"","",""
Taxon,rank,TAXONOMY.LEVEL_TEXT,string,100,genus,etaxonomy,ClaRank,""
Taxon,authority,TAXONOMY.SOURCE,string,500,McIntosh  1875,"","",""
Taxon,source_date,TAXONOMY.SOURCE_DATE,string,100,,"","",""
Taxon,identification,TAXONOMY.IDENTIFICATION,string,4000,†,"","",""
Taxon,description,TAXONOMY.DESCRIPTION,string,4000,"EXTINCT GENUS of horse (FOSSIL) - MIOCENE/PLIOCENE, N.A.","","",""
Taxon,habitat,TAXONOMY.HABITAT,string,4000,,"","",""
Taxon,range_distribution,TAXONOMY.RANGE_DISTRIBUTION,string,4000,,"","",""
Taxon,endangered_status,TAXONOMY.ENDANGERED_STATUS,string,100,Rare in Ontario,"","",""
Taxon,status_note,TAXONOMY.STATUS_NOTE,string,4000,,"","",""
Taxon,remarks,TAXONOMY.REMARKS,string,4000,Hartman  1963,"","",""
Taxon,note,TAXONOMY.NOTE,string,4000,"McKenna & Bell groups this order along with the orders Litopterna and Notoungulata, under the mirorder ""Meridungulata"" or ""South American ungulates""","","",""
Taxon,info_history,TAXONOMY.INFO_HISTORY,string,4000,"Lutzoni, F.M., 1994, The Bryologist 97(2): 393","","",""
Taxon,modified,TAXONOMY.MODIFIED,boolean,,false,"","",""
Taxon,guide_term,TAXONOMY.GUIDE_TERM,boolean,,false,"","",""
Taxon,publish,TAXONOMY.PUBLISH,boolean,,false,etaxonomy,AdmPublishWebNoPassword,"If value is false or null, mark both Publish on Internet and Intranet as No; if value is true, mark both as Yes."
Taxon,sort_number,TAXONOMY.SORT_NUMBER,decimal,,22.0,"","",""
Taxon,option1,TAXONOMY.OPTION1,string,500,126A Rosaceae,"","",""
Taxon,flag1,TAXONOMY.FLAG1,boolean,,false,"","",""
Taxon,flag2,TAXONOMY.FLAG2,boolean,,false,"","",""
Taxon,created_by,TAXONOMY.CREATED_BY,string,30,CONVERSION,"","",""
Taxon,create_date,TAXONOMY.CREATE_DATE,datetime,,1999-04-22 13:18:49 UTC,"","",""
Taxon,updated_by,TAXONOMY.UPDATED_BY,string,30,XGVIEWS,"","",""
Taxon,update_date,TAXONOMY.UPDATE_DATE,datetime,,2016-07-29 09:22:59 UTC,"","",""
