model,field_name,MIMSY_field_name,field_type,field_length,field_example,emu_module,emu_column,migration_instructions
TaxonPublication,id,TAXONOMY_PUBLICATIONS.AUTHLINKKEY,integer,,3346912,"","",Not mapped
TaxonPublication,publication_id,TAXONOMY_PUBLICATIONS.PKEY,integer,,1081,"","",Not mapped. Foreign key to Publication.id
TaxonPublication,taxon_id,TAXONOMY_PUBLICATIONS.SPECKEY,integer,,1026277,"","",Not mapped. Foreign key to Taxon.id
TaxonPublication,relationship,TAXONOMY_PUBLICATIONS.RELATIONSHIP,string,500,Contracaecum yamaguti,"","",""
TaxonPublication,note,TAXONOMY_PUBLICATIONS.NOTE,string,4000,supercedes original description,"","",""
TaxonPublication,prior_attribution,TAXONOMY_PUBLICATIONS.PRIOR_ATTRIBUTION,boolean,,false,"","",""
TaxonPublication,illustration,TAXONOMY_PUBLICATIONS.ILLUSTRATION,boolean,,false,"","",""
TaxonPublication,taxon_variation_id,TAXONOMY_PUBLICATIONS.TAXVARKEY,integer,,172171,"","",Not mapped. Foreign key to TaxonVariation.id
TaxonPublication,publication,TAXONOMY_PUBLICATIONS.PUBLICATION,string,4000,"Copepoda (Poecilostomatoida and Siphonostomatoida) from deep-sea hydrothermal vent areas off British Columbia, including Amphicrossus altalis, a new species of Erebonasteridae, with notes on the taxonomic position of the genus Tychidion Humes.","","",""
TaxonPublication,publication_date,TAXONOMY_PUBLICATIONS.PUBLICATION_DATE,string,4000,1984,"","",""
