model,field_name,MIMSY_field_name,field_type,field_length,field_example,emu_module,emu_column,migration_instructions
Thesaurus,id,THESAURUS.CLASS_ID,integer,,1178836,"","",Not mapped
Thesaurus,language,THESAURUS.LANGUAGE,string,3,eng,"","",""
Thesaurus,thesaurus_system,THESAURUS.THES_SYSTEM,string,48,Archaeology,ethesaurus,HieThesaurus,""
Thesaurus,term,THESAURUS.TERM1_1,string,500,Nozzle Peg,ethesaurus,TerTerm,""
Thesaurus,alternate1,THESAURUS.TERM2_1,string,500,Cherry Stone,"","",""
Thesaurus,alternate2,THESAURUS.TERM3_1,string,500,Hair,"","",""
Thesaurus,level,THESAURUS.HIERARCHY_LEVEL,integer,2,5,"","",""
Thesaurus,parent_id,THESAURUS.BROADER_ID,integer,,1178178,ethesaurus,HieBroaderTerms_tab,Follow this parent_id to get the parent term
Thesaurus,broader_text,THESAURUS.BROADER_TEXT,string,4000,Artifacts; Architectural Elements,"","",""
Thesaurus,note,THESAURUS.NOTE,string,4000,"Applies to artificial materials consisting of an aggregate (large particulate matter) bound together through use of a fluid binding agent (cement, bitumen, etc.), to which may also be added structural reinforcing components and/or chemical admixtures that enhance desired qualities such as workability while wet, quick setting time, colouration, etc.  Individual components of a given concrete type (cement, pigments, etc.), where known, should also be assigned in tandem with the term ""Concrete.""",ethesaurus,TerScopeNotes,""
Thesaurus,comments,THESAURUS.COMMENTS,string,4000,Category added to the framework adopted from the preliminary Canadian Museum of History object thesaurus to provide greater specification of household goods.  Included under certain classifications of Category 2 (Furnishings>Bedding and Furnishings>Furniture/Seating Furniture/Sleeping and Reclining Furniture) of Chenhall's System for Classifying Man-Made Objects (third edition).,"","",""
Thesaurus,modified,THESAURUS.MODIFIED,boolean,,false,"","",""
Thesaurus,guide_term,THESAURUS.GUIDE_TERM,boolean,,false,"","",""
Thesaurus,source,THESAURUS.SOURCE,string,500,Adapted from the Canadian Museum of History object name database thesaurus for archaeological collections (preliminary version).,ethesaurus,HisSource_tab,""
Thesaurus,source_date,THESAURUS.SOURCE_DATE,string,11,2014-09-04,"","",""
Thesaurus,sort1,THESAURUS.SORT1,string,500,ERMINE FUR,"","",""
Thesaurus,publish,THESAURUS.PUBLISH,boolean,,false,"","",""
Thesaurus,flag1,THESAURUS.FLAG1,boolean,,false,"","",""
Thesaurus,flag2,THESAURUS.FLAG2,boolean,,false,"","",""
Thesaurus,created_by,THESAURUS.CREATED_BY,string,32,SRUFOLO,ethesaurus,HisAuthor_tab,""
Thesaurus,create_date,THESAURUS.CREATE_DATE,datetime,,2015-08-06 15:35:19 UTC,ethesaurus,HisDateChanged0,""
Thesaurus,updated_by,THESAURUS.UPDATED_BY,string,32,XGVIEWS,ethesaurus,HisAuthor_tab,""
Thesaurus,update_date,THESAURUS.UPDATE_DATE,datetime,,2016-07-29 10:23:42 UTC,ethesaurus,HisDateChanged0,""
