525744,""
525747,""
475560,CMNC 2004-4999
525906,""
525765,""
523855,""
525756,""
525761,""
525758,""
525750,""
525754,""
525749,""
525759,""
525767,""
3497,CMNC 2008-0006; CMNC 1985-0204; CMNC 1987-0566; CMNI 1990-0218; CMNC 1991-0133; CMNC 1992-0170
3498,""
3499,CMNC 1991-0417; CMNC 1983-0146; CMNC 1984-0526
3500,""
3501,""
3502,CMNC 2008-0004; CMNC 1983-0329; CMNC 2005-0269; CMNC 1981-0064; CMNC 2003-1761
3503,""
3504,""
3505,CMNC 1983-0147; CMNML 054620; CMNML 054621
3506,CMNC 1987-0624; CMNC 1991-0420; CMNC 1989-0156; CMNC 1987-0049; CMNC 1989-0133
3507,CMNA 1900-8399; CMNC 1991-0421; CMNML 054462; CMNML 054463; CMNML 054464; CMNML 054468
3508,CMNC 1984-0527; CMNC 1981-0238; CMNC 1991-0436; CMNC 1983-0148
3509,CMNC 1991-0419
3511,""
3512,""
3514,""
3517,""
3522,CMNC 1983-0330; CMNC 1983-0149; CMNC 1983-0285
3568,CMNC 2008-0007; CMNML 054617; CMNML 054616; CMNC 1981-0244
3569,CMNC 2008-0008; CMNC 1987-0065; CMNC 1984-0528; CMNC 1987-0317; CMNC 1987-0626; CMNC 1991-0132
3570,""
3571,CMNC 1989-0149
3572,CMNC 1987-0054; CMNC 1987-0318; CMNI 1987-0277
3575,CMNC 1987-0567; CMNC 2004-2435; CMNC 2006-0342
3574,CMNI 1990-0210
3576,""
3577,CMNC 2008-0009; CMNA 1987-0562; CMNC 1987-0319; CMNC 1987-1156; CMNC 1981-0245; CMNC 1981-0067; CMNI 1990-0216; CMNC 1987-0616; CMNC 2004-2436; CMNC 2003-0814; CMNML 054222
3578,""
3579,CMNC 2008-0010; CMNC 1987-0055; CMNC 1987-0320; CMNC 1989-0611; CMNC 1987-1155; CMNC 1987-0751; CMNI 1990-0212; CMNC 1987-0615; CMNC 1992-0171; CMNC 2004-0820; CMNC 2003-0790
3580,CMNC 2008-0011; CMNC 1983-0150; CMNC 1991-0424; CMNC 2003-1765; CMNML 054541; CMNML 054543
3581,CMNC 1987-0321; CMNC 1983-0152; CMNC 1984-0530
3582,CMNC 2008-0012; CMNC 1987-0620; CMNC 1992-0172; CMNC 2003-1766; CMNA 1987-0561; CMNC 1987-1154
3583,CMNC 1987-0322; CMNC 1984-0529; CMNI 1990-0213
3584,CMNC 1987-0619; CMNC 1986-0046
3585,CMNC 1984-0531; CMNML 054668
3586,CMNC 2008-0110; CMNC 2006-0438; CMNC 2006-0439
3587,CMNC 2008-0013; CMNI 1987-0276; CMNC 1987-0323; CMNC 1991-0416; CMNC 2004-1641; CMNC 1987-0056; CMNC 2004-0821; CMNC 2003-0775
3588,CMNC 2008-0014; CMNC 2004-0822; CMNC 2003-1767; CMNC 1987-0752; CMNC 1981-0069; CMNC 1983-0151; CMNI 1987-0290
3589,""
3590,CMNC 1987-0618; CMNC 1984-0532; CMNC 2006-0425
3591,CMNC 1987-0628; CMNC 2003-1768
3592,CMNC 2008-0015; CMNC 1992-0173; CMNC 2004-0823; CMNC 2003-1803; CMNC 2003-0808; CMNC 1989-0167; CMNC 1989-0607; CMNI 1990-0214
3593,CMNC 1991-0461; CMNC 2003-1769; CMNC 1983-0153; CMNC 1983-0331
3594,CMNC 2004-1597; CMNC 2003-1770; CMNC 1987-0057; CMNC 1987-0324; CMNC 1987-0568
3595,CMNC 1991-0418; CMNC 2003-1771; CMNML 054606; CMNML 054607
3596,CMNC 1987-0621; CMNC 1987-0569
3597,CMNC 2008-0016; CMNC 1987-0617; CMNC 2004-0009; CMNC 1987-0325; CMNC 1987-0570
3598,CMNML 054623; CMNC 1984-0533
3599,CMNC 1991-0422; CMNC 1987-0571; CMNC 1987-0058; CMNC 1987-0326
3600,""
3601,CMNC 2008-0111; CMNI 1990-0217; CMNC 1987-0627; CMNC 1987-0059; CMNC 1987-0327; CMNC 1981-0068
3603,CMNC 2008-0017; CMNC 2003-1772; CMNML 054608; CMNML 054609; CMNML 054610; CMNML 054612; CMNML 054615; CMNML 054613; CMNML 054614; CMNC 1991-0469; CMNC 1992-0174; CMNC 1987-0060; CMNC 1989-0622; CMNC 1987-0753; CMNC 1981-0181; CMNC 1983-0154
3604,CMNC 1987-0922; CMNC 1987-0061; CMNC 1987-0328; CMNC 1987-0754; CMNC 1983-0649; CMNC 1984-0534; CMNC 1989-0154
3605,""
3606,""
3607,CMNC 1983-0650
3608,""
3609,""
3610,CMNC 2008-0112; CMNC 1987-0066; CMNC 1987-0329; CMNC 2006-0427
3611,CMNC 1991-0423; CMNC 1987-0062; CMNC 1981-0194
3612,CMNC 2006-0426
3613,""
3614,CMNC 2008-0018; CMNI 1990-0219; CMNC 1987-0572; CMNC 2004-1642; CMNC 1987-1157; CMNC 2004-0824; CMNC 2003-0774
3615,CMNI 1987-0289; CMNC 2004-1619; CMNC 1981-0070; CMNC 1983-0120; CMNML 054558; CMNML 054559
3616,CMNC 2008-0019; CMNC 1983-0328; CMNC 1987-0573; CMNC 1992-0175
3617,""
3618,CMNC 2008-0020; CMNC 1991-0425; CMNC 1992-0176; CMNC 2003-0770; CMNC 1987-0755; CMNC 1981-0246
3619,CMNC 1981-0075; CMNC 1983-0952; CMNC 1983-0121; CMNC 1984-0516; CMNML 054549; CMNML 054547; CMNML 054548
3620,CMNC 2007-0806; CMNC 2004-1596; CMNC 1992-0177; CMNC 2003-0826; CMNC 1987-0063; CMNC 1987-0756; CMNC 1981-0182
3622,CMNC 1991-0435; CMNC 1987-0330
3623,CMNC 1981-0247
3624,""
3625,CMNC 2008-0021; CMNC 2004-0825; CMNC 1987-1158; CMNC 1987-0757; CMNML 054579
3626,CMNC 1981-0195; CMNC 1987-0622; CMNML 031800; CMNC 2006-0256; CMNC 1987-0331; CMNI 1987-0288; CMNC 2007-0679
3627,CMNC 2008-0022; CMNC 2004-1610; CMNC 2004-1342; CMNC 1987-0064; CMNC 1989-0132; CMNC 1987-1159; CMNC 1989-0153; CMNC 1987-0758; CMNC 1989-0178; CMNC 1989-0189
3628,CMNML 054605
3629,CMNC 2008-0023; CMNC 1991-0415; CMNC 1992-0178; CMNC 2004-0826; CMNC 1987-1160; CMNC 1987-0759; CMNC 1981-0183; CMNI 1990-0215; CMNML 054676; CMNC 2007-0677
3630,CMNC 2006-0428; CMNC 1989-0155; CMNC 1987-0760; CMNC 1989-0176; CMNC 2007-0678
3631,CMNC 2008-0113; CMNC 1987-0614; CMNC 1987-0574; CMNI 1990-0211
3477,CMNC 2008-0005; CMNC 1987-0050; CMNC 1989-0134; CMNC 1989-0152; CMNC 1991-0131; CMNC 2004-5440; CMNC 2004-0819; CMNC 2003-0789
3478,CMNC 2007-0848; CMNC 1981-0239; CMNC 1981-0065; CMNC 1982-0384; CMNC 1984-0469; CMNI 1986-0678; CMNC 1981-0177; CMNC 1981-0423; CMNC 1991-0143; CMNC 1991-0447; CMNC 2005-0271; CMNC 2003-1802; CMNC 2003-0820
3479,CMNC 2007-0849; CMNC 1987-0564; CMNC 2005-0268; CMNC 2003-1762; CMNC 2003-0783
3480,CMNC 1981-0241; CMNC 1982-0386
3481,""
3482,CMNC 1982-0387
3483,CMNML 054573; CMNML 054574; CMNML 054575; CMNML 054576
3484,CMNC 2007-0751; CMNC 1982-0388; CMNI 1986-0804; CMNML 054593; CMNML 054594; CMNML 054595; CMNML 054596; CMNML 054597; CMNML 054598; CMNML 054603
3485,CMNC 1987-1153; CMNC 1981-0774; CMNC 2005-0250; CMNML 067022
3486,CMNC 2007-0850; CMNC 1989-0146; CMNC 1987-0623; CMNC 1991-0466; CMNC 1992-0166; CMNC 2003-0825; CMNML 054555; CMNML 054557; CMNML 031785
3487,CMNC 2007-0851; CMNC 1987-0052; CMNC 1982-0389; CMNC 1984-0495; CMNC 1992-0167; CMNC 1987-0923; CMNC 2003-0809; CMNC 2006-0403
3488,CMNC 1981-0066; CMNC 1987-0051; CMNC 1981-0178; CMNC 1981-0240; CMNC 1991-0130; CMNML 054618
576100,""
3489,CMNC 1987-0053; CMNC 1987-0565; CMNC 1981-0421; CMNC 1982-0391; CMNI 1986-0672; CMNI 1986-0673; CMNC 1991-0134; CMNC 1992-0168; CMNC 2003-1888; CMNC 2004-1382; CMNC 2003-0812
3490,CMNC 1982-0390; CMNC 1984-0496; CMNC 1991-0144; CMNC 2005-0264; CMNML 054592
3491,""
3492,CMNC 1982-0392; CMNC 1981-0243; CMNC 1990-0626
3493,CMNC 1988-0140; CMNC 1982-0393; CMNC 1984-0497; CMNC 2005-0243
3494,""
3495,CMNC 2007-0852; CMNC 1981-0179; CMNC 1981-0242; CMNC 1987-0625; CMNC 1992-0169; CMNC 2003-1889; CMNC 2003-1763; CMNC 2003-0773; CMNC 1990-0038
3496,CMNC 1984-0498; CMNML 054545; CMNML 054546
3396,""
3397,""
3398,""
3399,CMNC 2007-0749; CMNC 1991-0155; CMNC 1991-0100; CMNC 1987-1203; CMNML 073888
3400,CMNC 1991-0101
3401,CMNA 1987-0558; CMNC 1991-0161; CMNC 1984-0493; CMNC 1987-1204; CMNML 073866; CMNML 073869; CMNML 073885
3402,""
3403,""
3404,CMNC 1991-0124; CMNC 2005-0213; CMNC 1981-0062
3405,CMNC 2007-0733; CMNC 1983-0292; CMNC 1983-0291; CMNC 1983-0197; CMNC 1983-0196; CMNC 1991-0289; CMNC 1992-0153; CMNC 1983-1223; CMNC 1989-0181; CMNC 1989-0174; CMNC 2003-1886; CMNML 073878; CMNC 2014-0065
575989,""
3406,""
3407,CMNC 2007-0835; CMNI 2001-0006; CMNC 1983-0198; CMNC 1989-0158; CMNC 1989-0618; CMNC 1991-0160; CMNC 2003-1885; CMNC 2005-0217
3408,""
3409,""
3410,CMNC 1991-0288; CMNC 1989-0613; CMNC 1989-0197
3411,CMNC 1987-0563; CMNC 1987-0040; CMNML 073868
3412,""
3413,CMNC 2007-0836; CMNC 2007-0853; CMNA 1987-0559; CMNC 2003-1764
3414,CMNC 1987-0041
3415,""
3416,CMNC 2007-0734; CMNC 1991-0159; CMNC 2005-0244; CMNC 1989-0182; CMNC 1989-0148; CMNC 1987-0042; CMNC 1989-0140
3417,CMNI 1990-0198; CMNML 072766; CMNML 073874; CMNML 073880; CMNML 072768; CMNML 072769; CMNML 072771; CMNML 072772
3418,""
3419,CMNC 2007-0837; CMNC 2004-1658; CMNC 1988-0554; CMNC 1992-0154; CMNC 2004-2430; CMNC 2003-0815
3420,CMNC 1990-0360; CMNC 1988-0001; CMNC 1989-0122; CMNC 1992-0155; CMNC 2004-2431
3421,CMNC 2007-0838; CMNC 1987-1150; CMNC 1992-0156
3422,CMNC 1990-0247; CMNC 1989-0120; CMNC 1992-0157; CMNC 2004-2432
3423,""
3424,""
3425,CMNC 2007-0750; CMNI 1987-0281; CMNC 1991-0453; CMNC 2005-0218; CMNC 1989-0193; CMNC 1987-1151; CMNC 1992-0158; CMNC 2004-0816; CMNC 2004-0815; CMNC 2003-1801; CMNC 2003-0813
3426,CMNC 2007-0717
3427,CMNC 1989-0617
3428,""
3429,CMNC 1987-0043; CMNML 073886; CMNML 073879
3430,CMNC 2007-0839; CMNI 1987-0274; CMNC 1992-0159; CMNC 2004-2433; CMNC 2003-0810; CMNML 073882; CMNML 073883
3431,""
3432,""
3433,""
3434,""
3435,CMNC 1982-0381; CMNC 1981-0248; CMNC 1991-0462
3436,""
3437,CMNI 1987-0282; CMNC 1987-0044
3438,CMNC 2007-0840; CMNC 1991-0465; CMNC 1990-0241; CMNC 1989-0142; CMNC 1988-0552; CMNC 1992-0160; CMNML 072780; CMNML 072779; CMNML 072774
3439,CMNC 1982-0382; CMNC 2005-0261; CMNC 2004-4332; CMNC 2002-0044; CMNML 073872
3440,""
3441,""
3442,CMNC 1990-0240; CMNC 1991-0102; CMNC 1989-0616; CMNML 073884; CMNML 052842
3443,CMNC 2007-0841; CMNC 1990-0215; CMNC 1991-0115; CMNC 1989-0180; CMNC 2004-0817; CMNC 2003-0827; CMNML 073873
3445,""
3446,""
3447,""
3448,CMNC 1991-0121
3449,CMNC 2007-0735; CMNC 1981-0063; CMNC 1989-0612; CMNC 1989-0198; CMNC 2004-0852
3450,CMNC 1991-0125
3451,CMNC 1991-0117
3452,""
3453,CMNC 1987-0812; CMNC 1987-0045; CMNC 1989-0144
3454,""
3455,""
3456,CMNC 1990-0238; CMNC 1991-0119; CMNC 2005-0219; CMNC 1989-0196; CMNC 1989-0165; CMNC 1989-0121
3457,CMNC 2007-0842; CMNC 1989-0188; CMNC 1984-0494
3458,CMNC 2007-0843; CMNC 1989-0186; CMNC 1989-0175; CMNC 2004-0818; CMNML 073887
3459,""
3460,CMNC 2007-0844; CMNA 1987-0560; CMNC 1991-0118; CMNC 2005-0216; CMNC 1989-0187; CMNML 073864; CMNML 073881
3461,""
3462,CMNC 1982-0383; CMNC 1985-0194; CMNML 073865
3463,CMNC 2007-0845; CMNC 1981-0249; CMNC 1991-0114; CMNC 1989-0619; CMNC 1989-0194; CMNC 1989-0143; CMNC 1992-0161
3464,""
3465,CMNC 1991-0123; CMNC 1989-0615; CMNC 1989-0147; CMNC 1987-0046
3466,CMNC 1990-0239; CMNC 1991-0116; CMNC 2005-0220; CMNC 1989-0614; CMNC 1989-0177; CMNC 1989-0135; CMNC 1992-0162; CMNC 2003-0779; CMNML 073875
3467,CMNC 2007-0846; CMNC 1991-0120; CMNC 1990-0237; CMNC 1989-0179; CMNC 1989-0169; CMNC 2004-5092
3468,""
3469,""
3470,CMNC 2007-0847; CMNC 1987-0813; CMNC 2005-0256; CMNC 1987-0047; CMNC 1989-0123; CMNC 1992-0163; CMNC 2003-1887; CMNC 2003-0818; CMNML 073870; CMNML 073871; CMNML 023288; CMNML 023289
3471,""
3472,""
3473,CMNC 1992-0164; CMNC 2004-2434
3474,""
3475,""
3476,CMNC 1991-0449; CMNC 1992-0165; CMNFI 1967-0050.1; CMNFI 1967-0050.2; CMNFI 1967-0050.3
2918,CMNC 1990-0233; CMNC 1987-0023; CMNC 2004-4153; CMNC 1981-1001; CMNC 2004-5416; CMNML 038854; CMNML 038865; CMNML 031321; CMNML 038915; CMNML 031269; CMNML 031270; CMNML 038877; CMNML 038878
2919,CMNC 2007-0807; CMNC 1987-0797; CMNC 1987-0672; CMNC 1987-0993; CMNC 1990-0616; CMNC 1983-0423; CMNC 1983-0422; CMNC 1983-0421; CMNC 2004-4199; CMNC 1981-1002; CMNC 1987-1146; CMNC 1990-0041; CMNC 1990-0034; CMNML 031249; CMNML 031250; CMNML 031251; CMNML 031252
2920,CMNC 2004-4148; CMNC 1981-1003
2921,CMNML 031280; CMNML 031281; CMNML 031163; CMNC 1987-0655; CMNC 1987-0024; CMNC 1981-1004; CMNC 2004-5411; CMNML 031184; CMNML 031278; CMNML 031279
2922,CMNML 031290; CMNML 031291; CMNML 031191; CMNML 031192; CMNML 031193; CMNML 031194; CMNML 031195; CMNC 2007-0683; CMNC 1987-0680; CMNC 1990-0604; CMNC 1990-0211; CMNC 2004-4220; CMNC 1981-1005; CMNC 1988-0528
2923,CMNC 1987-0664; CMNC 1990-0202; CMNC 1987-0025; CMNC 2004-4149; CMNC 1981-1006
2924,CMNC 2007-0808; CMNML 038894; CMNML 038853; CMNML 031204; CMNML 031205; CMNML 031206; CMNML 031207; CMNML 031208; CMNML 031209; CMNML 038913; CMNML 038914; CMNC 1987-0679; CMNC 1990-0201; CMNC 2004-3063; CMNC 1987-0026; CMNC 2004-4139; CMNC 1981-1007; CMNC 2004-5412
2925,CMNC 2007-0809; CMNML 031329; CMNML 038941; CMNML 031327; CMNML 031328; CMNML 031274; CMNML 031325; CMNML 031326; CMNC 2004-5418
2979,""
2980,CMNML 038942; CMNML 038900; CMNC 1982-0399; CMNC 1981-0420
2981,CMNML 031332; CMNML 031333; CMNML 031334; CMNML 031335; CMNC 1987-0798; CMNC 1990-0226
2982,CMNC 2007-0810; CMNML 038896; CMNC 2007-0684; CMNML 031330; CMNML 031262; CMNML 031263; CMNC 1987-0799; CMNC 1990-0615; CMNC 2004-5419; CMNC 2004-5050; CMNA 1987-0551
2983,CMNC 2007-0811; CMNML 031189; CMNML 031185; CMNML 031186; CMNML 031187; CMNML 031188; CMNML 031190; CMNC 1990-0200; CMNC 1990-0043; CMNC 1987-1200
2984,CMNML 031230; CMNML 038862; CMNML 038907; CMNML 038943; CMNML 031231; CMNML 031232; CMNML 031233; CMNC 1987-0994; CMNC 1990-0251; CMNC 2004-4157; CMNC 2004-4902; CMNC 2004-4894; CMNC 1990-0049
2985,""
2986,CMNC 1990-0235; CMNC 2004-4136; CMNC 1981-1008
3010,CMNML 038857; CMNML 040770; CMNML 038879; CMNML 038856
3011,CMNML 031296; CMNML 031297; CMNML 031298
3012,CMNML 031273; CMNC 1987-0995; CMNC 2004-4138; CMNC 1981-1009
3013,CMNML 038890; CMNML 031275; CMNML 031276; CMNML 031331; CMNML 065634; CMNML 065640; CMNC 1990-0224
3014,CMNC 2007-0812; CMNML 031167; CMNML 031168; CMNML 031299; CMNML 031158; CMNC 1987-0996; CMNC 1998-0003; CMNC 1987-0800; CMNC 1987-0558; CMNC 1987-0027; CMNC 2004-5435; CMNC 1987-1147; CMNC 2003-1155; CMNML 031292; CMNML 031293; CMNML 031294; CMNML 031295; CMNC 2007-0686
3015,CMNML 031166; CMNML 031164; CMNML 031165; CMNC 1987-0559; CMNC 2004-4163
3016,CMNC 2007-0813; CMNC 2007-0814; CMNML 038895; CMNML 038969; CMNC 1990-0225; CMNC 1987-0801; CMNC 2004-5406; CMNML 031183; CMNML 038908; CMNML 031180; CMNML 031181; CMNML 031182
3017,CMNC 2007-0815; CMNML 031175; CMNML 031176; CMNML 031177; CMNC 1987-0657; CMNC 1987-0802; CMNC 2004-5422; CMNML 031322; CMNML 031323; CMNML 031324; CMNA 1987-0552; CMNML 031283; CMNML 031178; CMNML 031282; CMNML 031284; CMNML 031285; CMNML 031286
3018,CMNML 031343; CMNML 031344; CMNML 031341; CMNML 031342; CMNML 038893; CMNML 031253; CMNML 031254; CMNML 031255; CMNML 031256; CMNML 031257; CMNML 031339; CMNML 031340
3019,CMNC 2007-0816; CMNML 031244; CMNML 031245; CMNML 031246; CMNML 031247; CMNML 031248; CMNML 031287; CMNML 031288; CMNML 031289; CMNC 2004-5051; CMNC 2004-4901; CMNC 1987-0803; CMNC 2004-4242; CMNC 1987-0028; CMNC 1981-1010; CMNC 2004-1402; CMNC 1990-0027; CMNI 1989-1237
3020,CMNML 031169; CMNML 031173; CMNML 038888; CMNML 031258; CMNML 031259; CMNML 038944; CMNML 031260; CMNML 031261; CMNML 031300; CMNML 031301
3021,CMNML 031277
3022,CMNC 2007-0817; CMNML 038957; CMNML 038958; CMNML 031160; CMNML 038959; CMNML 038960; CMNML 031174; CMNML 038945; CMNML 031159; CMNML 031161; CMNML 038899; CMNC 1987-0804; CMNC 1987-0967; CMNC 1990-0610; CMNC 1992-0150; CMNC 2004-5053; CMNC 1987-0560; CMNC 2004-4218; CMNC 2004-4167; CMNC 1981-1011; CMNC 1990-0046; CMNC 1987-0919
3023,""
3024,CMNC 1987-0661; CMNC 1990-0227; CMNC 1987-0805; CMNC 1987-0029; CMNC 2004-4137
3025,CMNML 031338; CMNML 031336; CMNML 031337
3026,CMNML 031268; CMNML 031266; CMNML 031267; CMNML 031238; CMNML 031239; CMNML 031240; CMNML 031241; CMNML 031242; CMNML 031243; CMNML 031264; CMNML 031265; CMNC 1985-0181; CMNC 1987-0676; CMNC 1990-0213; CMNC 1990-0613; CMNC 2004-4161; CMNC 1981-1012; CMNC 2007-0687
3027,CMNC 2007-0818; CMNML 038892; CMNC 1987-0986; CMNC 1987-0806; CMNC 1987-0659; CMNC 1990-0210; CMNC 2004-5093; CMNC 1987-0030; CMNC 2004-4135; CMNC 1981-1013; CMNC 1992-0151; CMNC 1990-0030; CMNC 1990-0025; CMNC 2007-0688
3028,CMNML 031179
3029,CMNML 031172; CMNML 038906; CMNML 038910; CMNML 038911; CMNML 038912; CMNML 031196; CMNC 1990-0232; CMNC 1981-1014
3030,CMNC 2007-0819; CMNML 038891; CMNC 1987-0997; CMNC 1992-0152; CMNC 1981-1015; CMNC 1987-1148; CMNI 1900-0714
3031,CMNC 2007-0820; CMNML 031162; CMNC 1981-1016
3032,CMNC 2007-0821; CMNC 1990-0205; CMNC 1981-1017
3033,CMNML 031236; CMNML 031237; CMNML 031202; CMNML 038889; CMNML 031201; CMNML 031203; CMNML 038947; CMNML 031197; CMNML 031198; CMNML 031199; CMNML 031200; CMNML 031234; CMNML 031235; CMNML 031302; CMNML 031303; CMNC 1990-0212; CMNC 1990-0611; CMNC 1981-1018; CMNC 2004-5088; CMNA 1987-0553
3034,CMNML 038946; CMNC 1987-0673; CMNC 1987-0658; CMNC 1990-0612; CMNC 2004-4190; CMNC 1987-0031; CMNC 1988-0538
3035,CMNC 1985-0182; CMNC 1987-0654; CMNC 2007-0689
3036,CMNML 038897; CMNC 1987-0652
2881,""
2882,""
2883,""
2884,""
2885,CMNC 2004-5054
2886,CMNC 2007-0714; CMNC 1987-0671; CMNC 1987-0017; CMNC 2004-5091; CMNC 2004-5030; CMNC 2004-4908
2887,CMNC 2007-0685; CMNC 1982-0385; CMNC 1987-0665; CMNC 1981-0841; CMNC 1983-0193; CMNC 2004-4176; CMNC 1988-0535; CMNC 2004-5431
2888,""
2889,CMNML 038972; CMNML 038973; CMNML 038970; CMNML 038971; CMNC 2004-4126; CMNC 2004-5090; CMNC 1990-0032
2890,CMNML 022347; CMNC 1987-0651; CMNC 1981-0842; CMNC 2004-4237
2891,CMNC 1987-0650; CMNC 2004-4204; CMNC 1988-0537
2892,""
2893,CMNC 1981-0843
2894,CMNML 038948; CMNML 038949
2895,""
2896,CMNML 066751; CMNC 1981-0845
2897,CMNML 038882; CMNML 038881; CMNML 038880; CMNML 038883
2898,CMNC 1987-0653; CMNC 1981-0844; CMNC 2004-4144; CMNC 1988-0544; CMNC 2004-5061
2899,CMNML 038962; CMNML 031170; CMNML 031171; CMNML 038964; CMNML 038965; CMNML 038963; CMNML 038961; CMNC 1987-0660; CMNC 1981-0846; CMNC 2004-4152; CMNC 2004-5420
2900,CMNC 2007-0732; CMNML 038858; CMNC 1987-0662
2901,CMNC 1983-0194
2902,""
2903,""
2904,""
2905,CMNC 1981-0847; CMNC 1989-0184; CMNC 2004-4160; CMNC 2004-5439; CMNC 2004-4994; CMNML 022494; CMNML 022495
2906,CMNML 038868; CMNC 2004-5040; CMNML 038869; CMNML 038966; CMNML 038967; CMNML 038968
2907,CMNC 1990-0219; CMNC 1987-0018; CMNC 2004-4166; CMNC 1988-0565; CMNC 2004-5424; CMNC 2004-4990; CMNC 2004-5028; CMNML 040860; CMNML 040861; CMNML 040862; CMNC 2006-0424
2908,CMNC 1987-0677; CMNC 2004-4165; CMNML 038866; CMNML 038867; CMNML 038953; CMNML 022493
2909,CMNC 2007-0715; CMNC 1988-0145; CMNC 1991-0452; CMNC 1981-0849; CMNC 2004-4228; CMNC 1987-0019; CMNC 2004-5429; CMNC 2004-5037; CMNML 038887; CMNC 2006-0423
2910,CMNC 2007-0716; CMNC 1987-0998; CMNC 1990-0214; CMNC 1981-0848; CMNC 1987-0020; CMNC 2004-4156; CMNC 2004-5442
2911,CMNC 1987-0656; CMNC 1998-0002; CMNC 2004-4200; CMNC 1984-0492; CMNC 2004-5441; CMNML 038860; CMNML 031807
2912,""
2913,""
2914,CMNC 1987-0647; CMNC 1990-0220; CMNC 2004-4197; CMNC 2004-5438; CMNML 038855
2915,CMNC 1987-0999; CMNC 2004-4164
2916,CMNC 1987-0646; CMNC 1990-0218; CMNC 1981-0850; CMNC 1987-0022; CMNC 2004-4155; CMNC 2004-5038
2917,""
3052,CMNC 1988-0149; CMNC 2004-4233; CMNC 1987-0032; CMNC 1981-1019; CMNC 2004-5433; CMNC 1987-0920; CMNML 038904; CMNML 031210; CMNML 031211; CMNML 031212; CMNML 031213; CMNML 038974; CMNML 038975; CMNML 038976; CMNML 038977; CMNML 038978; CMNML 038979; CMNML 038980; CMNML 038981; CMNML 038982; CMNML 038983; CMNML 038984; CMNML 038985; CMNML 022901
3053,CMNML 038987; CMNML 038951; CMNML 038986; CMNML 038937; CMNC 1987-0987; CMNC 1990-0236; CMNC 1987-0561; CMNC 1990-0051; CMNC 2003-0816; CMNML 038927; CMNML 038928; CMNML 038929; CMNML 038930; CMNML 038931; CMNML 038952; CMNML 038916; CMNML 038950
3054,""
3055,CMNC 1990-0231; CMNC 1989-0195; CMNC 2004-4177; CMNC 1987-0033; CMNC 1981-1020
3059,CMNC 1987-0988; CMNC 1990-0229; CMNC 1981-1021
3060,""
3062,CMNML 038989; CMNC 1985-0176; CMNC 1990-0203; CMNC 2004-4239; CMNC 1981-1022; CMNC 2004-5413; CMNC 2004-5033; CMNC 1990-0039; CMNA 1987-0554
3065,""
3067,CMNML 031221; CMNML 031224; CMNML 038990; CMNML 031219; CMNML 038988; CMNML 031220; CMNML 031222; CMNML 031223; CMNML 031225; CMNC 1987-0990
3070,CMNC 1985-0177; CMNC 1987-0674; CMNC 1987-0989; CMNC 1987-0034; CMNC 2004-4128; CMNC 1981-1023; CMNC 1988-0541; CMNC 1990-0056
3072,""
3077,CMNML 038954; CMNML 038955; CMNML 038956; CMNML 031227; CMNML 031228; CMNML 031226; CMNML 031229; CMNC 1987-0991; CMNC 1990-0234; CMNC 1981-1024; CMNC 2004-5032; CMNC 2004-4895
3078,CMNC 1985-0178; CMNC 1987-0613; CMNC 1990-0230; CMNC 1998-0004; CMNC 1987-0035; CMNC 2004-4154; CMNC 1981-1025; CMNC 1990-0044
3079,CMNML 038991
3080,CMNML 031311; CMNML 038993; CMNML 031309; CMNML 038992; CMNML 031310; CMNML 031312; CMNML 031308; CMNC 2004-4181; CMNC 1981-0993
3081,CMNML 038903; CMNML 038998; CMNML 038999; CMNML 038996; CMNML 038997; CMNML 038932; CMNML 038994; CMNML 038861; CMNML 038898; CMNML 038901; CMNML 038995; CMNML 048027
3082,CMNML 039115; CMNML 039116; CMNML 039117
3083,CMNC 2007-0822; CMNML 038902; CMNML 038933; CMNML 039000; CMNC 2004-4073; CMNC 1987-0808; CMNC 1987-0562; CMNC 1987-1149
3084,CMNML 038934; CMNML 038935; CMNML 031216; CMNML 031214; CMNML 031215; CMNML 031217; CMNML 031218; CMNC 1987-0663; CMNC 1990-0609; CMNC 2004-4229; CMNC 1987-0036; CMNC 1981-0994; CMNC 1990-0048
3085,""
3086,CMNC 1987-0648; CMNC 1990-0221; CMNC 2004-4235; CMNC 1987-0037; CMNC 1981-0995; CMNC 1988-0531; CMNC 2004-5445; CMNC 1990-0047; CMNA 1987-0555; CMNML 039118
3087,""
3089,CMNC 2004-2155; CMNC 2004-2154; CMNC 2004-4150; CMNC 2004-5408
3092,CMNC 1988-0148; CMNC 1998-0005; CMNC 1987-0667; CMNC 1990-0605; CMNC 1990-0204; CMNC 2004-4230; CMNC 2004-5446; CMNML 038936; CMNML 038909; CMNML 031305; CMNML 031306; CMNML 039201; CMNML 039202; CMNML 039200
3094,CMNML 031316; CMNML 031317; CMNC 1987-0809
3096,CMNC 2007-0802; CMNML 031314; CMNML 031315; CMNML 031313; CMNML 031318; CMNML 031319; CMNML 031320; CMNML 038938; CMNML 038939; CMNML 031304; CMNML 039203; CMNML 039204; CMNML 039216; CMNC 2004-5407
3103,CMNML 031272; CMNC 2004-5089; CMNC 2004-5427; CMNML 038919; CMNML 038920; CMNML 038921; CMNML 038922; CMNML 038917; CMNML 038918; CMNML 031271; CMNA 1900-2917; CMNA 1900-2916
3104,CMNC 1987-0645; CMNC 1990-0228; CMNC 2004-4195; CMNC 1988-0545; CMNC 2004-5423; CMNML 038923; CMNML 038924; CMNML 038925; CMNML 038926; CMNML 031307; CMNML 038875; CMNML 038876; CMNML 039210; CMNML 039211; CMNML 039212; CMNML 039213; CMNML 039214; CMNML 039215
3107,""
3111,CMNC 1987-0668; CMNC 1990-0223; CMNC 1990-0608; CMNC 2004-4188; CMNC 1990-0042; CMNML 038905; CMNML 038940; CMNML 039205; CMNML 039206; CMNML 039207; CMNML 039208; CMNML 039209
3113,""
753,CMNC 2007-0801; CMNC 1981-0171; CMNC 1983-0253; CMNC 2003-1800
754,CMNC 2007-0800; CMNC 1989-1374; CMNC 2004-1646; CMNC 1987-0016; CMNC 1985-0072; CMNC 1981-0237; CMNC 1984-0509; CMNC 2004-0851; CMNC 2003-0824
755,""
756,CMNC 2007-0799; CMNC 2004-0850
757,""
758,CMNC 2004-1536; CMNC 1987-0015; CMNC 2004-2429; CMNC 2004-2428; CMNC 2003-0776; CMNC 2006-0154; CMNC 2006-0336; CMNC 2006-0390
759,""
760,""
762,""
763,CMNC 1991-0497; CMNC 1982-0233; CMNC 1981-0825; CMNC 1981-0046; CMNC 1981-0236
764,CMNC 1991-0472; CMNC 1981-0047; CMNC 1981-0235; CMNC 2003-1799; CMNC 2003-0434
766,""
767,CMNC 2007-0798; CMNC 1990-0249; CMNC 2005-0205; CMNC 1981-0821; CMNC 1982-0232; CMNC 1987-0014; CMNC 1981-0820; CMNC 1983-0252; CMNC 1992-0148; CMNC 2003-1881; CMNC 2004-1381; CMNC 2003-0425
768,CMNC 2007-0797; CMNI 1987-0148; CMNC 1992-0146; CMNC 2003-1798; CMNC 2004-0849; CMNC 2003-0429
769,""
770,""
771,""
772,CMNC 2007-0796; CMNC 1997-0014; CMNC 1982-0231; CMNC 1981-0824; CMNC 1981-0234; CMNC 1983-0251; CMNC 1992-0147; CMNC 2003-0428; CMNML 047461; CMNML 047462
774,CMNC 2007-0795; CMNC 1981-0173; CMNC 1981-0822; CMNC 1981-0048; CMNC 1992-0145; CMNC 2004-0848; CMNC 2003-0427
776,CMNC 2007-0794; CMNC 1991-0494; CMNC 2005-0208; CMNC 1981-0233; CMNC 2003-0778
777,CMNI 1988-0564; CMNC 1982-0230; CMNC 1981-0823; CMNC 2003-0433
741,CMNC 2007-0793; CMNC 1981-0169; CMNC 1981-0817; CMNC 1981-0045; CMNC 1983-0248; CMNC 1981-0230
742,CMNC 2005-0207; CMNML 021090; CMNC 1981-0815; CMNC 1983-0249
743,""
744,""
745,CMNC 1982-0229; CMNC 1981-0816; CMNC 1983-0250; CMNC 1984-0508; CMNI 1988-0563
746,""
747,""
748,""
749,""
750,CMNC 2003-1882; CMNC 2004-0846
751,CMNC 1989-1376; CMNC 2004-1631; CMNC 1981-0818; CMNC 1981-0231; CMNC 1982-0380; CMNC 2007-0711
752,CMNC 1989-1375; CMNC 1992-0140; CMNC 1981-0807; CMNC 1981-0224; CMNC 2004-5004; CMNC 2003-1797; CMNC 2003-0423; CMNC 2007-0712
812,""
811,""
810,""
809,CMNC 2007-0713; CMNC 2004-2519; CMNC 1992-0144; CMNC 2004-0847; CMNC 2003-0430; CMNC 2006-0758
808,""
807,CMNC 1991-0470; CMNC 2005-0257; CMNC 1981-0170; CMNC 1981-0814; CMNC 2003-0424
805,""
806,""
783,""
784,CMNC 1991-0140; CMNI 1900-0722; CMNC 1981-0806; CMNC 1983-0190; CMNC 1984-0488; CMNI 1900-0811
785,""
786,""
787,""
788,""
789,""
790,CMNC 1991-0142; CMNC 2004-0759; CMNC 2007-0708
791,CMNC 1989-0620; CMNC 1981-0811
792,""
793,CMNC 1983-0254; CMNC 1984-0507; CMNC 1991-0495; CMNC 2005-0265; CMNC 2004-5133
794,CMNC 1981-0812; CMNC 2003-1883
795,CMNC 1982-0378; CMNML 068642
796,CMNC 1991-0446; CMNC 2005-0273; CMNC 2005-0272; CMNC 2005-0274
798,""
797,""
799,CMNC 2005-0221; CMNC 1981-0049; CMNC 1982-0379; CMNC 1984-0468; CMNC 2003-1884; CMNC 2007-0710
800,""
801,CMNC 1991-0496; CMNC 1981-0819; CMNC 1987-0914
802,""
803,CMNC 2005-0222; CMNC 1992-0143; CMNC 1981-0813; CMNC 2003-0431; CMNC 2007-0709
804,""
11527,CMNC 1981-0232; CMNC 2004-4062; CMNC 1987-0013
555177,""
555178,""
555179,""
555180,""
678,CMNC 1990-0607; CMNC 1987-0012; CMNC 1987-0794; CMNC 1987-0915; CMNC 2007-0680
679,CMNC 2004-4995
680,CMNC 2007-0681; CMNC 1990-0244; CMNC 2004-3049
681,""
682,CMNC 1987-0744
683,CMNC 2007-0682; CMNC 1990-0243; CMNC 1987-0795; CMNC 2004-5417
684,""
685,""
686,""
687,""
727,""
728,""
729,""
730,""
731,CMNC 1982-0345; CMNC 1984-0487
732,CMNC 1981-0172; CMNC 1981-0226; CMNC 1991-0413; CMNC 2003-1795; CMNC 1987-0916; CMNC 2003-0432; CMNC 1987-1206; CMNC 2007-0705
733,""
734,""
735,""
736,CMNC 1991-0498; CMNC 1992-0141; CMNC 1981-0167; CMNC 1981-0804; CMNC 1981-0042; CMNC 1981-0225; CMNC 1989-0191; CMNC 2004-5005; CMNC 2003-1793; CMNC 2003-1777; CMNC 2003-0771; CMNC 1987-1207; CMNC 2007-0703
737,CMNC 1992-0142; CMNC 1981-0043; CMNI 1988-0560; CMNC 2004-3933; CMNC 2003-1794; CMNC 2003-0426; CMNC 2007-0704
738,""
739,""
740,""
779,CMNC 2005-0262; CMNC 1982-0228; CMNC 1981-0174; CMNC 1981-0222; CMNC 1981-0044; CMNI 1988-0559
780,CMNC 1981-0803; CMNC 1981-0223
781,""
782,""
688,""
689,""
691,CMNI 1988-0561; CMNI 1988-0562; CMNC 1981-0810; CMNC 1981-0041; CMNC 1982-0376; CMNC 1983-0191; CMNC 1983-0290; CMNC 2005-0259; CMNC 2005-0260; CMNC 2003-1796; CMNC 1987-0918; CMNC 2007-0707
692,CMNC 1981-0805; CMNC 1982-0348; CMNC 1981-0168; CMNC 1981-0228; CMNC 1984-0466; CMNC 1991-0457; CMNC 1987-0917; CMNC 2007-0706
695,""
696,CMNI 1986-0690; CMNC 1982-0377; CMNC 1981-0424; CMNI 1986-0689
698,""
699,""
700,CMNC 1982-0350; CMNC 1983-0192
701,CMNC 1981-0419; CMNC 1982-0347; CMNC 1984-0465; CMNC 1984-0489; CMNC 2004-5006
703,""
705,""
710,""
713,CMNC 1981-0809; CMNC 1984-0490
715,CMNC 1981-0808; CMNC 1984-0491; CMNC 1998-0007; CMNC 1991-0138; CMNC 2005-0263
717,""
718,""
721,""
722,CMNC 1990-0628; CMNC 1982-0346; CMNC 1981-0227; CMNC 1983-0202; CMNC 1983-0203; CMNC 1984-0464
723,""
724,""
725,CMNC 1984-0467; CMNC 1982-0349; CMNC 1981-0229; CMNC 1991-0471
726,""
547,CMNC 1989-0576; CMNA 1977-0395; CMNA 1988-0076
551,""
562,CMNC 2004-4998; CMNC 1981-0213; CMNC 1984-0462; CMNC 1982-0337; CMNC 1983-0186
568,""
567,""
563,CMNC 1990-0004; CMNC 2004-5062; CMNC 1987-0905; CMNC 1990-0040; CMNC 1981-0073; CMNC 1981-0833; CMNC 2007-0701
565,""
566,""
561,CMNC 2004-3046; CMNC 1981-0832; CMNC 1984-0484
571,CMNC 1991-0456; CMNC 2004-4142; CMNC 1990-0055; CMNC 1987-0906; CMNC 1981-0219; CMNC 1987-1142; CMNC 1981-0835
572,CMNC 2007-0727; CMNC 1987-0632; CMNC 1992-0136; CMNC 2004-5064; CMNC 2004-5000; CMNC 2004-0844; CMNC 1985-0678; CMNC 1990-0037; CMNC 1990-0029; CMNC 2003-0417; CMNC 1990-0024; CMNC 1984-0463; CMNC 1988-0194; CMNC 1982-0339; CMNI 1990-0181; CMNC 2006-0412
549,CMNC 2007-0726; CMNC 1990-0016; CMNC 1981-0212; CMNC 1982-0335; CMNC 1981-0828
556,CMNC 2004-4186; CMNC 2004-4497; CMNC 2004-5436; CMNC 1987-0912; CMNC 1987-0907; CMNC 1987-0011; CMNC 1987-0793; CMNC 1986-0175; CMNC 1981-0214; CMNC 1981-0196; CMNC 1981-0834
550,""
557,CMNC 1983-0188; CMNC 1983-0227; CMNC 1983-0226; CMNC 1983-0199; CMNC 1983-0200
553,CMNC 1990-0020
554,CMNC 1990-0011; CMNC 2004-4194; CMNC 1981-0830
569,""
581,CMNC 1982-0341; CMNC 1981-0221
583,CMNC 2007-0731; CMNC 2008-1320; CMNC 1990-0012; CMNC 1991-0448; CMNC 2004-4217; CMNC 2004-5094; CMNC 2003-1792; CMNC 1981-0176; CMNC 1981-0060; CMNC 1981-0837; CMNML 070647; CMNC 2006-0411
573,CMNC 2007-0728; CMNC 2004-3250; CMNC 1992-0137; CMNC 2004-4196; CMNC 2004-0845; CMNC 2003-0817; CMNC 1981-0166; CMNC 1982-0340; CMNC 1981-0220; CMNC 2006-0413
548,CMNC 2004-4134; CMNC 1981-0827
163,CMNC 1987-0631; CMNC 1992-0138; CMNC 2004-4151; CMNC 1985-0677; CMNC 2003-0811; CMNC 1990-0031; CMNC 1990-0022; CMNC 1988-0192; CMNC 2010-6811
540,CMNC 1987-0910; CMNC 2007-0700
574,""
552,""
541,""
542,CMNC 1990-0006
546,CMNC 1990-0010; CMNC 2004-4234; CMNC 1987-0911; CMNC 1981-0836; CMNC 1981-0175
575,""
543,""
544,""
545,""
162,CMNC 1987-0634; CMNC 1990-0017; CMNC 1990-0207; CMNC 1984-0485
580,CMNC 1990-0208; CMNC 2004-4219; CMNC 1981-0826
560,CMNC 1983-0184; CMNC 1982-0336
555,CMNI 1986-0676; CMNC 1982-0334; CMNC 1983-0185; CMNC 1983-0183; CMNC 1981-0829
582,""
576,CMNC 2007-0729; CMNC 2004-3251; CMNC 1992-0139; CMNC 2004-1627; CMNC 2004-4222; CMNC 2004-5095; CMNC 1990-0052; CMNC 1987-0557; CMNC 1987-1143; CMNC 1989-0218
475805,CMNC 2004-5008
578,CMNC 2007-0730; CMNC 1990-0246; CMNC 2004-0814; CMNC 2003-1804; CMNC 2003-1791; CMNC 2003-0051; CMNC 1982-0343; CMNC 1981-0061
591,""
579,""
538,""
539,CMNC 1981-0165
537,""
536,CMNML 044455; CMNML 044456; CMNML 044457
592,""
558,CMNC 1990-0018; CMNA 1987-0244; CMNC 2004-4189; CMNC 1987-1201; CMNC 1981-0831; CMNC 1984-0486
559,""
585,CMNC 1987-0985; CMNC 2004-4193; CMNC 2004-5043; CMNC 2003-1156; CMNC 1987-0913; CMNC 1981-0838; CMNC 2007-0699
372628,CMNML 044464
584,CMNC 1983-0189; CMNC 1983-0230; CMNC 1983-0229; CMNC 1983-0228; CMNI 1986-0685; CMNC 1983-0289
588,""
587,CMNC 1983-0231; CMNC 1983-0233; CMNC 1983-0234; CMNC 1983-0232
161,CMNC 1992-0135; CMNC 2004-5069; CMNC 2004-4909; CMNC 2004-5036; CMNC 2003-1790; CMNC 2004-0843; CMNC 1987-1202; CMNC 2003-0822; CMNC 1987-0908; CMNC 1983-0187; CMNC 1982-0338; CMNC 2007-0702
570,""
589,CMNC 2007-0748; CMNC 2004-2518; CMNC 1990-0209; CMNC 2004-4132; CMNC 1990-0023; CMNC 1987-0909; CMNC 1987-1205; CMNC 1987-0796; CMNC 1990-0015; CMNC 1982-0342; CMNC 1987-1144
590,CMNC 1990-0614; CMNC 1981-0840
577,""
586,CMNC 2007-0834; CMNC 1987-0633; CMNC 1991-0468; CMNC 1990-0206; CMNC 2004-4184; CMNC 1981-0839; CMNC 1981-0074
411683,""
411684,CMNC 1990-0005; CMNC 1981-0164
12949,CMNC 2007-0725; CMNC 1981-0799; CMNC 1987-1141; CMNC 2003-1788; CMNC 1981-0208
411685,""
14241,CMNC 1981-0209; CMNC 1982-0332
411686,CMNC 1990-0019; CMNC 1983-0174; CMNC 1983-0173; CMNI 1989-0141; CMNC 2003-1787; CMNC 1987-0692
11524,CMNC 1991-0444; CMNC 1987-0010; CMNC 2003-1789; CMNC 1990-0021; CMNC 1981-0800; CMNC 1982-0333
361,CMNC 1982-0293; CMNC 1983-0175
362,CMNC 2007-0720; CMNC 1983-0286; CMNML 031419; CMNC 1981-0163; CMNC 1981-0757; CMNC 1982-0294; CMNC 1983-0176; CMNC 2004-5085; CMNC 2003-1779
363,CMNC 1982-0296; CMNC 1983-0177
364,CMNC 1981-0758; CMNC 1982-0297; CMNC 1983-0178; CMNC 2004-6044
365,CMNC 1982-0295; CMNC 1987-0695
471,CMNML 031151; CMNML 031152; CMNML 031153; CMNML 031154; CMNML 031155; CMNML 053710; CMNC 1982-0250; CMNC 1987-0982; CMNC 1991-0491; CMNC 1981-0798; CMNC 1983-0264; CMNC 1983-0314
414,CMNC 1987-0691
413,CMNA 1982-0618; CMNC 1981-0765; CMNC 2004-4241; CMNC 1987-0004; CMNC 2004-5070
415,""
407,CMNC 2007-0780; CMNC 1981-0764; CMNC 1985-0059; CMNC 1984-0512; CMNC 1987-0007; CMNC 1987-0686; CMNC 1987-0983; CMNC 1991-0443; CMNC 2004-4236; CMNC 2004-4892; CMNC 2004-5057
488579,CMNC 1983-0313; CMNC 1983-0262; CMNC 1983-0312
416,CMNML 053768; CMNML 053767; CMNML 053769; CMNML 055424
408,CMNC 2007-0781; CMNC 1981-0050; CMNC 1982-0236; CMNC 1987-0687; CMNC 1991-0474; CMNC 2004-5055; CMNC 2004-0832
419,CMNC 2007-0782; CMNC 1992-0133; CMNI 1987-0196; CMNC 1982-0239; CMNC 1984-0454; CMNC 2003-1781
410,CMNC 1987-0685; CMNC 2004-4210; CMNC 2004-4893; CMNC 1982-0235
412,CMNC 1982-0237; CMNC 1984-0513; CMNC 2004-4216
409,""
411,""
417,CMNC 1987-0689; CMNC 1987-0984; CMNC 2004-4180; CMNC 1981-0766; CMNC 1982-0238; CMNC 1987-0005; CMNML 055704
418,""
406,CMNA 1987-0500; CMNML 053723; CMNML 053722; CMNML 053724; CMNML 053725; CMNML 053726; CMNML 053742
404,""
405,CMNML 053736; CMNML 053737
420,CMNML 053738; CMNML 053739
551519,""
422,CMNML 049769
421,CMNC 1981-0788; CMNC 2004-5058; CMNML 037934
425,""
424,CMNC 2007-0783; CMNC 1982-0240; CMNC 2004-5059
427,CMNC 1981-0789
426,""
428,CMNC 1984-0458
430,CMNC 1981-0790
429,CMNC 2004-4238; CMNC 1981-0206; CMNC 1984-0455
463,""
462,""
384,CMNC 2007-0723; CMNC 1981-0054; CMNC 1987-0975; CMNC 2004-5072; CMNC 2004-0810; CMNC 1987-0699; CMNC 2003-0780
383,""
381,CMNC 2007-0722; CMNC 1988-0557; CMNI 1900-0808; CMNC 1987-0976; CMNC 2004-5017; CMNC 1981-0053; CMNC 1982-0327; CMNC 1987-1140; CMNI 1990-0195; CMNML 040076; CMNML 040077; CMNC 1987-0694
382,""
385,""
386,CMNC 1983-0288; CMNC 1983-0181
387,""
388,CMNC 2004-4141
389,CMNC 1981-0760; CMNC 1982-0329
397,CMNI 2001-0003; CMNC 1982-0330; CMNML 031809; CMNML 073876; CMNC 2004-5048; CMNC 2003-1780; CMNC 1987-0901; CMNC 2007-0698
398,""
396,CMNML 053981; CMNML 053982; CMNML 053983; CMNML 053984; CMNML 053985
395,CMNC 2007-0724; CMNC 1987-0977; CMNC 1981-0763; CMNC 1982-0331; CMNC 2004-5075
394,CMNC 1981-0762; CMNC 1984-0482; CMNML 031810; CMNC 2004-4226; CMNC 2004-4993
393,""
392,CMNC 2007-0792; CMNC 1987-0688; CMNC 1987-0979; CMNC 1992-0132; CMNC 1987-0792; CMNC 1988-0195; CMNML 031799; CMNC 2004-5084; CMNC 2004-0811
391,""
390,CMNC 1987-0902; CMNC 1987-0980; CMNC 1981-0761; CMNC 1983-0182; CMNC 2004-4205; CMNC 2004-5042; CMNC 2004-4906
366,""
402,CMNML 049491; CMNML 053857; CMNML 053858; CMNML 053859; CMNML 071133; CMNML 011257
403,""
399,""
400,CMNML 022851; CMNC 2004-4900
367,""
368,""
371,""
372,CMNC 1988-0543
370,CMNC 1981-0791; CMNC 1982-0298; CMNC 1991-0492; CMNC 2004-4209; CMNC 2004-5083
369,CMNC 1983-0179; CMNC 1983-0287; CMNC 2004-6042
373,CMNC 2007-0721; CMNC 1981-0207; CMNC 1981-0759; CMNC 1982-0299; CMNC 1987-0003; CMNC 1987-0696; CMNC 2004-5076
374,CMNML 053986; CMNML 053987
376,""
377,CMNC 1984-0483; CMNC 1982-0300; CMNC 1988-0146; CMNC 1987-0697; CMNC 1987-0981
375,CMNC 2004-4198
378,CMNML 038834
379,CMNC 1982-0326; CMNC 1988-0147; CMNC 2004-4130
380,CMNC 1982-0328; CMNC 1983-0180
404656,CMNC 1987-1145; CMNC 2004-4052; CMNC 2005-0267; CMNC 1992-0119; CMNC 2003-0787; CMNI 1989-1145
15664,CMNC 1982-0397
15478,CMNC 1982-0226; CMNC 2004-4214; CMNC 1989-0608; CMNML 060408; CMNC 1984-0453; CMNC 1982-0227; CMNC 1984-0628; CMNC 1984-0629; CMNI 1989-0380
488570,CMNC 1990-0606
14969,CMNC 1981-0801; CMNI 1900-1033; CMNI 1900-1041
201,""
197,CMNC 1983-0243
199,CMNC 1983-0244; CMNC 1983-0245
200,""
196,CMNC 1981-0400; CMNC 1983-0242; CMNC 2004-4991
198,""
195,""
202,""
189,""
188,""
207,""
187,""
208,CMNC 1983-0247
186,CMNC 1998-0008; CMNC 2004-4146; CMNC 1982-0396; CMNC 1983-0241; CMNC 1983-0320; CMNC 1981-0399
185,""
192,""
176,""
179,""
177,""
205,""
16176,CMNC 1983-0246
204,CMNC 1981-0802
484600,CMNI 1900-1039
184,CMNC 2004-4131; CMNC 1982-0284
203,CMNC 2004-4158
183,CMNC 1981-0398; CMNC 1984-0627
206,""
180,CMNC 2004-4079; CMNC 1989-1192; CMNC 1990-0245; CMNC 1981-0397
193,""
191,""
190,""
181,""
182,CMNC 1983-0240; CMNC 1983-0318; CMNC 1983-0319
173,""
174,CMNC 1987-0791
164,""
1078,""
1079,""
1080,""
1081,""
169,""
175,""
165,CMNC 2004-5415
1082,""
166,""
167,""
168,""
1083,""
171,""
170,""
172,""
992,CMNC 1982-0285; CMNC 1984-0451
993,CMNC 1982-0287
1026,CMNC 2004-4043; CMNC 2004-5078; CMNC 1982-0291; CMNC 1983-0172; CMNC 1989-0190
1027,""
1028,CMNC 2004-4094; CMNC 1982-0292; CMNC 1989-0604
1030,""
1031,""
1032,""
1033,""
1034,CMNC 2005-0204
1035,""
1036,""
1037,""
1038,""
1039,""
1040,CMNC 1987-0973
1085,""
1086,""
1087,""
1088,""
2,""
1090,""
1093,""
1094,""
1095,""
1096,""
5,CMNC 1991-0412
6,""
1097,""
7,CMNC 1991-0467
1098,""
1099,""
1100,""
8,""
3,CMNC 2003-0574
4,CMNC 2003-0575
813,CMNC 2003-0581
845,CMNC 2003-0573
846,""
847,""
849,""
848,""
850,""
14,""
880,""
881,CMNC 1989-0621
882,""
883,""
884,""
885,""
73,""
74,""
141,""
75,""
76,""
77,""
78,CMNC 2004-4891
79,CMNC 1991-0149
80,""
81,""
82,""
83,""
84,""
85,""
86,""
87,""
89,""
90,""
91,""
92,""
93,""
94,""
96,""
97,""
98,CMNI 1900-1034
886,""
891,""
99,""
100,""
101,""
892,""
893,""
102,""
103,""
104,""
894,CMNC 2004-5039; CMNC 2004-0842; CMNC 1987-1138; CMNI 1988-0573
105,""
106,""
895,""
107,""
143,""
108,""
896,CMNC 1991-0156; CMNC 1981-0392; CMNC 1989-0609
897,CMNC 1981-0391
898,""
899,""
900,""
901,CMNC 1991-0148
15,""
902,""
903,""
904,""
905,""
906,""
924,CMNC 1987-0684; CMNC 2004-5432; CMNI 1989-0226
925,CMNC 1987-0971; CMNC 2004-5434; CMNC 1981-0390
926,CMNC 2004-5428
927,""
928,""
16,""
17,""
455852,CMNC 2003-0585
929,""
930,CMNC 2004-4244; CMNC 2004-5426; CMNC 1981-0394
931,""
932,""
933,""
934,CMNC 2007-0719; CMNC 2004-5082
18,""
935,CMNC 1981-0393
951,CMNC 1987-0972
952,CMNC 1987-0970
953,""
109,CMNI 1987-0147; CMNA 1987-0556
110,CMNC 1990-0053; CMNC 1990-0028
455811,CMNC 2003-0579
19,""
20,""
21,""
22,""
23,""
24,""
25,""
26,""
27,""
28,""
29,CMNA 1978-0364
30,""
31,""
9,""
32,""
33,""
34,""
844,""
35,CMNC 2003-0577
36,""
37,""
38,""
39,""
40,""
41,""
42,""
43,""
44,""
851,""
852,CMNC 2003-0576
45,""
853,""
854,""
855,CMNC 2003-0584
10,""
856,CMNC 2003-0582
857,""
46,""
47,""
48,CMNI 1900-1032; CMNI 1900-1040
49,""
50,""
51,""
858,""
11,""
12,""
52,""
53,""
54,""
55,""
56,""
57,""
58,""
859,""
860,""
59,""
861,""
862,""
863,CMNC 2004-4989
864,""
60,""
865,""
111,CMNC 2003-0583; CMNI 1900-1098
112,CMNML 020340
61,""
62,""
63,""
64,""
65,""
66,""
866,""
867,CMNA 1982-1143
868,CMNC 1981-0388
113,""
869,CMNC 1987-0968
870,""
871,""
872,CMNC 2005-0209
873,""
67,""
68,""
69,""
875,""
876,CMNC 1991-0459; CMNC 2005-0203
13,""
877,CMNC 2004-5421
70,""
71,""
878,""
72,""
879,CMNC 2004-4988
142,""
994,CMNC 1992-0117; CMNC 1987-1137
995,""
996,""
997,CMNC 1982-0288; CMNC 1984-0452
998,""
999,CMNC 1984-0481
1000,CMNI 1900-2735
1001,""
1002,CMNI 1900-2732
1003,""
1004,""
1005,""
1010,""
1025,""
1012,""
1014,""
1017,""
1016,CMNC 2003-0045; CMNC 1981-0058
1015,CMNC 1982-0289
1018,CMNC 1981-0387
1019,""
1020,""
1021,CMNC 1982-0290
1022,""
1023,""
1024,""
1042,CMNC 2004-4129; CMNC 2004-5444; CMNC 1988-0542
1043,""
1044,CMNC 2004-5425
1045,""
1046,CMNC 2004-5026; CMNC 2004-4080; CMNPA 1900-0523
1048,CMNC 2004-4904; CMNI 1900-1138; CMNI 1900-1309; CMNPA 1900-0520
1049,CMNC 2004-5443
1050,CMNC 2004-4677; CMNC 2004-5074; CMNI 1900-1182
1051,CMNC 2004-3604
1053,""
1055,""
1057,CMNC 2004-4087
1058,""
1059,""
1060,CMNC 1991-0151; CMNC 2004-5430; CMNC 1981-0059; CMNC 1982-0283; CMNC 1989-0625
1061,CMNC 1988-0527
1062,""
475408,CMNC 2004-5414; CMNC 2004-4211
436745,CMNC 1987-0693; CMNC 1984-0384
435148,CMNC 1989-0578
1101,""
1102,""
1103,""
1104,""
1105,CMNML 032135; CMNML 032136; CMNML 032137; CMNML 032138; CMNML 032134
1106,""
1133,""
1107,""
1108,CMNC 1989-0577
1109,CMNML 068650
1110,""
1111,""
1112,""
1113,""
1115,""
1116,""
1134,""
1135,""
1117,CMNC 2003-0578
1118,""
1119,""
1120,""
1121,""
1122,""
1123,""
1124,CMNML 029651; CMNML 029652
1125,""
1126,""
1127,CMNML 029650
1128,CMNML 032139; CMNML 032140; CMNML 032142
1129,""
1130,""
1131,CMNML 029999; CMNML 030000
1132,CMNA 1987-0501
1063,""
1064,""
1065,""
1066,""
1067,""
1068,""
1069,""
1070,CMNC 1983-0239; CMNC 1989-0601
1071,""
1072,""
1073,""
1074,""
1075,""
1076,""
1077,""
954,""
956,""
958,""
960,""
963,""
965,""
966,""
967,""
968,""
969,""
972,""
973,""
974,CMNC 2004-4435; CMNC 1987-0969; CMNC 2004-4213
975,CMNC 2004-5045; CMNC 1987-0635; CMNC 2004-4227
982,""
983,""
984,""
985,""
986,""
987,CMNI 1988-0557
988,""
989,""
990,CMNC 2003-1775; CMNC 2004-4498; CMNC 2004-5060; CMNC 2004-5079; CMNC 2003-1776; CMNC 2003-0823; CMNC 2003-0781; CMNC 1982-0286; CMNC 1989-0602; CMNI 1900-1292
