field_name,MIMSY_field_name,field_type,field_length,field_example,emu_module,emu_column,migration_instructions
id,ACQUISITION_SOURCES.ID,integer,,1411,"","",""
acquisition_id,ACQUISITION_SOURCES.AKEY,integer,,2914,"","",""
person_id,ACQUISITION_SOURCES.LINK_ID,integer,,6418,"","",""
person_variation_id,ACQUISITION_SOURCES.NVARKEY,integer,10,32763,"","",""
source,ACQUISITION_SOURCES.SOURCE,string,4000,"Desmeules, M.","","",""
source_role,ACQUISITION_SOURCES.SOURCE_ROLE,string,100,donor,"","",""
contact,ACQUISITION_SOURCES.CONTACT,string,500,Rodney Savidge,"","",""
address,ACQUISITION_SOURCES.ADDRESS,string,500,"Canadian Museum of Nature
Research Division
P.O. Box 3443, Sta.""D""
Ottawa
Ontario
K1P 6P4
Canada","","",""
amount_paid,ACQUISITION_SOURCES.AMOUNT_PAID,decimal,,,"","",""
note,ACQUISITION_SOURCES.NOTE,string,4000,Inuit hunters,"","",""
unlinked_value,ACQUISITION_SOURCES.UNLINKED_VALUE,string,500,1950 Expedition,"","",""
