field_name,MIMSY_field_name,field_type,field_length,field_example,emu_module,emu_column,migration_instructions
id,ACQUISITIONS.AKEY,integer,,272,"","",""
acquisition_number,ACQUISITIONS.REF_NUMBER,string,48,1919-048,eaccessionlots,AcqAcquisitionIdentifier,""
status,ACQUISITIONS.STATUS,string,100,approved,eaccessionlots,LotRecordType,""
status_date,ACQUISITIONS.STATUS_DATE,string,11,1972-09-29,"","",""
requested_by,ACQUISITIONS.REQUESTED_BY,string,500,"Laframboise, Sylvie",eaccessionlots,AcqRecommededBy,""
request_date,ACQUISITIONS.REQUEST_DATE,string,11,1994-07-18,eaccessionlots,AcqRecommendedDate,""
authorized_by,ACQUISITIONS.AUTHORIZED_BY,string,500,"Robinson, George",eaccessionlots,AppApprovedBy_tab,Individual people names separated by semi-colons
date_authorized,ACQUISITIONS.DATE_AUTHORIZED,string,11,1973-10-02,eaccessionlots,AcqDateApproved,""
method,ACQUISITIONS.METHOD,string,500,donation,eaccessionlots,AcqAcquisitionMethod,""
legal_date,ACQUISITIONS.LEGAL_DATE,string,11,1963-08-26,eaccessionlots,AcqDateOwnership,""
legal_date_display,ACQUISITIONS.LEGAL_DATE_DISPLAY,string,100,1983-10-13,"","",""
reason,ACQUISITIONS.REASON,string,4000,"Sharp-tailed Grouse, Rock Ptarmigan from Great Whale River, Quebec.",eaccessionlots,AcqDescriptionOfRationale,""
total_requested,ACQUISITIONS.TOTAL_REQUESTED,string,4000,0,"","",""
total_approved,ACQUISITIONS.TOTAL_APPROVED,integer,10,10,eaccessionlots,LotQuantity_tab,""
decision_reason,ACQUISITIONS.DECISION_REASON,string,4000,These specimens are important to the CMN's Arctic Flora project.  They build the historic and ongoing Arctic strength of the National Herbarium of Canada.,"","",""
total_offer_price,ACQUISITIONS.TOTAL_OFFER_PRICE,decimal,,,"","",""
total_price,ACQUISITIONS.TOTAL_PRICE,decimal,,450.0,"","",""
currency,ACQUISITIONS.CURRENCY,string,100,USD,"","",""
terms,ACQUISITIONS.TERMS,string,4000,File includes letter transferring title.,"","",""
provisos,ACQUISITIONS.PROVISOS,string,4000,The donation has been made to the Canadian Museum of Nature and therefore the emerald would not end up in an Independent Quebec.,eaccessionlots,AcqRestrictionsProvisos_tab,""
external_file,ACQUISITIONS.EXTERNAL_FILE,string,500,Registrar's Office,"","",""
note,ACQUISITIONS.NOTE,string,4000,CDC #1995-059,eaccessionlots,AcqAcquisitionRemarks,""
collection,ACQUISITIONS.OPTION1,string,4000,Bird,eaccessionlots,LotObjectType_tab,""
flag1,ACQUISITIONS.FLAG1,boolean,,false,"","",""
flag2,ACQUISITIONS.FLAG2,boolean,,false,"","",""
created_by,ACQUISITIONS.CREATED_BY,string,32,CONVERSION,"","",""
create_date,ACQUISITIONS.CREATE_DATE,datetime,,1999-09-01 00:00:00 UTC,"","",""
updated_by,ACQUISITIONS.UPDATED_BY,string,32,XGVIEWS,"","",""
update_date,ACQUISITIONS.UPDATE_DATE,datetime,,2016-08-15 11:29:11 UTC,"","",""
