field_name,MIMSY_field_name,field_type,field_length,field_example,emu_module,emu_column,migration_instructions
id,ACQUISITIONS_MEDIA.ID,integer,,89,"","",""
medium_id,ACQUISITIONS_MEDIA.MEDIAKEY,integer,,7348,"","",""
media,ACQUISITIONS_MEDIA.MEDIA,string,4000,ACQ3025_3028.jpg,"","",""
acquisition_id,ACQUISITIONS_MEDIA.AKEY,integer,,25146,"","",""
acquisition,ACQUISITIONS_MEDIA.ACQUISITION,string,4000,1950-033,"","",""
note,ACQUISITIONS_MEDIA.NOTE,string,4000,"GSC photo 30824, May 3, 1915","","",""
