field_name,MIMSY_field_name,field_type,field_length,field_example,emu_module,emu_column,migration_instructions
id,ACQUISITION_ITEMS.ID,integer,,384508,"","",""
acquisition_id,ACQUISITION_ITEMS.AKEY,integer,,33983,"","",Linking for ecatalogue::AccAccessionLot
catalog_id,ACQUISITION_ITEMS.M_ID,integer,,763705,"","",Linking for ecatalogue::AccAccessionLot
id_number,ACQUISITION_ITEMS.ID_NUMBER,string,48,CMNI 1977-0446,"","",""
description,ACQUISITION_ITEMS.ITEM_SUMMARY,string,4000,"Terebratella transversa
Dawson, George M.
1885-09-08","","",""
status,ACQUISITION_ITEMS.STATUS,string,100,approved,"","",""
status_date,ACQUISITION_ITEMS.STATUS_DATE,string,11,1996-10-01,"","",""
accession_date,ACQUISITION_ITEMS.ACCESSION_DATE,string,11,2013-03-25,"","",""
title_transfer_requested,ACQUISITION_ITEMS.TITLE_TRANSFER_REQUESTED,boolean,,false,"","",""
transfer_date,ACQUISITION_ITEMS.TRANSFER_DATE,string,11,,"","",""
total_cost,ACQUISITION_ITEMS.TOTAL_COST,string,13,0.00,"","",""
item_marked,ACQUISITION_ITEMS.ITEM_MARKED,boolean,,false,"","",""
marking_method,ACQUISITION_ITEMS.MARKING_METHOD,string,500,,"","",""
reproduction_requested,ACQUISITION_ITEMS.REPRODUCTION_REQUESTED,boolean,,false,"","",""
note,ACQUISITION_ITEMS.NOTE,string,4000,Collection/Expedition name: Museum Expedition,"","",""
flag1,ACQUISITION_ITEMS.FLAG1,boolean,,false,"","",""
flag2,ACQUISITION_ITEMS.FLAG2,boolean,,false,"","",""
catalogued,ACQUISITION_ITEMS.CATALOGUED,boolean,,true,"","",""
id_sort,ACQUISITION_ITEMS.ID_SORT,string,4000,CMNAV0061909,"","",""
created_by,ACQUISITION_ITEMS.CREATED_BY,string,32,ANACTORIA,"","",""
create_date,ACQUISITION_ITEMS.CREATE_DATE,datetime,,2009-11-24 16:20:50 UTC,"","",""
updated_by,ACQUISITION_ITEMS.UPDATED_BY,string,32,JPRICE,"","",""
update_date,ACQUISITION_ITEMS.UPDATE_DATE,datetime,,2010-01-14 16:05:06 UTC,"","",""
