field_name,MIMSY_field_name,field_type,field_length,field_example,emu_module,emu_column,migration_instructions
id,ACTIONS.ACTKEY,integer,,,"","",""
actreqkey,ACTIONS.ACTREQKEY,decimal,,,"","",""
table_key,ACTIONS.TABLE_KEY,integer,10,,"","",""
table_name,ACTIONS.TABLE_NAME,string,32,,"","",""
reference_number,ACTIONS.REFERENCE_NUMBER,string,48,,"","",""
item_summary,ACTIONS.ITEM_SUMMARY,string,4000,,"","",""
action_type,ACTIONS.ACTION_TYPE,string,100,,"","",""
job_number,ACTIONS.JOB_NUMBER,string,48,,"","",""
action_by,ACTIONS.ACTION_BY,string,500,,"","",""
action_due_date,ACTIONS.ACTION_DUE_DATE,string,11,,"","",""
status,ACTIONS.STATUS,string,100,,"","",""
status_date,ACTIONS.STATUS_DATE,string,11,,"","",""
move_to,ACTIONS.MOVE_TO,string,500,,"","",""
action_completed_on,ACTIONS.ACTION_COMPLETED_ON,string,11,,"","",""
note,ACTIONS.NOTE,string,4000,,"","",""
private,ACTIONS.PRIVATE,boolean,,,"","",""
requested_by,ACTIONS.REQUESTED_BY,string,100,,"","",""
option1,ACTIONS.OPTION1,string,500,,"","",""
option2,ACTIONS.OPTION2,string,500,,"","",""
number1,ACTIONS.NUMBER1,decimal,,,"","",""
number2,ACTIONS.NUMBER2,decimal,,,"","",""
date1,ACTIONS.DATE1,string,11,,"","",""
date2,ACTIONS.DATE2,string,11,,"","",""
flag1,ACTIONS.FLAG1,boolean,,,"","",""
flag2,ACTIONS.FLAG2,boolean,,,"","",""
carryover,ACTIONS.CARRYOVER,string,4000,,"","",""
created_by,ACTIONS.CREATED_BY,string,32,,"","",""
create_date,ACTIONS.CREATE_DATE,datetime,,,"","",""
updated_by,ACTIONS.UPDATED_BY,string,32,,"","",""
update_date,ACTIONS.UPDATE_DATE,datetime,,,"","",""
