field_name,MIMSY_field_name,field_type,field_length,field_example,emu_module,emu_column,migration_instructions
id,AUDITS.AUDKEY,integer,,,"","",""
record_view,AUDITS.RECORD_VIEW,decimal,,,"","",""
audit_number,AUDITS.AUDIT_NUMBER,string,48,,"","",""
reason,AUDITS.AUDIT_REASON,string,4000,,"","",""
authorized_by,AUDITS.AUTHORIZED_BY,string,500,,"","",""
date_authorized,AUDITS.DATE_AUTHORIZED,string,11,,"","",""
audit_by,AUDITS.AUDIT_BY,string,500,,"","",""
begin_date,AUDITS.BEGIN_DATE,string,11,,"","",""
end_date,AUDITS.END_DATE,string,11,,"","",""
status,AUDITS.STATUS,string,100,,"","",""
status_date,AUDITS.STATUS_DATE,string,11,,"","",""
number_audited,AUDITS.NUMBER_AUDITED,integer,10,,"","",""
total_requested,AUDITS.TOTAL_REQUESTED,decimal,,,"","",""
number_missing,AUDITS.NUMBER_NOT_FOUND,integer,10,,"","",""
external_file,AUDITS.EXTERNAL_FILE,string,500,,"","",""
note,AUDITS.NOTE,string,4000,,"","",""
option1,AUDITS.OPTION1,string,4000,,"","",""
option2,AUDITS.OPTION2,string,1000,,"","",""
number1,AUDITS.NUMBER1,decimal,,,"","",""
number2,AUDITS.NUMBER2,decimal,,,"","",""
date1,AUDITS.DATE1,string,11,,"","",""
date2,AUDITS.DATE2,string,11,,"","",""
flag1,AUDITS.FLAG1,boolean,,,"","",""
flag2,AUDITS.FLAG2,boolean,,,"","",""
created_by,AUDITS.CREATED_BY,string,32,,"","",""
create_date,AUDITS.CREATE_DATE,datetime,,,"","",""
updated_by,AUDITS.UPDATED_BY,string,32,,"","",""
update_date,AUDITS.UPDATE_DATE,datetime,,,"","",""
