field_name,MIMSY_field_name,field_type,field_length,field_example,emu_module,emu_column,migration_instructions
id,ITEMS_SUBJECTS.AUTHLINKKEY,integer,,,"","",""
catalog_id,ITEMS_SUBJECTS.MKEY,integer,,,"","",""
subject_id,ITEMS_SUBJECTS.SUBKEY,integer,,,"","",""
sort,ITEMS_SUBJECTS.STEP,integer,10,,"","",""
relationship,ITEMS_SUBJECTS.RELATIONSHIP,string,500,,"","",""
affiliation,ITEMS_SUBJECTS.AFFILIATION,string,500,,"","",""
begin_date,ITEMS_SUBJECTS.BEGIN_DATE,string,11,,"","",""
end_date,ITEMS_SUBJECTS.END_DATE,string,11,,"","",""
portion,ITEMS_SUBJECTS.PORTION,string,500,,"","",""
position,ITEMS_SUBJECTS.POSITION,string,500,,"","",""
attribution_type,ITEMS_SUBJECTS.ATTRIB_TYPE,string,100,,"","",""
attributor,ITEMS_SUBJECTS.ATTRIBUTOR,string,500,,"","",""
attribution_date,ITEMS_SUBJECTS.ATTRIB_DATE,string,11,,"","",""
attribution_source,ITEMS_SUBJECTS.ATTRIB_SOURCE,string,500,,"","",""
certainty,ITEMS_SUBJECTS.CERTAINTY,string,500,,"","",""
attribution_comment,ITEMS_SUBJECTS.ATTRIB_COMMENT,string,4000,,"","",""
note,ITEMS_SUBJECTS.NOTE,string,4000,,"","",""
option1,ITEMS_SUBJECTS.OPTION1,string,4000,,"","",""
option2,ITEMS_SUBJECTS.OPTION2,string,1000,,"","",""
option3,ITEMS_SUBJECTS.OPTION3,string,500,,"","",""
option4,ITEMS_SUBJECTS.OPTION4,string,500,,"","",""
unlinked_value,ITEMS_SUBJECTS.UNLINKED_VALUE,string,500,,"","",""
prior_attribution,ITEMS_SUBJECTS.PRIOR_ATTRIBUTION,boolean,,,"","",""
importance,ITEMS_SUBJECTS.IMPORTANCE,decimal,,,"","",""
subject_variation_id,ITEMS_SUBJECTS.SVARKEY,integer,,,"","",""
subject,ITEMS_SUBJECTS.SUBJECT,string,4000,,"","",""
