field_name,MIMSY_field_name,field_type,field_length,field_example,emu_module,emu_column,migration_instructions
id,MEASUREMENTS.ID,integer,,1423,"","",""
catalog_id,MEASUREMENTS.MKEY,integer,,53580,"","",""
part_measured,MEASUREMENTS.PART_MEASURED,string,500,whole,"","",""
type,MEASUREMENTS.MEASUREMENT_TYPE,string,100,total length,"","",""
imperial,MEASUREMENTS.IMPERIAL,boolean,,false,"","",""
dimension1,MEASUREMENTS.DIMENSION1,decimal,,120.0,"","",""
unit1,MEASUREMENTS.UNIT1,string,5,mm,"","",""
dimension2,MEASUREMENTS.DIMENSION2,decimal,,154.0,"","",""
unit2,MEASUREMENTS.UNIT2,string,5,mm,"","",""
dimension3,MEASUREMENTS.DIMENSION3,decimal,,6.3,"","",""
unit3,MEASUREMENTS.UNIT3,string,5,mm,"","",""
dimension4,MEASUREMENTS.DIMENSION4,decimal,,,"","",""
unit4,MEASUREMENTS.UNIT4,string,5,mm,"","",""
weight1,MEASUREMENTS.WEIGHT1,decimal,,64.0,"","",""
wunit1,MEASUREMENTS.WUNIT1,string,5,g,"","",""
weight2,MEASUREMENTS.WEIGHT2,decimal,,,"","",""
wunit2,MEASUREMENTS.WUNIT2,string,5,kg,"","",""
cdimension1,MEASUREMENTS.CDIMENSION1,string,4000,"5,62992","","",""
cunit1,MEASUREMENTS.CUNIT1,string,4000,in,"","",""
cdimension2,MEASUREMENTS.CDIMENSION2,string,4000,"6,5748","","",""
cunit2,MEASUREMENTS.CUNIT2,string,4000,in,"","",""
cdimension3,MEASUREMENTS.CDIMENSION3,string,4000,"24,2126","","",""
cunit3,MEASUREMENTS.CUNIT3,string,4000,in,"","",""
cdimension4,MEASUREMENTS.CDIMENSION4,string,4000,,"","",""
cunit4,MEASUREMENTS.CUNIT4,string,4000,in,"","",""
cweight1,MEASUREMENTS.CWEIGHT1,decimal,,115.0819,"","",""
cwunit1,MEASUREMENTS.CWUNIT1,string,4000,oz,"","",""
cweight2,MEASUREMENTS.CWEIGHT2,decimal,,,"","",""
cwunit2,MEASUREMENTS.CWUNIT2,string,4000,lbs,"","",""
display,MEASUREMENTS.DISPLAY,string,500,235 mm,"","",""
note,MEASUREMENTS.NOTE,string,4000,,"","",""
prior_attribution,MEASUREMENTS.PRIOR_ATTRIBUTION,boolean,,false,"","",""
