field_name,MIMSY_field_name,field_type,field_length,field_example,emu_module,emu_column,migration_instructions
id,CATALOGUE.MKEY,integer,,5135,"","",""
language,CATALOGUE.LANGUAGE,string,3,eng,"","",""
catalog_number,CATALOGUE.ID_NUMBER,string,48,CMNA 1988-0126,ecatalogue,CatId,""
collection_code,CATALOGUE.ID_PREFIX,string,6,CMNA,ecatalogue,CatPrefix,""
collection,CATALOGUE.CATEGORY1,string,100,Bryophyte,ecatalogue,CatCollection,""
scientific_name,CATALOGUE.ITEM_NAME,string,500,Bdelyropsis newtoni,"","",""
specimen_name,CATALOGUE.TITLE,string,500,ventral shield,"","",""
maker,CATALOGUE.MAKER,string,500,,"","",""
collector,CATALOGUE.COLLECTOR,string,500,"Cooper, P.F","","",""
place_collected,CATALOGUE.PLACE_COLLECTED,string,500,Pacific Ocean: Juan de Fuca Ridge,"","",""
date_collected,CATALOGUE.DATE_COLLECTED,string,500,1971,"","",""
place_made,CATALOGUE.PLACE_MADE,string,500,,"","",""
site,CATALOGUE.SITE,string,500,"L 12370: Minnesota, Grand Portage Island","","",""
culture,CATALOGUE.CULTURE,string,500,,"","",""
date_made,CATALOGUE.DATE_MADE,string,500,,"","",""
specimen_nature,CATALOGUE.MATERIALS,string,500,fluid,"","",""
sex,CATALOGUE.SEX,string,500,adult 1;juvenile,"","",""
geologic_age,CATALOGUE.AGE,string,500,Eocene (lower),"","",""
stage,CATALOGUE.STAGE,string,500,adult,"","",""
measurements,CATALOGUE.MEASUREMENTS,string,500,40 ft.,"","",""
description,CATALOGUE.DESCRIPTION,string,4000,Common on gravel ridges and well drained slopes.,"","",""
acquisition_number,CATALOGUE.CREDIT_LINE,string,500,IZ1985-074,ecatalogue,AccAccessionLot,""
item_count,CATALOGUE.ITEM_COUNT,integer,10,1,ecatalogue,PreTotalSpecimenCount,""
system_count,CATALOGUE.SYSTEM_COUNT,integer,10,,"","",""
parent_key,CATALOGUE.PARENT_KEY,integer,10,,"","",""
broader_text,CATALOGUE.BROADER_TEXT,string,4000,,"","",""
whole_part,CATALOGUE.WHOLE_PART,string,100,whole,"","",""
home_location,CATALOGUE.HOME_LOCATION,string,500,Natural Heritage Building/ Herbarium,"","",""
note,CATALOGUE.NOTE,string,4000,"Specimen remarks: /Idr: Madill, Jacqueline, 13 NOV 1987","","",""
language_of_material,CATALOGUE.LANGUAGE_OF_MATERIAL,string,100,eng,"","",""
option1,CATALOGUE.OPTION1,string,4000,"Remarks: Referred to the genus Stephensoniella, see Coates 1983b, p. 416-148, fig. 3.","","",""
option2,CATALOGUE.OPTION2,string,2000,,"","",""
option3,CATALOGUE.OPTION3,string,500,buccal cavity,"","",""
option4,CATALOGUE.OPTION4,string,500,"Original collector: Appy, Ralph G.","","",""
option5,CATALOGUE.OPTION5,string,500,,"","",""
option6,CATALOGUE.OPTION6,string,500,,"","",""
option7,CATALOGUE.OPTION7,string,500,,"","",""
flag1,CATALOGUE.FLAG1,boolean,,false,"","",""
flag2,CATALOGUE.FLAG2,boolean,,false,"","",""
flag3,CATALOGUE.FLAG3,boolean,,false,"","",""
gbif,CATALOGUE.FLAG4,boolean,,true,"","",""
publish,CATALOGUE.PUBLISH,boolean,,true,"","",""
loan_allowed,CATALOGUE.LOAN_ALLOWED,boolean,,false,"","",""
offsite,CATALOGUE.OFFSITE,boolean,,false,"","",""
create_date,CATALOGUE.CREATE_DATE,datetime,,1999-01-11 00:00:00 UTC,"","",""
created_by,CATALOGUE.CREATED_BY,string,32,CONVERSION,"","",""
update_date,CATALOGUE.UPDATE_DATE,datetime,,2016-07-27 10:08:10 UTC,"","",""
updated_by,CATALOGUE.UPDATED_BY,string,32,XGVIEWS,"","",""
location,CATALOGUE.LOCATION,string,4000,Natural Heritage Building/ Herbarium,"","",""
location_date,CATALOGUE.LOCATION_DATE,string,4000,2013-06-11,"","",""
location_levels,CATALOGUE.LOCATION_LEVELS,string,4000,,"","",""
condition,CATALOGUE.CONDITION,string,4000,very good,"","",""
condition_date,CATALOGUE.CONDITION_DATE,string,4000,2010-04-12,"","",""
valuation,CATALOGUE.VALUATION,string,4000,,"","",""
valuation_date,CATALOGUE.VALUATION_DATE,string,4000,,"","",""
legal_status,CATALOGUE.LEGAL_STATUS,string,4000,permanent collection,"","",""
