field_name,MIMSY_field_name,field_type,field_length,field_example,emu_module,emu_column,migration_instructions
id,ITEMS_PEOPLE.AUTHLINKKEY,integer,,3566820,"","",""
catalog_id,ITEMS_PEOPLE.MKEY,integer,,491239,"","",""
person_id,ITEMS_PEOPLE.LINK_ID,integer,,23258,"","",""
relationship,ITEMS_PEOPLE.RELATIONSHIP,string,500,dealer,"","",""
begin_date,ITEMS_PEOPLE.BEGIN_DATE,string,11,1975-10-20,"","",""
end_date,ITEMS_PEOPLE.END_DATE,string,11,2015,"","",""
note,ITEMS_PEOPLE.NOTE,string,4000,(GSC transfer of specimens),"","",""
prior_attribution,ITEMS_PEOPLE.PRIOR_ATTRIBUTION,boolean,,false,"","",""
name,ITEMS_PEOPLE.NAME,string,4000,"Dyke, Arthur S.","","",""
