field_name,MIMSY_field_name,field_type,field_length,field_example,emu_module,emu_column,migration_instructions
id,ITEM_NAMES.ID,integer,,48,"","",""
catalog_id,ITEM_NAMES.MKEY,integer,,6598,"","",""
prior_name,ITEM_NAMES.PRIOR_NAME,boolean,,false,"","",""
type,ITEM_NAMES.TNA_TYPE,string,100,scientific name,"","",""
scientific_name,ITEM_NAMES.ITEM_NAME,string,500,Dina parva,"","",""
attribution_type,ITEM_NAMES.ATTRIB_TYPE,string,100,,"","",""
attributor,ITEM_NAMES.ATTRIBUTOR,string,500,"Gillett, J.M.","","",""
attribution_date,ITEM_NAMES.ATTRIB_DATE,string,11,2009-05,"","",""
attribution_source,ITEM_NAMES.ATTRIB_SOURCE,string,500,Studies in ARMERIA Wild.,"","",""
certainty,ITEM_NAMES.CERTAINTY,string,500,,"","",""
attribution_comment,ITEM_NAMES.ATTRIB_COMMENT,string,,A,"","",""
note,ITEM_NAMES.NOTE,string,4000,for all specimens on sheet,"","",""
