field_name,MIMSY_field_name,field_type,field_length,field_example,emu_module,emu_column,migration_instructions
id,OTHER_MEASUREMENTS.ID,integer,,1108,"","",""
catalog_id,OTHER_MEASUREMENTS.MKEY,integer,,225852,"","",""
part_measured,OTHER_MEASUREMENTS.PART_MEASURED,string,500,overall size,"","",""
type,OTHER_MEASUREMENTS.OM_TYPE,string,100,size grade,"","",""
measurement,OTHER_MEASUREMENTS.MEASUREMENT,decimal,,19.05,"","",""
unit,OTHER_MEASUREMENTS.UNIT,string,100,mm,"","",""
size,OTHER_MEASUREMENTS.SIZE_MEASURE,string,500,Grade 1/8,"","",""
note,OTHER_MEASUREMENTS.NOTE,string,4000,68.5 mm,"","",""
prior_attribution,OTHER_MEASUREMENTS.PRIOR_ATTRIBUTION,boolean,,false,"","",""
