field_name,MIMSY_field_name,field_type,field_length,field_example,emu_module,emu_column,migration_instructions
id,ITEMS_PLACES_COLLECTED.AUTHLINKKEY,integer,,3567040,"","",""
catalog_id,ITEMS_PLACES_COLLECTED.MKEY,integer,,586600,"","",""
place_id,ITEMS_PLACES_COLLECTED.PLACEKEY,integer,,13896,"","",""
specific_locale,ITEMS_PLACES_COLLECTED.SPECIFIC_LOCALE,string,500,,"","",""
habitat,ITEMS_PLACES_COLLECTED.HABITAT,string,500,,"","",""
relationship,ITEMS_PLACES_COLLECTED.RELATIONSHIP,string,500,,"","",""
portion,ITEMS_PLACES_COLLECTED.PORTION,string,500,,"","",""
attributor,ITEMS_PLACES_COLLECTED.ATTRIBUTOR,string,500,,"","",""
attribution_date,ITEMS_PLACES_COLLECTED.ATTRIB_DATE,string,11,,"","",""
attribution_comment,ITEMS_PLACES_COLLECTED.ATTRIB_COMMENT,string,4000,,"","",""
note,ITEMS_PLACES_COLLECTED.NOTE,string,4000,,"","",""
prior_attribution,ITEMS_PLACES_COLLECTED.PRIOR_ATTRIBUTION,boolean,,false,"","",""
place_variation_id,ITEMS_PLACES_COLLECTED.PLACEVARKEY,integer,10,,"","",""
place,ITEMS_PLACES_COLLECTED.PLACE,string,4000,"Asia: Iran, South Khorasan Prov.","","",""
