field_name,MIMSY_field_name,field_type,field_length,field_example,emu_module,emu_column,migration_instructions
id,ITEMS_TERMS.AUTHLINKKEY,integer,,3554654,"","",""
catalog_id,ITEMS_TERMS.MKEY,integer,,764029,"","",""
thesaurus_id,ITEMS_TERMS.CLASS_ID,integer,,1178958,"","",""
type_specimen,ITEMS_TERMS.TYPE_SPECIMEN,boolean,,false,"","",""
relationship,ITEMS_TERMS.RELATIONSHIP,string,500,typological classification,"","",""
prior_attribution,ITEMS_TERMS.PRIOR_ATTRIBUTION,boolean,,false,"","",""
term,ITEMS_TERMS.TERM,string,4000,Quartzite,"","",""
broader_text,ITEMS_TERMS.BROADER_TEXT,string,4000,Artifacts; Artifacts of Uncertain or Varied Use; Multipurpose Artifacts; Chipped Stone Tool; Debitage,"","",""
