field_name,MIMSY_field_name,field_type,field_length,field_example,emu_module,emu_column,migration_instructions
id,ITEMS_FACILITIES.AUTHLINKKEY,integer,,2582245,"","",""
catalog_id,ITEMS_FACILITIES.MKEY,integer,,0,"","",""
facility_id,ITEMS_FACILITIES.LOCKEY,integer,,3,"","",""
prior_attribution,ITEMS_FACILITIES.PRIOR_ATTRIBUTION,boolean,,false,"","",""
facility,ITEMS_FACILITIES.FACILITY,string,4000,Herbarium,"","",""
broader_text,ITEMS_FACILITIES.BROADER_TEXT,string,4000,Natural Heritage Building,"","",""
