field_name,MIMSY_field_name,field_type,field_length,field_example,emu_module,emu_column,migration_instructions
id,COMPONENTS.ID,integer,,2405,"","",""
catalog_id,COMPONENTS.MKEY,integer,,8655,"","",""
component,COMPONENTS.COMPONENT,string,500,whole specimen(s),"","",""
quantity,COMPONENTS.QUANTITY,integer,10,7,"","",""
location,COMPONENTS.LOCATION,string,200,,"","",""
location_date,COMPONENTS.LOCATION_DATE,string,11,,"","",""
condition,COMPONENTS.CONDITION,string,200,,"","",""
condition_date,COMPONENTS.CONDITION_DATE,string,11,,"","",""
note,COMPONENTS.NOTE,string,4000,original QTY: 200?,"","",""
