field_name,MIMSY_field_name,field_type,field_length,field_example,emu_module,emu_column,migration_instructions
id,ITEMS_SITES.AUTHLINKKEY,integer,,3535790,"","",""
catalog_id,ITEMS_SITES.MKEY,integer,,764096,"","",""
site_id,ITEMS_SITES.SKEY,integer,,581069,"","",""
specific_locale,ITEMS_SITES.SPECIFIC_LOCALE,string,500,,"","",""
habitat,ITEMS_SITES.HABITAT,string,500,,"","",""
relationship,ITEMS_SITES.RELATIONSHIP,string,500,,"","",""
position,ITEMS_SITES.POSITION,string,500,,"","",""
note,ITEMS_SITES.NOTE,string,4000,,"","",""
prior_attribution,ITEMS_SITES.PRIOR_ATTRIBUTION,boolean,,false,"","",""
site,ITEMS_SITES.SITE,string,4000,CANL 127536,"","",""
start_latitude,ITEMS_SITES.START_LATITUDE,string,4000,"44,752778","","",""
start_longitude,ITEMS_SITES.START_LONGITUDE,string,4000,"-62,266667","","",""
end_latitude,ITEMS_SITES.END_LATITUDE,string,4000,"50,533333","","",""
end_longitude,ITEMS_SITES.END_LONGITUDE,string,4000,-138,"","",""
