field_name,MIMSY_field_name,field_type,field_length,field_example,emu_module,emu_column,migration_instructions
id,ITEMS_COLLECTORS.AUTHLINKKEY,integer,,2651503,"","",""
catalog_id,ITEMS_COLLECTORS.MKEY,integer,,345014,"","",""
person_id,ITEMS_COLLECTORS.LINK_ID,integer,,695,"","",""
relationship,ITEMS_COLLECTORS.RELATIONSHIP,string,500,collector,"","",""
affiliation,ITEMS_COLLECTORS.AFFILIATION,string,500,collector,"","",""
position,ITEMS_COLLECTORS.POSITION,string,500,,"","",""
attributor,ITEMS_COLLECTORS.ATTRIBUTOR,string,500,,"","",""
attribution_date,ITEMS_COLLECTORS.ATTRIB_DATE,string,11,,"","",""
attribution_comment,ITEMS_COLLECTORS.ATTRIB_COMMENT,string,4000,,"","",""
note,ITEMS_COLLECTORS.NOTE,string,4000,via D.Monty Wood,"","",""
option1,ITEMS_COLLECTORS.OPTION1,string,4000,,"","",""
prior_attribution,ITEMS_COLLECTORS.PRIOR_ATTRIBUTION,boolean,,false,"","",""
person_variation_id,ITEMS_COLLECTORS.NVARKEY,integer,,39308,"","",""
name,ITEMS_COLLECTORS.NAME,string,4000,"Brodo, Irwin M.","","",""
