field_name,MIMSY_field_name,field_type,field_length,field_example,emu_module,emu_column,migration_instructions
id,ITEM_DESCRIPTIONS.ID,integer,,2058,"","",""
catalog_id,ITEM_DESCRIPTIONS.MKEY,integer,,8711,"","",""
prior_description,ITEM_DESCRIPTIONS.PRIOR_DESCRIPTION,boolean,,false,"","",""
description_type,ITEM_DESCRIPTIONS.DESCRIPTION_TYPE,string,100,holotype,"","",""
description,ITEM_DESCRIPTIONS.DESCRIPTION,string,4000,Anther 0.5 mm.,"","",""
description_date,ITEM_DESCRIPTIONS.DESCRIPT_DATE,string,11,,"","",""
