field_name,MIMSY_field_name,field_type,field_length,field_example,emu_module,emu_column,migration_instructions
id,ITEMS_MAKERS.AUTHLINKKEY,integer,,2620536,"","",""
catalog_id,ITEMS_MAKERS.MKEY,integer,,580259,"","",""
person_id,ITEMS_MAKERS.LINK_ID,integer,,27006,"","",""
relationship,ITEMS_MAKERS.RELATIONSHIP,string,500,maker,"","",""
affiliation,ITEMS_MAKERS.AFFILIATION,string,500,,"","",""
prior_attribution,ITEMS_MAKERS.PRIOR_ATTRIBUTION,boolean,,false,"","",""
name,ITEMS_MAKERS.NAME,string,4000,"Traill, Catharine Parr","","",""
brief_bio,ITEMS_MAKERS.BRIEF_BIO,string,4000,Countess of Dalhousie,"","",""
