field_name,MIMSY_field_name,field_type,field_length,field_example,emu_module,emu_column,migration_instructions
id,ACCESSORIES.ID,integer,,212451,"","",""
catalog_id,ACCESSORIES.MKEY,integer,,42450,"","",""
accessory,ACCESSORIES.ACCESSORY,string,500,photos,"","",""
quantity,ACCESSORIES.QUANTITY,integer,10,1,"","",""
location,ACCESSORIES.LOCATION,string,200,unknown,"","",""
location_date,ACCESSORIES.LOCATION_DATE,string,11,2001-02,"","",""
condition_date,ACCESSORIES.CONDITION_DATE,string,11,1979-09-07,"","",""
note,ACCESSORIES.NOTE,string,4000,shot 4 roll 2,"","",""
