field_name,MIMSY_field_name,field_type,field_length,field_example,emu_module,emu_column,migration_instructions
id,ITEM_USAGE.USEKEY,integer,,,"","",""
catalog_id,ITEM_USAGE.MKEY,integer,,,"","",""
prior_use,ITEM_USAGE.PRIOR_USE,boolean,,,"","",""
type,ITEM_USAGE.USE_TYPE,string,100,,"","",""
begin_date,ITEM_USAGE.BEGIN_DATE,string,11,,"","",""
end_date,ITEM_USAGE.END_DATE,string,11,,"","",""
description,ITEM_USAGE.DESCRIPTION,string,4000,,"","",""
attribution_type,ITEM_USAGE.ATTRIB_TYPE,string,100,,"","",""
attributor,ITEM_USAGE.ATTRIBUTOR,string,100,,"","",""
attribution_source,ITEM_USAGE.ATTRIB_SOURCE,string,500,,"","",""
attribution_date,ITEM_USAGE.ATTRIB_DATE,string,11,,"","",""
certainty,ITEM_USAGE.CERTAINTY,string,500,,"","",""
attribution_comment,ITEM_USAGE.ATTRIB_COMMENT,string,4000,,"","",""
sort,ITEM_USAGE.STEP,integer,10,,"","",""
note,ITEM_USAGE.NOTE,string,4000,,"","",""
option1,ITEM_USAGE.OPTION1,string,4000,,"","",""
option2,ITEM_USAGE.OPTION2,string,1000,,"","",""
option3,ITEM_USAGE.OPTION3,string,500,,"","",""
option4,ITEM_USAGE.OPTION4,string,500,,"","",""
