field_name,MIMSY_field_name,field_type,field_length,field_example,emu_module,emu_column,migration_instructions
id,ITEMS_EVENTS.AUTHLINKKEY,integer,,1790400,"","",""
catalog_id,ITEMS_EVENTS.MKEY,integer,,524529,"","",""
event_id,ITEMS_EVENTS.VKEY,integer,,103,"","",""
relationship,ITEMS_EVENTS.RELATIONSHIP,string,500,,"","",""
begin_date,ITEMS_EVENTS.BEGIN_DATE,string,11,1921,"","",""
end_date,ITEMS_EVENTS.END_DATE,string,11,1951,"","",""
prior_attribution,ITEMS_EVENTS.PRIOR_ATTRIBUTION,boolean,,false,"","",""
event,ITEMS_EVENTS.EVENT,string,4000,"Canadian-Arctic Permafrost Expedition, 1951. Purdue University - Corps of Engineers, U.S.A.","","",""
