field_name,MIMSY_field_name,field_type,field_length,field_example,emu_module,emu_column,migration_instructions
id,LEGAL_STATUS.ID,integer,,3903,"","",""
catalog_id,LEGAL_STATUS.MKEY,integer,,5964,"","",""
current_record,LEGAL_STATUS.CURRENT_RECORD,boolean,,true,"","",""
legal_status,LEGAL_STATUS.LEGAL_STATUS,string,24,permanent collection,"","",""
status_date,LEGAL_STATUS.STATUS_DATE,string,11,,"","",""
owner,LEGAL_STATUS.OWNER,string,100,Canadian Museum of Nature,"","",""
physical_holder,LEGAL_STATUS.PHYSICAL_HOLDER,string,100,Canadian Museum of Nature,"","",""
department,LEGAL_STATUS.DEPARTMENT,string,500,Annelid,"","",""
collection,LEGAL_STATUS.COLLECTION,string,500,Fossils,"","",""
note,LEGAL_STATUS.NOTE,string,4000,,"","",""
