field_name,MIMSY_field_name,field_type,field_length,field_example,emu_module,emu_column,migration_instructions
id,ITEMS_PLACES.AUTHLINKKEY,integer,,3401364,"","",""
catalog_id,ITEMS_PLACES.MKEY,integer,,732223,"","",""
place_id,ITEMS_PLACES.PLACEKEY,integer,,0,"","",""
relationship,ITEMS_PLACES.RELATIONSHIP,string,500,,"","",""
prior_attribution,ITEMS_PLACES.PRIOR_ATTRIBUTION,boolean,,false,"","",""
place,ITEMS_PLACES.PLACE,string,4000,"North America: Canada, Ontario, Stormont, Dundas and Glengarry United Co.","","",""
