field_name,MIMSY_field_name,field_type,field_length,field_example,emu_module,emu_column,migration_instructions
id,ITEMS_OWNERS.AUTHLINKKEY,integer,,2474257,"","",""
catalog_id,ITEMS_OWNERS.MKEY,integer,,397532,"","",""
person_id,ITEMS_OWNERS.LINK_ID,integer,,20117,"","",""
begin_date,ITEMS_OWNERS.BEGIN_DATE,string,11,,"","",""
end_date,ITEMS_OWNERS.END_DATE,string,11,,"","",""
prior_attribution,ITEMS_OWNERS.PRIOR_ATTRIBUTION,boolean,,false,"","",""
name,ITEMS_OWNERS.NAME,string,4000,University of Tulane,"","",""
