field_name,MIMSY_field_name,field_type,field_length,field_example,emu_module,emu_column,migration_instructions
id,ITEMS_TAXONOMY.AUTHLINKKEY,integer,,1978,"","",""
catalog_id,ITEMS_TAXONOMY.MKEY,integer,,930,"","",""
taxon_id,ITEMS_TAXONOMY.SPECKEY,integer,,1007223,"","",""
relationship,ITEMS_TAXONOMY.RELATIONSHIP,string,500,,"","",""
type_status,ITEMS_TAXONOMY.AFFILIATION,string,500,HOLOTYPE,"","",""
attribution_type,ITEMS_TAXONOMY.ATTRIB_TYPE,string,100,,"","",""
identified_by,ITEMS_TAXONOMY.ATTRIBUTOR,string,500,"Dineley, David L.","","",""
date_identified,ITEMS_TAXONOMY.ATTRIB_DATE,string,11,1982,"","",""
attribution_source,ITEMS_TAXONOMY.ATTRIB_SOURCE,string,500,,"","",""
identifier_comment,ITEMS_TAXONOMY.ATTRIB_COMMENT,string,4000,"(close to badia in morphology, but not sulcate)","","",""
note,ITEMS_TAXONOMY.NOTE,string,4000,specimens marked c,"","",""
prior_attribution,ITEMS_TAXONOMY.PRIOR_ATTRIBUTION,boolean,,false,"","",""
taxon_variation_id,ITEMS_TAXONOMY.TAXVARKEY,integer,,2847,"","",""
type_specimen,ITEMS_TAXONOMY.TYPE_SPECIMEN,boolean,,false,"","",""
scientific_name,ITEMS_TAXONOMY.TAXONOMY,string,4000,Nephtys ciliata,"","",""
higher_taxonomy,ITEMS_TAXONOMY.BROADER_TEXT,string,4000,Chitinous Fungi; Ascomycota; Pezizomycotina; Lecanoromycetes; Lecanoromycetidae; Lecanorales; Lecanorineae; Parmeliaceae; Alectoria,"","",""
