field_name,MIMSY_field_name,field_type,field_length,field_example,emu_module,emu_column,migration_instructions
id,ITEMS_PUBLICATIONS.AUTHLINKKEY,integer,,692496,"","",""
catalog_id,ITEMS_PUBLICATIONS.MKEY,integer,,15197,"","",""
publication_id,ITEMS_PUBLICATIONS.PKEY,integer,,1593,"","",""
relationship,ITEMS_PUBLICATIONS.RELATIONSHIP,string,500,pl.3,"","",""
plate_figure,ITEMS_PUBLICATIONS.POSITION,string,500,13 figs.,"","",""
note,ITEMS_PUBLICATIONS.NOTE,string,4000,,"","",""
prior_attribution,ITEMS_PUBLICATIONS.PRIOR_ATTRIBUTION,boolean,,false,"","",""
illustated,ITEMS_PUBLICATIONS.ILLUSTRATION,boolean,,false,"","",""
pages,ITEMS_PUBLICATIONS.PAGES,string,100,8,"","",""
publication,ITEMS_PUBLICATIONS.PUBLICATION,string,4000,The lizards of the Anolis equestris complex in Cuba,"","",""
publication_date,ITEMS_PUBLICATIONS.PUBLICATION_DATE,string,4000,1967,"","",""
