field_name,MIMSY_field_name,field_type,field_length,field_example,emu_module,emu_column,migration_instructions
id,DATE_COLLECTED.TIMEKEY,integer,,363,"","",""
catalog_id,DATE_COLLECTED.MKEY,integer,,1409,"","",""
prior_date,DATE_COLLECTED.PRIOR_DATE,boolean,,false,"","",""
date_text,DATE_COLLECTED.DATE_TEXT,string,500,1961-07-14,"","",""
date_type,DATE_COLLECTED.DATE_TYPE,string,100,,"","",""
earliest_year,DATE_COLLECTED.EARLIEST_YEAR,integer,10,1963,"","",""
latest_year,DATE_COLLECTED.LATEST_YEAR,integer,10,1905,"","",""
earliest_monthday,DATE_COLLECTED.EARLIEST_MONTHDAY,integer,4,702,"","",""
latest_monthday,DATE_COLLECTED.LATEST_MONTHDAY,integer,4,627,"","",""
century,DATE_COLLECTED.CENTURY,string,10,,"","",""
period_era,DATE_COLLECTED.PERIOD_ERA,string,500,,"","",""
attribution_type,DATE_COLLECTED.ATTRIB_TYPE,string,100,,"","",""
attributor,DATE_COLLECTED.ATTRIBUTOR,string,500,,"","",""
attribution_date,DATE_COLLECTED.ATTRIB_DATE,string,11,,"","",""
attribution_source,DATE_COLLECTED.ATTRIB_SOURCE,string,500,,"","",""
certainty,DATE_COLLECTED.CERTAINTY,string,500,,"","",""
note,DATE_COLLECTED.NOTE,string,4000,,"","",""
collection_method,DATE_COLLECTED.COLLECTION_METHOD,string,100,"Bottom trawl, Otter trawl","","",""
context,DATE_COLLECTED.COLLECTION_POSITION,string,500,,"","",""
