field_name,MIMSY_field_name,field_type,field_length,field_example,emu_module,emu_column,migration_instructions
catalog_id,CONDITION.M_ID,integer,,235326,"","",""
id,CONDITION.CONDKEY,integer,,235,"","",""
current_record,CONDITION.CURRENT_RECORD,boolean,,true,"","",""
condition,CONDITION.CONDITION,string,100,stable,"","",""
condition_date,CONDITION.CONDITION_DATE,string,11,2016-06-16,"","",""
examined_by,CONDITION.EXAMINED_BY,string,500,"Currie, Margaret","","",""
purpose,CONDITION.PURPOSE,string,100,exhibit,"","",""
component_accessory,CONDITION.COMPONENT_ACCESSORY,string,500,coracoid,"","",""
conservation_request_date,CONDITION.CONSERVATION_REQUEST_DATE,string,11,2014-04-28,"","",""
status,CONDITION.STATUS,string,100,closed,"","",""
status_date,CONDITION.STATUS_DATE,string,11,1997,"","",""
priority_flag1,CONDITION.PRIORITY_FLAG1,boolean,,false,"","",""
priority_flag2,CONDITION.PRIORITY_FLAG2,boolean,,false,"","",""
summary,CONDITION.SUMMARY,text,,"","","",""
note,CONDITION.NOTE,string,4000,"This is one of approx. 200 Mammoth molars that were, at one time (possibly the 1980's), repaired using polyester resin. Some have remained stable, but it has been noted that some of them are showing signs of possible degradation of the resin (where the resin has become slightly sticky). All should be regularly checked for their condition.","","",""
audit_by,CONDITION.AUDIT_BY,string,500,"Currie, Margaret","","",""
audit_date,CONDITION.AUDIT_DATE,string,11,2013-10-11,"","",""
flag1,CONDITION.FLAG1,boolean,,false,"","",""
flag2,CONDITION.FLAG2,boolean,,false,"","",""
flag3,CONDITION.FLAG3,boolean,,false,"","",""
flag4,CONDITION.FLAG4,boolean,,false,"","",""
create_date,CONDITION.CREATE_DATE,datetime,,2012-05-29 15:30:27 UTC,"","",""
created_by,CONDITION.CREATED_BY,string,32,CONSERV1,"","",""
update_date,CONDITION.UPDATE_DATE,datetime,,2016-09-29 14:47:46 UTC,"","",""
updated_by,CONDITION.UPDATED_BY,string,32,CONSERV1,"","",""
