field_name,MIMSY_field_name,field_type,field_length,field_example,emu_module,emu_column,migration_instructions
id,CONDITION_MEDIA.ID,integer,,1388,"","",""
medium_id,CONDITION_MEDIA.MEDIAKEY,integer,,21287,"","",""
media,CONDITION_MEDIA.MEDIA,string,4000,CMNA2009-0011_CR_Image2_2010-03-22.jpg,"","",""
catalog_id,CONDITION_MEDIA.M_ID,integer,,585897,"","",""
object,CONDITION_MEDIA.OBJECT,string,4000,CMNC 2004-5917,"","",""
condition_id,CONDITION_MEDIA.CONDKEY,integer,,611,"","",""
condition,CONDITION_MEDIA.CONDITION,string,4000,very good,"","",""
