field_name,MIMSY_field_name,field_type,field_length,field_example,emu_module,emu_column,migration_instructions
id,CONDITION_CONSERVATION.ID,integer,,52,"","",""
catalog_id,CONDITION_CONSERVATION.M_ID,integer,,249314,"","",""
condition_id,CONDITION_CONSERVATION.CONDKEY,integer,,350,"","",""
condition,CONDITION_CONSERVATION.CONDITION,string,4000,mountant deteriorating; 1 specimen outside cover slip at top edg,"","",""
conservation_id,CONDITION_CONSERVATION.CONSKEY,integer,,23144,"","",""
conservation,CONDITION_CONSERVATION.CONSERVATION,string,4000,treatment,"","",""
