field_name,MIMSY_field_name,field_type,field_length,field_example,emu_module,emu_column,migration_instructions
id,CONSERVATION_MEDIA.ID,integer,,,"","",""
medium_id,CONSERVATION_MEDIA.MEDIAKEY,integer,,,"","",""
media,CONSERVATION_MEDIA.MEDIA,string,4000,,"","",""
catalog_id,CONSERVATION_MEDIA.M_ID,integer,,,"","",""
object,CONSERVATION_MEDIA.OBJECT,string,4000,,"","",""
conservation_id,CONSERVATION_MEDIA.CONSKEY,integer,,,"","",""
conservation,CONSERVATION_MEDIA.CONSERVATION,string,4000,,"","",""
relationship,CONSERVATION_MEDIA.RELATIONSHIP,string,500,,"","",""
begin_date,CONSERVATION_MEDIA.BEGIN_DATE,string,11,,"","",""
end_date,CONSERVATION_MEDIA.END_DATE,string,11,,"","",""
sort,CONSERVATION_MEDIA.STEP,integer,10,,"","",""
note,CONSERVATION_MEDIA.NOTE,string,4000,,"","",""
