field_name,MIMSY_field_name,field_type,field_length,field_example,emu_module,emu_column,migration_instructions
catalog_id,CONSERVATION.M_ID,integer,,8060,"","",""
id,CONSERVATION.CONSKEY,integer,,451,"","",""
process,CONSERVATION.PROCESS,string,100,treatment,"","",""
portion,CONSERVATION.PORTION,string,100,skull,"","",""
component_accessory,CONSERVATION.COMPONENT_ACCESSORY,string,500,,"","",""
purpose,CONSERVATION.PURPOSE,string,100,repo for gallery,"","",""
requested_by,CONSERVATION.REQUESTED_BY,string,500,,"","",""
request_date,CONSERVATION.REQUEST_DATE,string,11,,"","",""
authorized_by,CONSERVATION.AUTHORIZED_BY,string,500,"Fitzgerald, Gerald R.","","",""
conservator,CONSERVATION.PERFORMED_BY,string,500,"Shepherd, Kieran M.","","",""
status,CONSERVATION.STATUS,string,100,,"","",""
status_date,CONSERVATION.STATUS_DATE,string,11,,"","",""
projected_start,CONSERVATION.PROJECTED_START,string,11,,"","",""
actual_start,CONSERVATION.ACTUAL_START,string,11,,"","",""
actual_end,CONSERVATION.ACTUAL_END,string,11,,"","",""
summary,CONSERVATION.SUMMARY,string,4000,,"","",""
condition_id,CONSERVATION.CONDKEY,string,4000,,"","",""
linked_condition,CONSERVATION.LINKED_CONDITION,string,4000,,"","",""
post_treat_condition,CONSERVATION.POST_TREAT_CONDITION,string,100,,"","",""
flag1,CONSERVATION.FLAG1,boolean,,false,"","",""
flag2,CONSERVATION.FLAG2,boolean,,false,"","",""
flag3,CONSERVATION.FLAG3,boolean,,false,"","",""
flag4,CONSERVATION.FLAG4,boolean,,false,"","",""
created_by,CONSERVATION.CREATED_BY,string,32,CONVERSION,"","",""
create_date,CONSERVATION.CREATE_DATE,datetime,,1999-07-15 00:00:00 UTC,"","",""
updated_by,CONSERVATION.UPDATED_BY,string,32,KSHEPHERD,"","",""
update_date,CONSERVATION.UPDATE_DATE,datetime,,2016-07-27 10:32:51 UTC,"","",""
