field_name,MIMSY_field_name,field_type,field_length,field_example,emu_module,emu_column,migration_instructions
id,CONSERVATION_FEES.ID,integer,,,"","",""
conservation_id,CONSERVATION_FEES.CONSKEY,integer,,,"","",""
conservation_detail_id,CONSERVATION_FEES.CONSMATKEY,integer,,,"","",""
activity,CONSERVATION_FEES.ACTIVITY,string,500,,"","",""
activity_by,CONSERVATION_FEES.ACTIVITY_BY,string,100,,"","",""
activity_date,CONSERVATION_FEES.ACTIVITY_DATE,string,11,,"","",""
estimated_cost,CONSERVATION_FEES.ESTIMATED_COST,decimal,,,"","",""
actual_cost,CONSERVATION_FEES.ACTUAL_COST,decimal,,,"","",""
note,CONSERVATION_FEES.NOTE,string,4000,,"","",""
