field_name,MIMSY_field_name,field_type,field_length,field_example,emu_module,emu_column,migration_instructions
id,CONSERVATION_DETAILS.CONSMATKEY,integer,,4415,"","",""
conservation_id,CONSERVATION_DETAILS.CONSKEY,integer,,4479,"","",""
material,CONSERVATION_DETAILS.MATERIAL,string,100,ethanol,"","",""
area_applied,CONSERVATION_DETAILS.AREA_APPLIED,string,500,ramus,"","",""
applied_by,CONSERVATION_DETAILS.APPLIED_BY,string,100,"Shepherd, Kieran","","",""
date_applied,CONSERVATION_DETAILS.DATE_APPLIED,string,11,,"","",""
date_removed,CONSERVATION_DETAILS.DATE_REMOVED,string,11,,"","",""
note,CONSERVATION_DETAILS.NOTE,string,4000,"Full KFMT value: Previously preserved in Queen's University unknown preservative (test), 70% Et","","",""
