field_name,MIMSY_field_name,field_type,field_length,field_example,emu_module,emu_column,migration_instructions
location_id,CURRENT_LOCATION.LOC_ID,integer,,23082,"","",""
catalog_id,CURRENT_LOCATION.M_ID,integer,,430992,"","",""
facility_id,CURRENT_LOCATION.LOCKEY,integer,10,3,"","",""
current_record,CURRENT_LOCATION.CURRENT_RECORD,boolean,,true,"","",""
future_commit,CURRENT_LOCATION.FUTURE_COMMIT,boolean,,false,"","",""
location,CURRENT_LOCATION.LOCATION,string,500,Natural Heritage Building/ Fossil Collection/ Fossil Collection B4-112,"","",""
loc_level1,CURRENT_LOCATION.LOC_LEVEL1,string,50,main hall,"","",""
loc_level2,CURRENT_LOCATION.LOC_LEVEL2,string,50,Cabinet 124,"","",""
loc_level3,CURRENT_LOCATION.LOC_LEVEL3,string,50,drawer 6,"","",""
loc_level4,CURRENT_LOCATION.LOC_LEVEL4,string,50,Green River section,"","",""
location_date,CURRENT_LOCATION.LOCATION_DATE,string,11,1973,"","",""
expected_end,CURRENT_LOCATION.EXPECTED_END,string,11,2010-10-06,"","",""
last_location,CURRENT_LOCATION.LAST_LOCATION,string,500,"LP2007-0111: Payette, Serge","","",""
last_level1,CURRENT_LOCATION.LAST_LEVEL1,string,50,"Cabinet 29, drawer 1","","",""
last_level2,CURRENT_LOCATION.LAST_LEVEL2,string,50,Upper mezzanine,"","",""
last_level3,CURRENT_LOCATION.LAST_LEVEL3,string,50,wall mount,"","",""
last_level4,CURRENT_LOCATION.LAST_LEVEL4,string,50,,"","",""
purpose,CURRENT_LOCATION.PURPOSE,string,100,research,"","",""
inventory_status,CURRENT_LOCATION.INVENTORY_STATUS,string,100,located,"","",""
status_date,CURRENT_LOCATION.STATUS_DATE,string,11,2008-05-07,"","",""
requested_by,CURRENT_LOCATION.REQUESTED_BY,string,500,"Steigerwald, Michèle","","",""
request_date,CURRENT_LOCATION.REQUEST_DATE,string,11,2008-02-27,"","",""
authorized_by,CURRENT_LOCATION.AUTHORIZED_BY,string,500,"Doubt, Jennifer","","",""
job_number,CURRENT_LOCATION.JOB_NUMBER,string,48,,"","",""
scheduled_date,CURRENT_LOCATION.SCHEDULED_DATE,string,11,2006-12-11,"","",""
moved_by,CURRENT_LOCATION.MOVED_BY,string,500,AMJ Campbell,"","",""
component_accessory,CURRENT_LOCATION.COMPONENT_ACCESSORY,string,500,skeleton only (skull at NHB),"","",""
note,CURRENT_LOCATION.NOTE,string,4000,"Originally slated for fossil gallery , but it was decided it wouldn't be needed","","",""
flag1,CURRENT_LOCATION.FLAG1,boolean,,false,"","",""
flag2,CURRENT_LOCATION.FLAG2,boolean,,false,"","",""
create_date,CURRENT_LOCATION.CREATE_DATE,datetime,,2008-07-17 09:04:15 UTC,"","",""
created_by,CURRENT_LOCATION.CREATED_BY,string,32,PFRANK,"","",""
update_date,CURRENT_LOCATION.UPDATE_DATE,datetime,,2004-11-16 00:00:00 UTC,"","",""
updated_by,CURRENT_LOCATION.UPDATED_BY,string,32,XGVIEWS,"","",""
