field_name,MIMSY_field_name,field_type,field_length,field_example,emu_module,emu_column,migration_instructions
catalog_id,CURRENT_LEGAL_STATUS.MKEY,integer,,6023,"","",""
legal_status,CURRENT_LEGAL_STATUS.LEGAL_STATUS,string,24,permanent collection,"","",""
status_date,CURRENT_LEGAL_STATUS.STATUS_DATE,string,11,,"","",""
owner,CURRENT_LEGAL_STATUS.OWNER,string,100,Canadian Museum of Nature,"","",""
department,CURRENT_LEGAL_STATUS.DEPARTMENT,string,500,Annelid,"","",""
collection,CURRENT_LEGAL_STATUS.COLLECTION,string,500,Fossils,"","",""
notes,CURRENT_LEGAL_STATUS.NOTES,string,4000,,"","",""
physical_holder,CURRENT_LEGAL_STATUS.PHYSICAL_HOLDER,string,100,Canadian Museum of Nature,"","",""
current_record,CURRENT_LEGAL_STATUS.CURRENT_RECORD,boolean,,true,"","",""
id,CURRENT_LEGAL_STATUS.ID,integer,,3057,"","",""
