field_name,MIMSY_field_name,field_type,field_length,field_example,emu_module,emu_column,migration_instructions
id,DAMAGE.DKEY,integer,,,"","",""
catalog_id,DAMAGE.M_ID,integer,,,"","",""
damage_date,DAMAGE.DAMAGE_DATE,string,11,,"","",""
recorded_by,DAMAGE.RECORDED_BY,string,500,,"","",""
location,DAMAGE.LOCATION,string,500,,"","",""
damaged_by,DAMAGE.DAMAGED_BY,string,500,,"","",""
cause,DAMAGE.CAUSE,string,500,,"","",""
description,DAMAGE.DESCRIPTION,string,4000,,"","",""
note,DAMAGE.NOTE,string,4000,,"","",""
action_taken,DAMAGE.ACTION_TAKEN,string,4000,,"","",""
create_date,DAMAGE.CREATE_DATE,datetime,,,"","",""
created_by,DAMAGE.CREATED_BY,string,32,,"","",""
update_date,DAMAGE.UPDATE_DATE,datetime,,,"","",""
updated_by,DAMAGE.UPDATED_BY,string,32,,"","",""
option1,DAMAGE.OPTION1,string,4000,,"","",""
option2,DAMAGE.OPTION2,string,1000,,"","",""
date1,DAMAGE.DATE1,string,11,,"","",""
date2,DAMAGE.DATE2,string,11,,"","",""
number1,DAMAGE.NUMBER1,decimal,,,"","",""
number2,DAMAGE.NUMBER2,decimal,,,"","",""
flag1,DAMAGE.FLAG1,boolean,,,"","",""
flag2,DAMAGE.FLAG2,boolean,,,"","",""
external_file,DAMAGE.EXTERNAL_FILE,string,500,,"","",""
record_view,DAMAGE.RECORD_VIEW,decimal,,,"","",""
