field_name,MIMSY_field_name,field_type,field_length,field_example,emu_module,emu_column,migration_instructions
id,DAMAGE_MEDIA.ID,integer,,,"","",""
medium_id,DAMAGE_MEDIA.MEDIAKEY,integer,,,"","",""
media,DAMAGE_MEDIA.MEDIA,string,4000,,"","",""
catalog_id,DAMAGE_MEDIA.M_ID,integer,,,"","",""
object,DAMAGE_MEDIA.OBJECT,string,4000,,"","",""
damage_id,DAMAGE_MEDIA.DKEY,integer,,,"","",""
damage,DAMAGE_MEDIA.DAMAGE,string,4000,,"","",""
relationship,DAMAGE_MEDIA.RELATIONSHIP,string,500,,"","",""
begin_date,DAMAGE_MEDIA.BEGIN_DATE,string,11,,"","",""
end_date,DAMAGE_MEDIA.END_DATE,string,11,,"","",""
sort,DAMAGE_MEDIA.STEP,integer,10,,"","",""
note,DAMAGE_MEDIA.NOTE,string,4000,,"","",""
