field_name,MIMSY_field_name,field_type,field_length,field_example,emu_module,emu_column,migration_instructions
id,ITEM_DATES.TIMEKEY,integer,,560683,"","",""
catalog_id,ITEM_DATES.MKEY,integer,,409199,"","",""
prior_date,ITEM_DATES.PRIOR_DATE,boolean,,false,"","",""
date_text,ITEM_DATES.DATE_TEXT,string,500,"9,225 (+/- 215) years BP","","",""
earliest_year,ITEM_DATES.EARLIEST_YEAR,integer,10,225,"","",""
latest_year,ITEM_DATES.LATEST_YEAR,integer,10,225,"","",""
earliest_monthday,ITEM_DATES.EARLIEST_MONTHDAY,integer,4,900,"","",""
latest_monthday,ITEM_DATES.LATEST_MONTHDAY,integer,4,900,"","",""
note,ITEM_DATES.NOTE,string,4000,Acq. Date,"","",""
bp,ITEM_DATES.BP,boolean,,false,"","",""
