field_name,MIMSY_field_name,field_type,field_length,field_example,emu_module,emu_column,migration_instructions
id,DISPOSALS.AKEY,integer,,34989,"","",""
reference_number,DISPOSALS.REF_NUMBER,string,48,1930-075,"","",""
status,DISPOSALS.STATUS,string,100,final approval; closed,"","",""
status_date,DISPOSALS.STATUS_DATE,string,11,2005-12-09,"","",""
requested_by,DISPOSALS.REQUESTED_BY,string,500,"Khidas, Kamal","","",""
request_date,DISPOSALS.REQUEST_DATE,string,11,1931,"","",""
authorized_by,DISPOSALS.AUTHORIZED_BY,string,500,"Armstrong, R. Kenneth","","",""
date_authorized,DISPOSALS.DATE_AUTHORIZED,string,11,1927-08-11,"","",""
method,DISPOSALS.METHOD,string,500,exchange,"","",""
legal_date,DISPOSALS.LEGAL_DATE,string,11,1929,"","",""
recipient,DISPOSALS.RECIPIENT,string,500,"Brooks, Allan C.","","",""
reason,DISPOSALS.REASON,string,4000,Birds sent in exchange.  See Acquisition 1916-030.,"","",""
total_requested,DISPOSALS.TOTAL_REQUESTED,string,4000,1,"","",""
total_approved,DISPOSALS.TOTAL_APPROVED,integer,10,1,"","",""
decision_reason,DISPOSALS.DECISION_REASON,string,4000,"The specimens were originally loaned to a post-doctoral fellow, Dr. Labbish N. Chao in Sept. 1976 and subsequently accidently catalogued into the CMN Ichthyology Collection.","","",""
external_file,DISPOSALS.EXTERNAL_FILE,string,500,Registrar's Office,"","",""
note,DISPOSALS.NOTE,string,4000,See Acquisition 1935-011,"","",""
flag1,DISPOSALS.FLAG1,boolean,,false,"","",""
flag2,DISPOSALS.FLAG2,boolean,,false,"","",""
created_by,DISPOSALS.CREATED_BY,string,32,PFRANK,"","",""
create_date,DISPOSALS.CREATE_DATE,datetime,,2005-02-08 00:00:00 UTC,"","",""
updated_by,DISPOSALS.UPDATED_BY,string,32,PFRANK,"","",""
update_date,DISPOSALS.UPDATE_DATE,datetime,,2005-02-08 00:00:00 UTC,"","",""
