field_name,MIMSY_field_name,field_type,field_length,field_example,emu_module,emu_column,migration_instructions
id,DISPOSAL_SOURCES.ID,integer,,4473,"","",""
disposal_id,DISPOSAL_SOURCES.AKEY,integer,,21334,"","",""
person_id,DISPOSAL_SOURCES.LINK_ID,integer,,3436,"","",""
person_variation_id,DISPOSAL_SOURCES.NVARKEY,integer,,40871,"","",""
source,DISPOSAL_SOURCES.SOURCE,string,4000,"Rafi, Fahmida","","",""
source_role,DISPOSAL_SOURCES.SOURCE_ROLE,string,100,donor,"","",""
contact,DISPOSAL_SOURCES.CONTACT,string,500,"Doubt, Jennifer","","",""
address,DISPOSAL_SOURCES.ADDRESS,string,500,"Canadian Museum of Nature
Research Division
P.O. Box 3443, Sta.""D""
Ottawa
Ontario
K1P 6P4
Canada","","",""
amount_paid,DISPOSAL_SOURCES.AMOUNT_PAID,decimal,,,"","",""
note,DISPOSAL_SOURCES.NOTE,string,4000,Florida Power Corporation,"","",""
unlinked_value,DISPOSAL_SOURCES.UNLINKED_VALUE,string,500,NMC expedition,"","",""
