field_name,MIMSY_field_name,field_type,field_length,field_example,emu_module,emu_column,migration_instructions
id,DISPOSAL_ITEMS.ID,integer,,257315,"","",""
disposal_id,DISPOSAL_ITEMS.AKEY,integer,,26332,"","",""
catalog_id,DISPOSAL_ITEMS.M_ID,integer,,314287,"","",""
id_number,DISPOSAL_ITEMS.ID_NUMBER,string,48,CMNFI 1975-0482.1,"","",""
description,DISPOSAL_ITEMS.ITEM_SUMMARY,string,4000,"Unidentified Specimen
Marshall, T.; Harvey, P.
1974-07-09
poor condition","","",""
status,DISPOSAL_ITEMS.STATUS,string,100,approved,"","",""
status_date,DISPOSAL_ITEMS.STATUS_DATE,string,11,1915-01-02,"","",""
deaccession_date,DISPOSAL_ITEMS.DEACCESSION_DATE,string,11,1915-01-02,"","",""
disposal_method,DISPOSAL_ITEMS.DISPOSAL_METHOD,string,500,exchange,"","",""
disposal_date,DISPOSAL_ITEMS.DISPOSAL_DATE,string,11,1915-01-02,"","",""
title_transfer_requested,DISPOSAL_ITEMS.TITLE_TRANSFER_REQUESTED,boolean,,false,"","",""
transfer_date,DISPOSAL_ITEMS.TRANSFER_DATE,string,11,1997-07-23,"","",""
reproduction_requested,DISPOSAL_ITEMS.REPRODUCTION_REQUESTED,boolean,,false,"","",""
dispatch_requested,DISPOSAL_ITEMS.DISPATCH_REQUESTED,boolean,,false,"","",""
note,DISPOSAL_ITEMS.NOTE,string,4000,see site record,"","",""
catalogued,DISPOSAL_ITEMS.CATALOGUED,boolean,,true,"","",""
id_sort,DISPOSAL_ITEMS.ID_SORT,string,4000,CMNAV0018138,"","",""
created_by,DISPOSAL_ITEMS.CREATED_BY,string,32,ANACTORIA,"","",""
create_date,DISPOSAL_ITEMS.CREATE_DATE,datetime,,2013-01-14 10:15:07 UTC,"","",""
updated_by,DISPOSAL_ITEMS.UPDATED_BY,string,32,PFRANK,"","",""
update_date,DISPOSAL_ITEMS.UPDATE_DATE,datetime,,2013-05-15 09:51:52 UTC,"","",""
