field_name,MIMSY_field_name,field_type,field_length,field_example,emu_module,emu_column,migration_instructions
id,DISPATCH.DISPKEY,integer,10,,"","",""
record_view,DISPATCH.RECORD_VIEW,decimal,,,"","",""
dispatch_number,DISPATCH.DISPATCH_NUMBER,string,48,,"","",""
dispatcher,DISPATCH.DISPATCHER,string,500,,"","",""
dispatch_date,DISPATCH.DISPATCH_DATE,string,11,,"","",""
dispatch_reason,DISPATCH.DISPATCH_REASON,string,500,,"","",""
lockey,DISPATCH.LOCKEY,decimal,,,"","",""
dispatch_location,DISPATCH.DISPATCH_LOCATION,string,4000,,"","",""
dispatch_contact,DISPATCH.DISPATCH_CONTACT,string,500,,"","",""
dispatch_address,DISPATCH.DISPATCH_ADDRESS,string,500,,"","",""
dispatch_phone,DISPATCH.DISPATCH_PHONE,string,50,,"","",""
dispatch_fax,DISPATCH.DISPATCH_FAX,string,50,,"","",""
dispatch_email,DISPATCH.DISPATCH_EMAIL,string,100,,"","",""
link_id,DISPATCH.LINK_ID,decimal,,,"","",""
nvarkey,DISPATCH.NVARKEY,decimal,,,"","",""
recipient,DISPATCH.RECIPIENT,string,4000,,"","",""
contact,DISPATCH.CONTACT,string,500,,"","",""
address,DISPATCH.ADDRESS,string,500,,"","",""
phone,DISPATCH.PHONE,string,50,,"","",""
fax,DISPATCH.FAX,string,50,,"","",""
email,DISPATCH.EMAIL,string,100,,"","",""
status,DISPATCH.STATUS,string,100,,"","",""
status_date,DISPATCH.STATUS_DATE,string,11,,"","",""
authorized_by,DISPATCH.AUTHORIZED_BY,string,500,,"","",""
date_authorized,DISPATCH.DATE_AUTHORIZED,string,11,,"","",""
shipper,DISPATCH.SHIPPER,string,500,,"","",""
courier,DISPATCH.COURIER,string,500,,"","",""
total_pkg_count,DISPATCH.TOTAL_PKG_COUNT,decimal,,,"","",""
total_weight,DISPATCH.TOTAL_WEIGHT,decimal,,,"","",""
weight_unit,DISPATCH.WEIGHT_UNIT,string,10,,"","",""
shipping_agent,DISPATCH.SHIPPING_AGENT,string,500,,"","",""
broker1,DISPATCH.BROKER1,string,500,,"","",""
broker2,DISPATCH.BROKER2,string,500,,"","",""
estimated_cost,DISPATCH.ESTIMATED_COST,decimal,,,"","",""
actual_cost,DISPATCH.ACTUAL_COST,decimal,,,"","",""
estimated_dispatch_date,DISPATCH.ESTIMATED_DISPATCH_DATE,string,11,,"","",""
estimated_delivery_date,DISPATCH.ESTIMATED_DELIVERY_DATE,string,11,,"","",""
delivery_date,DISPATCH.DELIVERY_DATE,string,11,,"","",""
insured_by,DISPATCH.INSURED_BY,string,100,,"","",""
insured_amount,DISPATCH.INSURED_AMOUNT,decimal,,,"","",""
dispatch_count,DISPATCH.DISPATCH_COUNT,integer,10,,"","",""
total_requested,DISPATCH.TOTAL_REQUESTED,string,4000,,"","",""
external_file,DISPATCH.EXTERNAL_FILE,string,500,,"","",""
note,DISPATCH.NOTE,string,4000,,"","",""
option1,DISPATCH.OPTION1,string,4000,,"","",""
option2,DISPATCH.OPTION2,string,1000,,"","",""
number1,DISPATCH.NUMBER1,decimal,,,"","",""
number2,DISPATCH.NUMBER2,decimal,,,"","",""
date1,DISPATCH.DATE1,string,11,,"","",""
date2,DISPATCH.DATE2,string,11,,"","",""
flag1,DISPATCH.FLAG1,boolean,,,"","",""
flag2,DISPATCH.FLAG2,boolean,,,"","",""
created_by,DISPATCH.CREATED_BY,string,32,,"","",""
create_date,DISPATCH.CREATE_DATE,datetime,,,"","",""
updated_by,DISPATCH.UPDATED_BY,string,32,,"","",""
update_date,DISPATCH.UPDATE_DATE,datetime,,,"","",""
