field_name,MIMSY_field_name,field_type,field_length,field_example,emu_module,emu_column,migration_instructions
id,ENTRY.IKEY,integer,,,"","",""
record_view,ENTRY.RECORD_VIEW,integer,,,"","",""
receipt_number,ENTRY.RECEIPT_NUMBER,string,48,,"","",""
entry_date,ENTRY.ENTRY_DATE,string,11,,"","",""
record_type,ENTRY.RECORD_TYPE,string,100,,"","",""
reason,ENTRY.REASON,string,500,,"","",""
status,ENTRY.STATUS,string,100,,"","",""
status_date,ENTRY.STATUS_DATE,string,11,,"","",""
description,ENTRY.DESCRIPTION,string,4000,,"","",""
person_id,ENTRY.LINK_ID,integer,,,"","",""
person_variation_id,ENTRY.NVARKEY,integer,,,"","",""
depositor,ENTRY.DEPOSITOR,string,4000,,"","",""
contact,ENTRY.CONTACT,string,500,,"","",""
address,ENTRY.ADDRESS,string,500,,"","",""
phone,ENTRY.PHONE,string,50,,"","",""
fax,ENTRY.FAX,string,50,,"","",""
email,ENTRY.EMAIL,string,100,,"","",""
received_by,ENTRY.RECEIVED_BY,string,500,,"","",""
return_instructions,ENTRY.RETURN_INSTRUCTIONS,string,4000,,"","",""
total_objects,ENTRY.ENTRY_COUNT,integer,,,"","",""
total_recorded,ENTRY.TOTAL_RECORDED,string,4000,,"","",""
external_file,ENTRY.EXTERNAL_FILE,string,500,,"","",""
note,ENTRY.NOTE,string,4000,,"","",""
option1,ENTRY.OPTION1,string,4000,,"","",""
option2,ENTRY.OPTION2,string,1000,,"","",""
number1,ENTRY.NUMBER1,decimal,,,"","",""
number2,ENTRY.NUMBER2,decimal,,,"","",""
date1,ENTRY.DATE1,string,11,,"","",""
date2,ENTRY.DATE2,string,11,,"","",""
flag1,ENTRY.FLAG1,boolean,,,"","",""
flag2,ENTRY.FLAG2,boolean,,,"","",""
created_by,ENTRY.CREATED_BY,string,32,,"","",""
create_date,ENTRY.CREATE_DATE,datetime,,,"","",""
updated_by,ENTRY.UPDATED_BY,string,32,,"","",""
update_date,ENTRY.UPDATE_DATE,datetime,,,"","",""
