field_name,MIMSY_field_name,field_type,field_length,field_example,emu_module,emu_column,migration_instructions
id,EVENTS.VKEY,integer,,102,"","",""
mev_id,EVENTS.MEV_ID,decimal,,91.0,"","",""
language,EVENTS.LANGUAGE,string,3,eng,"","",""
full_name,EVENTS.FULL_NAME,string,500,"Nueltin Lake Expedition, 1947.","","",""
brief_name,EVENTS.BRIEF_NAME,string,100,Patagonian Expedition,"","",""
category,EVENTS.CATEGORY1,string,100,institutional,"","",""
occurrence_type,EVENTS.OCCURENCE_TYPE,string,100,one-time,"","",""
begin_date,EVENTS.BEGIN_DATE,string,11,1931,"","",""
end_date,EVENTS.END_DATE,string,11,1918,"","",""
duration,EVENTS.DURATION,integer,10,3,"","",""
duration_unit,EVENTS.DURATION_UNIT,string,100,hours,"","",""
current_status,EVENTS.CURRENT_STATUS,string,100,complete,"","",""
description,EVENTS.DESCRIPTION,text,,"Expedition to Isle Royale, Michigan, 1930. 
Collectors: A.H. Povah, C.A. Brown, J.B. McFarlin, J.L. Lowe","","",""
publish,EVENTS.PUBLISH,boolean,,false,"","",""
flag1,EVENTS.FLAG1,boolean,,false,"","",""
flag2,EVENTS.FLAG2,boolean,,false,"","",""
sort_name,EVENTS.SORT_NAME,string,500,AMHERST COLLEGE PATAGONIAN EXPEDITION,"","",""
created_by,EVENTS.CREATED_BY,string,32,MCURRIE,"","",""
create_date,EVENTS.CREATE_DATE,datetime,,2000-11-02 00:00:00 UTC,"","",""
updated_by,EVENTS.UPDATED_BY,string,32,MBOUCHARD,"","",""
update_date,EVENTS.UPDATE_DATE,datetime,,2004-05-13 00:00:00 UTC,"","",""
