field_name,MIMSY_field_name,field_type,field_length,field_example,emu_module,emu_column,migration_instructions
id,EVENTS_PEOPLE.AUTHLINKKEY,integer,,2473812,"","",""
event_id,EVENTS_PEOPLE.VKEY,integer,,21,"","",""
person_id,EVENTS_PEOPLE.LINK_ID,integer,,121,"","",""
relationship,EVENTS_PEOPLE.RELATIONSHIP,string,500,co-sponsor,"","",""
begin_date,EVENTS_PEOPLE.BEGIN_DATE,string,11,1987,"","",""
end_date,EVENTS_PEOPLE.END_DATE,string,11,1990,"","",""
note,EVENTS_PEOPLE.NOTE,string,4000,Phosphate suite,"","",""
prior_attribution,EVENTS_PEOPLE.PRIOR_ATTRIBUTION,boolean,,false,"","",""
name,EVENTS_PEOPLE.NAME,string,4000,Boliden Canada Ltd.,"","",""
