field_name,MIMSY_field_name,field_type,field_length,field_example,emu_module,emu_column,migration_instructions
id,EVENTS_PUBLICATIONS.AUTHLINKKEY,integer,,3038295,"","",""
event_id,EVENTS_PUBLICATIONS.VKEY,integer,,103,"","",""
publication_id,EVENTS_PUBLICATIONS.PKEY,integer,,7941,"","",""
prior_attribution,EVENTS_PUBLICATIONS.PRIOR_ATTRIBUTION,boolean,,false,"","",""
illustrated,EVENTS_PUBLICATIONS.ILLUSTRATION,boolean,,false,"","",""
publication,EVENTS_PUBLICATIONS.PUBLICATION,string,4000,Walpole Field report 2005.pdf,"","",""
