field_name,MIMSY_field_name,field_type,field_length,field_example,emu_module,emu_column,migration_instructions
id,EXHIBITIONS_LOANS.ID,integer,,19221,"","",""
exhibition_id,EXHIBITIONS_LOANS.EKEY,integer,,7,"","",""
exhibition,EXHIBITIONS_LOANS.EXHIBITION,string,4000,Water Gallery,"","",""
loan_id,EXHIBITIONS_LOANS.LKEY,integer,,484,"","",""
loan,EXHIBITIONS_LOANS.LOAN,string,4000,LP2010-0065,"","",""
exhibition_catalog_id,EXHIBITIONS_LOANS.EIKEY,integer,,296,"","",""
loan_catalog_id,EXHIBITIONS_LOANS.LITMKEY,decimal,,16494.0,"","",""
