field_name,MIMSY_field_name,field_type,field_length,field_example,emu_module,emu_column,migration_instructions
id,EXHIBITION_ITEMS.EIKEY,integer,,59,"","",""
exhibition_id,EXHIBITION_ITEMS.EKEY,integer,,5,"","",""
catalog_id,EXHIBITION_ITEMS.M_ID,integer,,584840,"","",""
type,EXHIBITION_ITEMS.RECORD_TYPE,string,100,object,"","",""
id_number,EXHIBITION_ITEMS.ID_NUMBER,string,48,CMNI 2009-0018,"","",""
status,EXHIBITION_ITEMS.STATUS,string,100,approved,"","",""
status_date,EXHIBITION_ITEMS.STATUS_DATE,string,11,2005-11-23,"","",""
theme_section,EXHIBITION_ITEMS.THEME_SECTION,string,500,Life in the Ocean,"","",""
theme_sub1,EXHIBITION_ITEMS.THEME_SUB1,string,500,The ocean is full of life: Canadian marine biodiversity,"","",""
theme_sub2,EXHIBITION_ITEMS.THEME_SUB2,string,500,t2sub2,"","",""
theme_sub3,EXHIBITION_ITEMS.THEME_SUB3,string,500,"Canada's wetlands: provide crucial environmental services, loss of habitat","","",""
location,EXHIBITION_ITEMS.LOCATION,string,500,Case 4.2.8.1 - Arthropods,"","",""
catalogued_item,EXHIBITION_ITEMS.CATALOGUED_ITEM,boolean,,false,"","",""
description,EXHIBITION_ITEMS.ITEM_SUMMARY,string,4000,"Ankylosauria
North America: Canada; Alberta","","",""
flag1,EXHIBITION_ITEMS.FLAG1,boolean,,false,"","",""
flag2,EXHIBITION_ITEMS.FLAG2,boolean,,false,"","",""
flag3,EXHIBITION_ITEMS.FLAG3,boolean,,false,"","",""
flag4,EXHIBITION_ITEMS.FLAG4,boolean,,false,"","",""
catalogued,EXHIBITION_ITEMS.CATALOGUED,boolean,,true,"","",""
id_sort,EXHIBITION_ITEMS.ID_SORT,string,4000,CMNFV0008399,"","",""
created_by,EXHIBITION_ITEMS.CREATED_BY,string,32,PFRANK,"","",""
create_date,EXHIBITION_ITEMS.CREATE_DATE,datetime,,2010-04-21 13:47:30 UTC,"","",""
updated_by,EXHIBITION_ITEMS.UPDATED_BY,string,32,CONSERV1,"","",""
update_date,EXHIBITION_ITEMS.UPDATE_DATE,datetime,,2012-06-14 10:17:18 UTC,"","",""
