field_name,MIMSY_field_name,field_type,field_length,field_example,emu_module,emu_column,migration_instructions
id,EXHIBITIONS_LOCATION.ID,integer,,977,"","",""
location_id,EXHIBITIONS_LOCATION.LOC_ID,integer,,4861,"","",""
location,EXHIBITIONS_LOCATION.LOCATION,string,4000,Natural Heritage Building/ Fossil Collection/ B4-112,"","",""
exhibition_id,EXHIBITIONS_LOCATION.EKEY,integer,,5,"","",""
exhibition,EXHIBITIONS_LOCATION.EXHIBITION,string,4000,Fossil Gallery,"","",""
exhibition_catalog_id,EXHIBITIONS_LOCATION.EIKEY,integer,,105,"","",""
