field_name,MIMSY_field_name,field_type,field_length,field_example,emu_module,emu_column,migration_instructions
pexh_id,EXHIBITIONS.PEXH_ID,integer,,8,"","",""
id,EXHIBITIONS.EKEY,integer,,3,"","",""
language,EXHIBITIONS.LANGUAGE,string,3,eng,"","",""
full_name,EXHIBITIONS.FULL_NAME,string,500,This is a test,"","",""
brief_name,EXHIBITIONS.BRIEF_NAME,string,100,Fossil Gallery,"","",""
exhibit_start,EXHIBITIONS.EXHIBIT_START,string,11,2005-06-30,"","",""
exhibit_end,EXHIBITIONS.EXHIBIT_END,string,11,2006-05-12,"","",""
description,EXHIBITIONS.DESCRIPTION,string,4000,"The vision or intent of this exhibit is to:
•	To re-awaken Canadian’s interest in and appreciation for water
•	Invite visitors to explore the wonders and mysteries of water and to understand the connections between water, the planet, and all living things – including human beings
•	Importance of featuring the wonder and beauty of water 
•	The idea of the ‘wonder of water’ became the backbone of the Gallery concept
•	The Hall of Wonder (where you are observers) and the Hall of Connections  (where you participate)
•	The permanent Water Gallery in Ottawa will anchor the Museum’s national Water Project
o	Travelling exhibits
o	Educational activities
o	Public programs
o	Will feature updated and recent material
•	Through this suite of water-related programs, the Museum will reach Canadians across the country, reawakening in them a sense of awe for water and an increased awareness of its importance, connections and relevance","","",""
status,EXHIBITIONS.STATUS,string,100,open,"","",""
status_date,EXHIBITIONS.STATUS_DATE,string,11,2005-06-17,"","",""
authorized_by,EXHIBITIONS.AUTHORIZED_BY,string,500,"Frank, Peter G.","","",""
date_authorized,EXHIBITIONS.DATE_AUTHORIZED,string,11,2005-05-12,"","",""
initiated_by,EXHIBITIONS.INITIATED_BY,string,500,Margaret Feuerstack,"","",""
date_initiated,EXHIBITIONS.DATE_INITIATED,string,11,2005-05-12,"","",""
venues,EXHIBITIONS.VENUES,string,4000,Canadian Museum of Nature,"","",""
total_venues,EXHIBITIONS.TOTAL_VENUES,integer,4,1,"","",""
total_cost,EXHIBITIONS.TOTAL_COST,string,13,0.00,"","",""
reference_number,EXHIBITIONS.REFERENCE_NUMBER,string,48,Unnumbered 1,"","",""
publish,EXHIBITIONS.PUBLISH,boolean,,false,"","",""
flag1,EXHIBITIONS.FLAG1,boolean,,false,"","",""
flag2,EXHIBITIONS.FLAG2,boolean,,false,"","",""
create_date,EXHIBITIONS.CREATE_DATE,datetime,,2005-06-17 00:00:00 UTC,"","",""
created_by,EXHIBITIONS.CREATED_BY,string,32,PFRANK,"","",""
update_date,EXHIBITIONS.UPDATE_DATE,datetime,,2012-06-21 12:10:48 UTC,"","",""
updated_by,EXHIBITIONS.UPDATED_BY,string,32,DSHORTHOUSE,"","",""
