field_name,MIMSY_field_name,field_type,field_length,field_example,emu_module,emu_column,migration_instructions
id,EXHIBITION_THEMES.ID,integer,,6,"","",""
exhibition_id,EXHIBITION_THEMES.EKEY,integer,,3,"","",""
theme_section,EXHIBITION_THEMES.THEME_SECTION,string,500,Life in the Ocean,"","",""
theme_sub1,EXHIBITION_THEMES.THEME_SUB1,string,500,"Research activities: collecting, sorting, identifying","","",""
theme_sub2,EXHIBITION_THEMES.THEME_SUB2,string,500,"Water forms into: clouds, snow, rain, fog...","","",""
theme_sub3,EXHIBITION_THEMES.THEME_SUB3,string,500,Our everyday choices and their impact,"","",""
theme_sub4,EXHIBITION_THEMES.THEME_SUB4,string,500,"The ocean moves: currents, tides, waves and how they affect marine organisms","","",""
theme_sub5,EXHIBITION_THEMES.THEME_SUB5,string,500,Earth has always had the same amount because of the water cycle,"","",""
description,EXHIBITION_THEMES.DESCRIPTION,string,4000,this is a test Theme 1,"","",""
location,EXHIBITION_THEMES.LOCATION,string,500,Location2,"","",""
