field_name,MIMSY_field_name,field_type,field_length,field_example,emu_module,emu_column,migration_instructions
id,FACILITIES.LOCKEY,integer,,14,"","",""
location,FACILITIES.LOCATION,string,500,Bird and Mammal Collections,"","",""
type,FACILITIES.LOC_TYPE,string,100,pest management,"","",""
sort_name,FACILITIES.SORT_NAME,string,500,LARGE SKELETON ROOM,"","",""
address_line1,FACILITIES.ADDRESS1,string,100,1740 Pink Road,"","",""
city,FACILITIES.CITY,string,100,Aylmer,"","",""
state_province,FACILITIES.STATE_PROVINCE,string,100,Ontario,"","",""
country,FACILITIES.COUNTRY,string,100,Canada,"","",""
postal_code,FACILITIES.POSTAL_CODE,string,24,J9H 5E1,"","",""
description,FACILITIES.DESCRIPTION,string,4000,Contains artifacts and specimens from sites related to the final Arctic expedition undertaken by Sir John Franklin (1846-1848).,"","",""
parent_id,FACILITIES.BROADER_LOCKEY,integer,10,25,"","",""
broader_text,FACILITIES.BROADER_TEXT,string,4000,Natural Heritage Building; Vertebrate Collections,"","",""
hierarchy_level,FACILITIES.HIERARCHY_LEVEL,integer,10,3,"","",""
insured,FACILITIES.INSURED,boolean,,false,"","",""
networked,FACILITIES.NETWORKED,boolean,,false,"","",""
computer_onsite,FACILITIES.COMPUTER_ONSITE,boolean,,false,"","",""
freight_elevator,FACILITIES.FREIGHT_ELEVATOR,boolean,,false,"","",""
loading_dock,FACILITIES.LOADING_DOCK,boolean,,false,"","",""
number_of_exits,FACILITIES.NUMBER_OF_EXITS,integer,2,1,"","",""
available,FACILITIES.AVAILABLE,boolean,,true,"","",""
publish,FACILITIES.PUBLISH,boolean,,false,"","",""
flag1,FACILITIES.FLAG1,boolean,,false,"","",""
flag2,FACILITIES.FLAG2,boolean,,false,"","",""
create_date,FACILITIES.CREATE_DATE,datetime,,2005-12-19 00:00:00 UTC,"","",""
created_by,FACILITIES.CREATED_BY,string,32,SRUFOLO,"","",""
update_date,FACILITIES.UPDATE_DATE,datetime,,2016-07-27 14:33:31 UTC,"","",""
updated_by,FACILITIES.UPDATED_BY,string,32,XGVIEWS,"","",""
