field_name,MIMSY_field_name,field_type,field_length,field_example,emu_module,emu_column,migration_instructions
id,GROUPS.GROUP_ID,integer,,3869,"","",""
module,GROUPS.LINK_TYPE,integer,,64,"","",""
group_area,GROUPS.GROUP_AREA,string,4000,catalogue,"","",""
name,GROUPS.GROUP_NAME,string,100,Isoneotype label,"","",""
private_public,GROUPS.PRIVATE_PUBLIC,string,10,PUBLIC,egroups,GroupStatus,""
group_type,GROUPS.GROUP_TYPE,string,100,General Inquiry,"","",""
group_owner,GROUPS.GROUP_OWNER,string,32,MBOUCHARD,"","",""
department,GROUPS.DEPARTMENT,string,100,Registration,"","",""
note,GROUPS.NOTE,string,4000,Newmaster loan,egroups,GroupDescription,""
create_date,GROUPS.CREATE_DATE,datetime,,2014-02-04 08:03:05 UTC,"","",""
updated_by,GROUPS.UPDATED_BY,string,30,MBOUCHARD,"","",""
update_date,GROUPS.UPDATE_DATE,datetime,,2015-08-21 08:37:27 UTC,"","",""
