field_name,MIMSY_field_name,field_type,field_length,field_example,emu_module,emu_column,migration_instructions
id,HAZARD.HKEY,integer,,,"","",""
catalog_id,HAZARD.M_ID,integer,,,"","",""
current_record,HAZARD.CURRENT_RECORD,boolean,,,"","",""
hazard,HAZARD.HAZARD,string,500,,"","",""
component_accessory,HAZARD.COMPONENT_ACCESSORY,string,500,,"","",""
description,HAZARD.DESCRIPTION,string,4000,,"","",""
position,HAZARD.POSITION,string,4000,,"","",""
rating,HAZARD.RATING,string,100,,"","",""
restrict_handling,HAZARD.RESTRICT_HANDLING,boolean,,,"","",""
may_be_handled_by,HAZARD.MAY_BE_HANDLED_BY,string,4000,,"","",""
handling_instructions,HAZARD.HANDLING_INSTRUCTIONS,string,4000,,"","",""
control_measures,HAZARD.CONTROL_MEASURES,string,4000,,"","",""
identified_by,HAZARD.IDENTIFIED_BY,string,500,,"","",""
date_identified,HAZARD.DATE_IDENTIFIED,string,11,,"","",""
authorized_by,HAZARD.AUTHORIZED_BY,string,500,,"","",""
date_authorized,HAZARD.DATE_AUTHORIZED,string,11,,"","",""
external_file,HAZARD.EXTERNAL_FILE,string,4000,,"","",""
last_evaluation_by,HAZARD.LAST_EVALUATION_BY,string,500,,"","",""
last_evaluation_date,HAZARD.LAST_EVALUATION_DATE,string,11,,"","",""
disposal_candidate,HAZARD.DISPOSAL_CANDIDATE,boolean,,,"","",""
note,HAZARD.NOTE,string,4000,,"","",""
option1,HAZARD.OPTION1,string,4000,,"","",""
option2,HAZARD.OPTION2,string,4000,,"","",""
option3,HAZARD.OPTION3,string,1000,,"","",""
option4,HAZARD.OPTION4,string,1000,,"","",""
option5,HAZARD.OPTION5,string,1000,,"","",""
option6,HAZARD.OPTION6,string,500,,"","",""
option7,HAZARD.OPTION7,string,500,,"","",""
option8,HAZARD.OPTION8,string,500,,"","",""
option9,HAZARD.OPTION9,string,500,,"","",""
option10,HAZARD.OPTION10,string,500,,"","",""
number1,HAZARD.NUMBER1,decimal,,,"","",""
number2,HAZARD.NUMBER2,decimal,,,"","",""
date1,HAZARD.DATE1,string,11,,"","",""
date2,HAZARD.DATE2,string,11,,"","",""
flag1,HAZARD.FLAG1,boolean,,,"","",""
flag2,HAZARD.FLAG2,boolean,,,"","",""
flag3,HAZARD.FLAG3,boolean,,,"","",""
flag4,HAZARD.FLAG4,boolean,,,"","",""
created_by,HAZARD.CREATED_BY,string,32,,"","",""
create_date,HAZARD.CREATE_DATE,datetime,,,"","",""
updated_by,HAZARD.UPDATED_BY,string,32,,"","",""
update_date,HAZARD.UPDATE_DATE,string,11,,"","",""
