field_name,MIMSY_field_name,field_type,field_length,field_example,emu_module,emu_column,migration_instructions
id,INSTRUCTIONS.INSTRUCTKEY,integer,,102,"","",""
table_key,INSTRUCTIONS.TABLE_KEY,integer,,90,"","",""
table_name,INSTRUCTIONS.TABLE_NAME,string,32,LOAN_ITEMS,"","",""
type,INSTRUCTIONS.INSTRUCTION_TYPE,string,100,loan item shipping,"","",""
instruction_date,INSTRUCTIONS.INSTRUCTION_DATE,string,11,1999-12-01,"","",""
instruction,INSTRUCTIONS.INSTRUCTION,string,4000,radon emissions,"","",""
note,INSTRUCTIONS.NOTE,string,4000,caution: avoid dust,"","",""
flag1,INSTRUCTIONS.FLAG1,boolean,,false,"","",""
regarding,INSTRUCTIONS.CARRYOVER,string,4000,"CAN 199582
Beckmannia syzigachne
Brown, C.A.
North America: United States; Michigan, Keweenaw Co., Isle Royale
1930-08-04","","",""
