field_name,MIMSY_field_name,field_type,field_length,field_example,emu_module,emu_column,migration_instructions
id,INSURANCE.INSKEY,integer,,,"","",""
record_view,INSURANCE.RECORD_VIEW,decimal,,,"","",""
record_type,INSURANCE.RECORD_TYPE,string,100,,"","",""
policy_number,INSURANCE.POLICY_NUMBER,string,48,,"","",""
link_id,INSURANCE.LINK_ID,decimal,,,"","",""
nvarkey,INSURANCE.NVARKEY,decimal,,,"","",""
insured_by,INSURANCE.INSURED_BY,string,4000,,"","",""
contact,INSURANCE.CONTACT,string,500,,"","",""
address,INSURANCE.ADDRESS,string,500,,"","",""
phone,INSURANCE.PHONE,string,50,,"","",""
fax,INSURANCE.FAX,string,50,,"","",""
email,INSURANCE.EMAIL,string,100,,"","",""
request_by,INSURANCE.REQUEST_BY,string,500,,"","",""
request_date,INSURANCE.REQUEST_DATE,string,11,,"","",""
authorized_by,INSURANCE.AUTHORIZED_BY,string,500,,"","",""
date_authorized,INSURANCE.DATE_AUTHORIZED,string,11,,"","",""
begin_date,INSURANCE.BEGIN_DATE,string,11,,"","",""
end_date,INSURANCE.END_DATE,string,11,,"","",""
status,INSURANCE.STATUS,string,100,,"","",""
status_date,INSURANCE.STATUS_DATE,string,11,,"","",""
insurance_reason,INSURANCE.INSURANCE_REASON,string,100,,"","",""
general_liability,INSURANCE.GENERAL_LIABILITY,decimal,,,"","",""
general_currency,INSURANCE.GENERAL_CURRENCY,string,100,,"","",""
minimum_liability,INSURANCE.MINIMUM_LIABILITY,decimal,,,"","",""
minimum_currency,INSURANCE.MINIMUM_CURRENCY,string,100,,"","",""
renewal_history,INSURANCE.RENEWAL_HISTORY,string,4000,,"","",""
external_file,INSURANCE.EXTERNAL_FILE,string,500,,"","",""
note,INSURANCE.NOTE,string,4000,,"","",""
option1,INSURANCE.OPTION1,string,4000,,"","",""
option2,INSURANCE.OPTION2,string,1000,,"","",""
number1,INSURANCE.NUMBER1,decimal,,,"","",""
number2,INSURANCE.NUMBER2,decimal,,,"","",""
date1,INSURANCE.DATE1,string,11,,"","",""
date2,INSURANCE.DATE2,string,11,,"","",""
flag1,INSURANCE.FLAG1,boolean,,,"","",""
flag2,INSURANCE.FLAG2,boolean,,,"","",""
created_by,INSURANCE.CREATED_BY,string,32,,"","",""
create_date,INSURANCE.CREATE_DATE,datetime,,,"","",""
updated_by,INSURANCE.UPDATED_BY,string,32,,"","",""
update_date,INSURANCE.UPDATE_DATE,datetime,,,"","",""
