field_name,MIMSY_field_name,field_type,field_length,field_example,emu_module,emu_column,migration_instructions
id,LOAN_VENUES.ID,integer,,9,"","",""
loan_id,LOAN_VENUES.LKEY,integer,,370,"","",""
person_id,LOAN_VENUES.LINK_ID,integer,,2,"","",""
venue,LOAN_VENUES.VENUE,string,4000,Royal Tyrrell Museum of Palaeontology,"","",""
contact,LOAN_VENUES.CONTACT,string,500,Mary-Rose Saccu,"","",""
begin_date,LOAN_VENUES.BEGIN_DATE,string,11,2000-08-21,"","",""
end_date,LOAN_VENUES.END_DATE,string,11,2010-10-11,"","",""
