field_name,MIMSY_field_name,field_type,field_length,field_example,emu_module,emu_column,migration_instructions
id,LOANS.LKEY,integer,,686,"","",""
direction,LOANS.DIRECTION,string,3,OUT,"","",""
loan_number,LOANS.LOAN_NUMBER,string,48,LP2012-0022,"","",""
person_id,LOANS.LINK_ID,integer,,31343,"","",""
person_variation_id,LOANS.NVARKEY,integer,,31671,"","",""
institution,LOANS.NAME,string,4000,"Carbone, Cristina","","",""
contact,LOANS.CONTACT,string,500,Carolyn Leckie,"","",""
address,LOANS.ADDRESS,string,500,"The Manitoba Museum
Botany Department - Herbarium
190 Rupert Avenue
Winnipeg
Manitoba
R3B 0N2
Canada","","",""
phone,LOANS.PHONE,string,50,02 9320 6302,"","",""
fax,LOANS.FAX,string,50,613-562-5486,"","",""
email,LOANS.EMAIL,string,100,serge.payette@herbier.ulaval.ca,"","",""
requested_by,LOANS.REQUESTED_BY,string,500,"Steigerwald, Michèle","","",""
request_date,LOANS.REQUEST_DATE,datetime,,2012-03-20 00:00:00 UTC,"","",""
authorized_by,LOANS.AUTHORIZED_BY,string,500,"Gagnon, Jean-Marc","","",""
date_authorized,LOANS.DATE_AUTHORIZED,string,11,2010-10-29,"","",""
status,LOANS.STATUS,string,100,open,"","",""
status_date,LOANS.STATUS_DATE,string,11,2013-11-29,"","",""
handled_by,LOANS.HANDLED_BY,string,500,"Dare, Oluwayemisi","","",""
purpose,LOANS.PURPOSE,string,500,exhibition/education,"","",""
loan_start,LOANS.LOAN_START,string,11,2016-01-28,"","",""
loan_end,LOANS.LOAN_END,string,11,2012-08-12,"","",""
total_items,LOANS.TOTAL_ITEMS,integer,10,1,"","",""
total_requested,LOANS.TOTAL_REQUESTED,string,4000,0,"","",""
renewal_history,LOANS.RENEWAL_HISTORY,string,4000,November 2014 - renewed until 2015-03-31.,"","",""
acknowledge_date,LOANS.ACKNOWLEDGE_DATE,datetime,,2007-05-25 00:00:00 UTC,"","",""
prelim_agree_date,LOANS.PRELIM_AGREE_DATE,datetime,,2005-07-05 00:00:00 UTC,"","",""
approval_date,LOANS.APPROVAL_DATE,datetime,,2008-04-04 00:00:00 UTC,"","",""
reject_date,LOANS.REJECT_DATE,datetime,,2000-06-08 00:00:00 UTC,"","",""
cancel_date,LOANS.CANCEL_DATE,datetime,,2008-08-25 00:00:00 UTC,"","",""
contract_date,LOANS.CONTRACT_DATE,datetime,,2009-05-01 00:00:00 UTC,"","",""
contract_terms,LOANS.CONTRACT_TERMS,text,,"","","",""
prelim_conditions,LOANS.PRELIM_CONDITIONS,string,4000,The borrower is permitted to section and mount one (1) specimen from each sample.,"","",""
actual_cost,LOANS.ACTUAL_COST,string,13,0.00,"","",""
projected_cost,LOANS.PROJECTED_COST,string,13,0.00,"","",""
insurance_paid_by,LOANS.INSURANCE_PAID_BY,string,500,American Museum of Natural History,"","",""
shipping_paid_by,LOANS.SHIPPING_PAID_BY,string,500,Royal Tyrrell Museum of Palaeontology,"","",""
reviewed_by,LOANS.REVIEWED_BY,string,500,Micheline B.-Bouchard,"","",""
review_date,LOANS.REVIEW_DATE,datetime,,2000-06-08 00:00:00 UTC,"","",""
review_comments,LOANS.REVIEW_COMMENTS,string,4000,The paper substrate was returned with a portion ripped off thus removing part of the original label information.  Fortunately a photograph was taken prior to sending the specimen out on loan.,"","",""
external_file,LOANS.EXTERNAL_FILE,string,500,Registrar's Office,"","",""
note,LOANS.NOTE,string,4000,This transaction is an exchange.,"","",""
option1,LOANS.OPTION1,string,4000,Parasite from the skin o a marine shark,"","",""
date1,LOANS.DATE1,datetime,,2009-10-05 00:00:00 UTC,"","",""
flag1,LOANS.FLAG1,boolean,,false,"","",""
flag2,LOANS.FLAG2,boolean,,false,"","",""
created_by,LOANS.CREATED_BY,string,32,NBOASE,"","",""
create_date,LOANS.CREATE_DATE,datetime,,2010-06-23 08:45:24 UTC,"","",""
update_date,LOANS.UPDATE_DATE,datetime,,2016-07-28 13:12:17 UTC,"","",""
updated_by,LOANS.UPDATED_BY,string,32,XGVIEWS,"","",""
