field_name,MIMSY_field_name,field_type,field_length,field_example,emu_module,emu_column,migration_instructions
id,LOAN_ITEMS.LITMKEY,integer,,3740,"","",""
loan_id,LOAN_ITEMS.LKEY,integer,,166,"","",""
catalog_id,LOAN_ITEMS.M_ID,integer,,563002,"","",""
id_number,LOAN_ITEMS.ID_NUMBER,string,48,CMNFI 1989-0610.1,"","",""
status,LOAN_ITEMS.STATUS,string,100,approved,"","",""
status_date,LOAN_ITEMS.STATUS_DATE,string,11,2007-01-19,"","",""
loan_date,LOAN_ITEMS.LOAN_DATE,datetime,,2007-04-19 00:00:00 UTC,"","",""
due_date,LOAN_ITEMS.DUE_DATE,datetime,,2005-05-31 00:00:00 UTC,"","",""
return_date,LOAN_ITEMS.RETURN_DATE,datetime,,2015-11-16 00:00:00 UTC,"","",""
return_confirmed_by,LOAN_ITEMS.RETURN_CONFIRMED_BY,string,500,"Bouchard, Micheline","","",""
renewal_history,LOAN_ITEMS.RENEWAL_HISTORY,string,4000,"Extension to 2010-12-31 authorised by Jessica Kotierk, NU Heritage Collections Administration Officer.
Extension to 2011-12-31 authorised by Jessica Kotierk, NU Heritage Collections Administration Officer.","","",""
note,LOAN_ITEMS.NOTE,string,4000,10 specimens,"","",""
description,LOAN_ITEMS.ITEM_SUMMARY,string,4000,"Myriophyllum exalbescens
Atlantic Ocean: Greenland","","",""
flag1,LOAN_ITEMS.FLAG1,boolean,,false,"","",""
flag2,LOAN_ITEMS.FLAG2,boolean,,false,"","",""
catalogued,LOAN_ITEMS.CATALOGUED,boolean,,true,"","",""
id_sort,LOAN_ITEMS.ID_SORT,string,4000,CANM0321979,"","",""
created_by,LOAN_ITEMS.CREATED_BY,string,32,ANACTORIA,"","",""
create_date,LOAN_ITEMS.CREATE_DATE,datetime,,2009-11-24 16:21:05 UTC,"","",""
updated_by,LOAN_ITEMS.UPDATED_BY,string,32,XGVIEWS,"","",""
update_date,LOAN_ITEMS.UPDATE_DATE,datetime,,2016-08-15 11:23:26 UTC,"","",""
