field_name,MIMSY_field_name,field_type,field_length,field_example,emu_module,emu_column,migration_instructions
id,LOCATION.LOC_ID,integer,,4096,"","",""
catalog_id,LOCATION.M_ID,integer,,128783,"","",""
facility_id,LOCATION.LOCKEY,integer,,9,"","",""
current_record,LOCATION.CURRENT_RECORD,boolean,,false,"","",""
future_commit,LOCATION.FUTURE_COMMIT,boolean,,false,"","",""
location,LOCATION.LOCATION,string,500,"LP2006-0204: Solomon, James C.","","",""
loc_level1,LOCATION.LOC_LEVEL1,string,50,main hall,"","",""
loc_level2,LOCATION.LOC_LEVEL2,string,50,Main Hall,"","",""
loc_level3,LOCATION.LOC_LEVEL3,string,50,box in front of Green River wall,"","",""
loc_level4,LOCATION.LOC_LEVEL4,string,50,in recessed box,"","",""
location_date,LOCATION.LOCATION_DATE,string,11,1972,"","",""
expected_end,LOCATION.EXPECTED_END,string,11,2006-11,"","",""
last_location,LOCATION.LAST_LOCATION,string,500,University of Ottawa,"","",""
last_level1,LOCATION.LAST_LEVEL1,string,50,Upper mezzanine,"","",""
last_level2,LOCATION.LAST_LEVEL2,string,50,Cabinet 8,"","",""
last_level3,LOCATION.LAST_LEVEL3,string,50,wall mount,"","",""
last_level4,LOCATION.LAST_LEVEL4,string,50,,"","",""
purpose,LOCATION.PURPOSE,string,100,research,"","",""
inventory_status,LOCATION.INVENTORY_STATUS,string,100,located,"","",""
status_date,LOCATION.STATUS_DATE,string,11,2004-08-09,"","",""
requested_by,LOCATION.REQUESTED_BY,string,500,"Shepherd, Kieran M.","","",""
request_date,LOCATION.REQUEST_DATE,string,11,2006-07-21,"","",""
authorized_by,LOCATION.AUTHORIZED_BY,string,500,"Shepherd, Kieran M.","","",""
job_number,LOCATION.JOB_NUMBER,string,48,,"","",""
scheduled_date,LOCATION.SCHEDULED_DATE,string,11,2006-07-21,"","",""
moved_by,LOCATION.MOVED_BY,string,500,Palaeo collections staff,"","",""
component_accessory,LOCATION.COMPONENT_ACCESSORY,string,500,skull,"","",""
note,LOCATION.NOTE,string,4000,"After dismantling of old gallery, this wall mount was stored at the VMMB in a special 'swing-space' during gallery reconstruction (2004-2006)","","",""
flag1,LOCATION.FLAG1,boolean,,false,"","",""
flag2,LOCATION.FLAG2,boolean,,false,"","",""
create_date,LOCATION.CREATE_DATE,datetime,,2006-10-19 11:56:29 UTC,"","",""
created_by,LOCATION.CREATED_BY,string,32,MFEUERSTACK,"","",""
update_date,LOCATION.UPDATE_DATE,datetime,,2016-07-27 10:42:39 UTC,"","",""
updated_by,LOCATION.UPDATED_BY,string,32,MCURRIE,"","",""
