field_name,MIMSY_field_name,field_type,field_length,field_example,emu_module,emu_column,migration_instructions
id,LOSS.LOSSKEY,integer,,4,"","",""
catalog_id,LOSS.M_ID,integer,,87974,"","",""
loss_date,LOSS.LOSS_DATE,string,11,1999-07-16,"","",""
reported_by,LOSS.REPORTED_BY,string,500,Michèle Steigerwald,"","",""
last_seen_by,LOSS.LAST_SEEN_BY,string,500,Dr. Gordon Ultsch,"","",""
location,LOSS.LOCATION,string,500,University of Alabama,"","",""
date_last_seen,LOSS.DATE_LAST_SEEN,string,11,1999-06-02,"","",""
object_found,LOSS.OBJECT_FOUND,boolean,,false,"","",""
description,LOSS.DESCRIPTION,string,4000,"One of two specimens was sent on loan(LP1999-0105) to Dr. G. Ultsch, University of Alabama:  while being returned(1999-06-02), the specimen was lost in transit, probably at the Customs offices because the box had been opened and upon reception of the parcel at the CMN, we noted that the box was partially empty.","","",""
create_date,LOSS.CREATE_DATE,datetime,,2000-05-30 00:00:00 UTC,"","",""
created_by,LOSS.CREATED_BY,string,32,MSTEIGERWA,"","",""
update_date,LOSS.UPDATE_DATE,datetime,,2000-05-30 00:00:00 UTC,"","",""
updated_by,LOSS.UPDATED_BY,string,32,MSTEIGERWA,"","",""
flag1,LOSS.FLAG1,boolean,,false,"","",""
flag2,LOSS.FLAG2,boolean,,false,"","",""
