field_name,MIMSY_field_name,field_type,field_length,field_example,emu_module,emu_column,migration_instructions
id,LOSS_MEDIA.ID,integer,,,"","",""
medium_id,LOSS_MEDIA.MEDIAKEY,integer,,,"","",""
media,LOSS_MEDIA.MEDIA,string,4000,,"","",""
catalog_id,LOSS_MEDIA.M_ID,integer,,,"","",""
object,LOSS_MEDIA.OBJECT,string,4000,,"","",""
loss_id,LOSS_MEDIA.LOSSKEY,integer,,,"","",""
loss,LOSS_MEDIA.LOSS,string,4000,,"","",""
relationship,LOSS_MEDIA.RELATIONSHIP,string,500,,"","",""
begin_date,LOSS_MEDIA.BEGIN_DATE,string,11,,"","",""
end_date,LOSS_MEDIA.END_DATE,string,11,,"","",""
sort,LOSS_MEDIA.STEP,integer,10,,"","",""
note,LOSS_MEDIA.NOTE,string,4000,,"","",""
