field_name,MIMSY_field_name,field_type,field_length,field_example,emu_module,emu_column,migration_instructions
id,MEDIA_PUBLICATIONS.AUTHLINKKEY,integer,,3038256,"","",""
publication_id,MEDIA_PUBLICATIONS.PKEY,integer,,7939,"","",""
medium_id,MEDIA_PUBLICATIONS.MEDIAKEY,integer,,6582,"","",""
prior_attribution,MEDIA_PUBLICATIONS.PRIOR_ATTRIBUTION,boolean,,false,"","",""
illustration,MEDIA_PUBLICATIONS.ILLUSTRATION,boolean,,false,"","",""
publication,MEDIA_PUBLICATIONS.PUBLICATION,string,4000,"Paphia bifurcata, a new mollusca species from Ladysmith harbour, B.C.","","",""
publication_date,MEDIA_PUBLICATIONS.PUBLICATION_DATE,string,4000,2010,"","",""
