field_name,MIMSY_field_name,field_type,field_length,field_example,emu_module,emu_column,migration_instructions
id,MEDIA_TAXONOMY.AUTHLINKKEY,integer,,3245577,"","",""
medium_id,MEDIA_TAXONOMY.MEDIAKEY,integer,,49839,"","",""
taxon_id,MEDIA_TAXONOMY.SPECKEY,integer,,1118850,"","",""
prior_attribution,MEDIA_TAXONOMY.PRIOR_ATTRIBUTION,boolean,,false,"","",""
taxonomy,MEDIA_TAXONOMY.TAXONOMY,string,4000,Clathria (Microciona) pennata,"","",""
broader_text,MEDIA_TAXONOMY.BROADER_TEXT,string,4000,Animalia; Chordata; Vertebrata; Mammalia; Artiodactyla; Cervidae; Alces,"","",""
