field_name,MIMSY_field_name,field_type,field_length,field_example,emu_module,emu_column,migration_instructions
id,MEDIA.MEDIAKEY,integer,,7717,"","",""
language,MEDIA.LANGUAGE,string,3,eng,"","",""
media_id,MEDIA.MEDIA_ID,string,100,MJ Oldham collections at CAN.xls,emultimedia,MulTitle,""
locator,MEDIA.LOCATOR,string,500,\\n-nas1.mus-nature.ca\dept\MIMSY\MMImage\Invertebrates\Mollusc\,"","",""
record_type,MEDIA.RECORD_TYPE,string,50,IMAGE,emultimedia,DetResourceType,""
repro_allowed,MEDIA.REPRO_ALLOWED,boolean,,true,"","",""
branded,MEDIA.BRANDED,boolean,,false,"","",""
media,MEDIA.MEDIA,string,100,digitized image,"","",""
format,MEDIA.FORMAT,string,100,JPEG,emultimedia,ChaMediaForm,""
thumbnail,MEDIA.THUMBNAIL,boolean,,true,"","",""
publish,MEDIA.PUBLISH,boolean,,true,emultimedia,AdmPublishWebNoPassword,""
primary,MEDIA.PRIMARY,integer,,1,"","",""
parent_id,MEDIA.BROADER_KEY,integer,10,3399,"","",""
larger_file,MEDIA.LARGER_FILE,string,4000,\\n-nas1.mus-nature.ca\dept\MIMSY\MMImage\Botany\VascPlant\CAN 25033xs.jpg,"","",""
stereo,MEDIA.STEREO,boolean,,false,"","",""
color,MEDIA.COLOR,boolean,,false,"","",""
bitdepth_image,MEDIA.BITDEPTH_IMAGE,integer,2,24,"","",""
media_type,MEDIA.MEDIA_TYPE,string,100,digital,"","",""
physical_location,MEDIA.PHYSICAL_LOCATION,string,500,Registration file room: Vascular Plant (CAN) Types CD #2,"","",""
location_date,MEDIA.LOCATION_DATE,datetime,,2003-12-17 00:00:00 UTC,"","",""
location_status,MEDIA.LOCATION_STATUS,string,100,onsite,"","",""
caption,MEDIA.CAPTION,string,500,CAN Equisetum arvense v. granulatum Lawson,"","",""
credit_line,MEDIA.CREDIT_LINE,string,500,"© Wayne F. Weller, Canadian Museum of Nature Collection",emultimedia,DetRights,""
resolution,MEDIA.RESOLUTION,string,24,72,"","",""
horizontal_size,MEDIA.H_SIZE,integer,10,550,"","",""
vertical_size,MEDIA.V_SIZE,integer,10,175,"","",""
orientation,MEDIA.ORIENTATION,string,,H,"","",""
media_count,MEDIA.MEDIA_COUNT,decimal,,1.0,"","",""
item_count,MEDIA.ITEM_COUNT,integer,10,1,"","",""
file_size,MEDIA.FILE_SIZE,integer,12,249491,"","",""
date_captured,MEDIA.DATE_CAPTURED,datetime,,2008-02-08 00:00:00 UTC,emultimedia,DetDate0,""
capture_method,MEDIA.CAPTURE_METHOD,string,500,flatbed scanner,"","",""
capture_device,MEDIA.CAPTURE_DEVICE,string,500,Epson Expression 1640 XL,emultimedia,DetSource,""
captured_by,MEDIA.CAPTURED_BY,string,500,"Leung, Shan",emultimedia,MulCreator_tab,""
storage_media,MEDIA.STORAGE_MEDIA,string,500,CD,"","",""
note,MEDIA.NOTE,string,4000,Ruth Koch-Schultes & Eglee Barrios-Sanchez were two volunteers who assisted with the scanning of the botany specimens.,emultimedia,SupNotes0,""
flag1,MEDIA.FLAG1,boolean,,false,"","",""
flag2,MEDIA.FLAG2,boolean,,false,"","",""
created_by,MEDIA.CREATED_BY,string,32,DATAIMPORT,"","",""
create_date,MEDIA.CREATE_DATE,datetime,,2012-01-12 09:46:05 UTC,"","",""
updated_by,MEDIA.UPDATED_BY,string,32,XGVIEWS,"","",""
update_date,MEDIA.UPDATE_DATE,datetime,,2016-10-26 15:55:10 UTC,"","",""
