field_name,MIMSY_field_name,field_type,field_length,field_example,emu_module,emu_column,migration_instructions
id,NOTEPAD.ID,decimal,,,"","",""
table_key,NOTEPAD.TABLE_KEY,integer,10,,"","",""
table_name,NOTEPAD.TABLE_NAME,string,30,,"","",""
column_name,NOTEPAD.COLUMN_NAME,string,32,,"","",""
module,NOTEPAD.MODULE,string,32,,"","",""
subject,NOTEPAD.SUBJECT,string,100,,"","",""
contributor,NOTEPAD.CONTRIBUTOR,string,100,,"","",""
contribution_date,NOTEPAD.CONTRIBUTION_DATE,string,11,,"","",""
note,NOTEPAD.NOTE,text,,,"","",""
url,NOTEPAD.URL,string,500,,"","",""
private,NOTEPAD.PRIVATE,boolean,,,"","",""
created_by,NOTEPAD.CREATED_BY,string,32,,"","",""
create_date,NOTEPAD.CREATE_DATE,datetime,,,"","",""
carryover,NOTEPAD.CARRYOVER,string,4000,,"","",""
