field_name,MIMSY_field_name,field_type,field_length,field_example,emu_module,emu_column,migration_instructions
id,PEOPLE_TAXONOMY.AUTHLINKKEY,integer,,3123248,"","",""
person_id,PEOPLE_TAXONOMY.LINK_ID,integer,,30325,"","",""
taxon_id,PEOPLE_TAXONOMY.SPECKEY,integer,,1196505,"","",""
relationship,PEOPLE_TAXONOMY.RELATIONSHIP,string,500,author,"","",""
prior_attribution,PEOPLE_TAXONOMY.PRIOR_ATTRIBUTION,boolean,,false,"","",""
taxonomy,PEOPLE_TAXONOMY.TAXONOMY,string,4000,Ensis terranovensis,"","",""
broader_text,PEOPLE_TAXONOMY.BROADER_TEXT,string,4000,Animalia; Mollusca; Bivalvia; Heterodonta; Veneroida; Solenoidea; Pharidae; Ensis,"","",""
