field_name,MIMSY_field_name,field_type,field_length,field_example,emu_module,emu_column,migration_instructions
id,PEOPLE_PUBLICATIONS.AUTHLINKKEY,integer,,3318680,"","",""
person_id,PEOPLE_PUBLICATIONS.LINK_ID,integer,,31040,"","",""
publication_id,PEOPLE_PUBLICATIONS.PKEY,integer,,8195,"","",""
relationship,PEOPLE_PUBLICATIONS.RELATIONSHIP,string,500,author,"","",""
prior_attribution,PEOPLE_PUBLICATIONS.PRIOR_ATTRIBUTION,boolean,,false,"","",""
illustration,PEOPLE_PUBLICATIONS.ILLUSTRATION,boolean,,false,"","",""
publication,PEOPLE_PUBLICATIONS.PUBLICATION,string,4000,Life in a Temperate Polar Sea: A Unique Taphonomic Window on the Structure of a Late Cretaceous Arctic Marine Ecosystem,"","",""
publication_date,PEOPLE_PUBLICATIONS.PUBLICATION_DATE,string,4000,2010,"","",""
