field_name,MIMSY_field_name,field_type,field_length,field_example,emu_module,emu_column,migration_instructions
id,PEOPLE_VARIATIONS.NVARKEY,integer,,3201,"","",""
person_id,PEOPLE_VARIATIONS.LINK_ID,integer,,1126,"","",""
variation,PEOPLE_VARIATIONS.VARIATION,string,500,"Ashley, H.","","",""
type,PEOPLE_VARIATIONS.NVAR_TYPE,string,100,misspelling,"","",""
note,PEOPLE_VARIATIONS.NOTE,string,4000,misspelling,"","",""
prior_attribution,PEOPLE_VARIATIONS.PRIOR_ATTRIBUTION,boolean,,false,"","",""
attribution_source,PEOPLE_VARIATIONS.ATTRIB_SOURCE,string,500,,"","",""
