field_name,MIMSY_field_name,field_type,field_length,field_example,emu_module,emu_column,migration_instructions
id,PEOPLE.LINK_ID,integer,,2957,"","",""
language,PEOPLE.LANGUAGE,string,3,eng,"","",""
approved,PEOPLE.APPROVED,boolean,,true,"","",""
individual,PEOPLE.INDIVIDUAL,boolean,,true,"","",""
preferred_name,PEOPLE.PREFERRED_NAME,string,500,"Druce, Eric","","",""
title,PEOPLE.TITLE_NAME,string,100,Dr.,"","",""
first_name,PEOPLE.FIRSTMID_NAME,string,500,G.H.,"","",""
last_name,PEOPLE.LASTSUFF_NAME,string,500,Sullins,"","",""
suffix,PEOPLE.SUFFIX_NAME,string,100,,"","",""
honorary_suffix,PEOPLE.HONORARY_SUFFIX,string,100,Corporal,"","",""
sort_name,PEOPLE.SORT_NAME,string,500,"MORGAN, SUSAN","","",""
gender,PEOPLE.GENDER,string,,N,"","",""
deceased,PEOPLE.DECEASED,boolean,,false,"","",""
brief_bio,PEOPLE.BRIEF_BIO,string,500,Swastika,"","",""
birth_date,PEOPLE.BIRTH_DATE,string,100,1907,"","",""
birth_place,PEOPLE.BIRTH_PLACE,string,100,"Los Angeles, California","","",""
death_date,PEOPLE.DEATH_DATE,string,100,1969-02-14,"","",""
death_place,PEOPLE.DEATH_PLACE,string,100,"North America: Canada, Ontario, Ottawa (metro), Ottawa","","",""
cause_of_death,PEOPLE.CAUSE_OF_DEATH,string,500,,"","",""
nationality,PEOPLE.NATIONALITY,string,500,Canadian,"","",""
occupation,PEOPLE.OCCUPATION,string,500,Mrs,"","",""
description,PEOPLE.DESCRIPTION,string,4000,"He received his Ph.D. from Tulane University in New Orleans, then accepted an offer to served on the staff of the McGill Institute of Parasitology in 1939. In 1941 he enrolled at Queens University, graduating as an M.D. in 1944. He and Eva Mendel were married in 1943, and he then served as an army medical officer in the final year of the war. Max!=s medical research required him to travel to many tropical countries, and, in 1949, he was awarded a study and research scholarship at the School of Tropical Medicine in Calcutta, India. In 1953 he was appointed Director of the Institute for Tropical Medicine in Liberia, West Africa, where he, Eva, and their two daughters lived for seven years. The family moved to Sydney, Australia for two years, and then returned to Canada. They lived in Montreal until 1969, when Max was appointed professor and chairman of the Department of Tropical Medicine at Tulane University in New Orleans. During his tenure, he travelled extensively supervising departmental research programs in Brazil, Colombia and Iran. With Eva, he visited a number of countries including Honduras, Costa Rica, Indonesia, the Republic of China. As a private consultant, Max!=s work also took him to Liberia, British Guyana, Brazil, Mexico, and the Senegal River Basin in West Africa. In 1976 the family returned to Western Canada, establishing a home near Calgary. 
","","",""
website,PEOPLE.WEBSITE,string,500,www.nature.ca,"","",""
appraiser,PEOPLE.APPRAISER,boolean,,false,"","",""
authorizer,PEOPLE.AUTHORIZER,boolean,,false,"","",""
borrower,PEOPLE.BORROWER,boolean,,false,"","",""
collector,PEOPLE.COLLECTOR,boolean,,true,"","",""
conservator,PEOPLE.CONSERVATOR,boolean,,false,"","",""
copyright_holder,PEOPLE.COPYRIGHT_HOLDER,boolean,,false,"","",""
examiner,PEOPLE.EXAMINER,boolean,,false,"","",""
identifier,PEOPLE.IDENTIFIER,boolean,,true,"","",""
insurer,PEOPLE.INSURER,boolean,,false,"","",""
lender,PEOPLE.LENDER,boolean,,false,"","",""
maker,PEOPLE.MAKER,boolean,,false,"","",""
mover,PEOPLE.MOVER,boolean,,false,"","",""
owner,PEOPLE.OWNER,boolean,,false,"","",""
publisher,PEOPLE.PUBLISHER,boolean,,false,"","",""
related,PEOPLE.RELATED,boolean,,false,"","",""
reproducer,PEOPLE.REPRODUCER,boolean,,false,"","",""
shipper,PEOPLE.SHIPPER,boolean,,false,"","",""
source,PEOPLE.SOURCE,boolean,,false,"","",""
sponsor,PEOPLE.SPONSOR,boolean,,false,"","",""
staff,PEOPLE.STAFF,boolean,,false,"","",""
surveyor,PEOPLE.SURVEYOR,boolean,,false,"","",""
venue,PEOPLE.VENUE,boolean,,false,"","",""
other,PEOPLE.OTHER,boolean,,false,"","",""
authorized_by,PEOPLE.AUTHORIZED_BY,string,500,JCP,"","",""
date_authorized,PEOPLE.DATE_AUTHORIZED,string,11,2016-12-15,"","",""
assessment,PEOPLE.ASSESSMENT,string,4000,Valid,"","",""
note,PEOPLE.NOTE,string,4000,NOTES MADE BY CMN STAFF DURING NAME CLEANUP: foss vert,"","",""
publish,PEOPLE.PUBLISH,boolean,,false,"","",""
created_by,PEOPLE.CREATED_BY,string,32,CONVERSION,"","",""
create_date,PEOPLE.CREATE_DATE,datetime,,2000-04-06 00:00:00 UTC,"","",""
updated_by,PEOPLE.UPDATED_BY,string,32,XGVIEWS,"","",""
update_date,PEOPLE.UPDATE_DATE,datetime,,2012-11-19 10:44:10 UTC,"","",""
