field_name,MIMSY_field_name,field_type,field_length,field_example,emu_module,emu_column,migration_instructions
id,PEOPLE_CONTACTS.ID,integer,,1280,"","",""
person_id,PEOPLE_CONTACTS.LINK_ID,integer,,23726,"","",""
address_type,PEOPLE_CONTACTS.ADDRESS_TYPE,string,100,primary,"","",""
active_flag,PEOPLE_CONTACTS.ACTIVE_FLAG,boolean,,true,"","",""
date_active,PEOPLE_CONTACTS.DATE_ACTIVE,string,11,2001-01-22,"","",""
end_date,PEOPLE_CONTACTS.END_DATE,string,11,1993,"","",""
contact,PEOPLE_CONTACTS.CONTACT,string,100,Snaebjörn Pálsson,"","",""
contact_title,PEOPLE_CONTACTS.CONTACT_TITLE,string,48,"Head of Collections and Director, Herbarium","","",""
salutation,PEOPLE_CONTACTS.SALUTATION,string,100,Dr.,"","",""
institution,PEOPLE_CONTACTS.INSTITUTION,string,100,University of Windsor,"","",""
department,PEOPLE_CONTACTS.DEPARTMENT,string,100,"Herbario (CONC), Departamento de Botanica","","",""
address1,PEOPLE_CONTACTS.ADDRESS1,string,100,79 Upham Hall,"","",""
address2,PEOPLE_CONTACTS.ADDRESS2,string,100,Ohnhorststrasse 18,"","",""
address3,PEOPLE_CONTACTS.ADDRESS3,string,100,Local 0262,"","",""
city,PEOPLE_CONTACTS.CITY,string,100,Toronto,"","",""
state_province,PEOPLE_CONTACTS.STATE_PROVINCE,string,100,Québec,"","",""
postal_code,PEOPLE_CONTACTS.POSTAL_CODE,string,24,395670,"","",""
country,PEOPLE_CONTACTS.COUNTRY,string,100,Denmark,"","",""
work_phone,PEOPLE_CONTACTS.WORK_PHONE,string,48,(819) 953-4811,"","",""
home_phone,PEOPLE_CONTACTS.HOME_PHONE,string,48,519-371-8193,"","",""
fax,PEOPLE_CONTACTS.FAX,string,48,613-364-4027,"","",""
e_mail,PEOPLE_CONTACTS.E_MAIL,string,100,walter.obermayer@uni-graz.at,"","",""
www_address,PEOPLE_CONTACTS.WWW_ADDRESS,string,500,www.fineartminerals.com,"","",""
telex,PEOPLE_CONTACTS.TELEX,string,48,AA 57090 ANARE,"","",""
