field_name,MIMSY_field_name,field_type,field_length,field_example,emu_module,emu_column,migration_instructions
id,PLACE_VARIATIONS.PLACEVARKEY,integer,,5501,"","",""
place_id,PLACE_VARIATIONS.PLACEKEY,integer,,618,"","",""
variation,PLACE_VARIATIONS.VARIATION,string,100,Plummer,"","",""
variation_type,PLACE_VARIATIONS.VARIATION_TYPE,string,100,,"","",""
begin_date,PLACE_VARIATIONS.BEGIN_DATE,string,11,2009-02-05,"","",""
end_date,PLACE_VARIATIONS.END_DATE,string,11,2002-04,"","",""
note,PLACE_VARIATIONS.NOTE,string,4000,Iranian,"","",""
prior_attribution,PLACE_VARIATIONS.PRIOR_ATTRIBUTION,boolean,,false,"","",""
