field_name,MIMSY_field_name,field_type,field_length,field_example,emu_module,emu_column,migration_instructions
id,PLACES.PLACEKEY,integer,10,5320,"","",""
language,PLACES.LANGUAGE,string,3,eng,"","",""
name,PLACES.PLACE1,string,500,Bejaia Prov.,"","",""
place2,PLACES.PLACE2,string,500,1439,"","",""
place3,PLACES.PLACE3,string,500,2085,"","",""
sort_name,PLACES.SORT_NAME,string,500,MATROUH,"","",""
place_type,PLACES.PLACE_TYPE,string,100,,"","",""
geographic_name,PLACES.GEOGRAPHIC_NAME,boolean,,false,"","",""
political_name,PLACES.POLITICAL_NAME,boolean,,true,"","",""
modified,PLACES.MODIFIED,boolean,,false,"","",""
guide_term,PLACES.GUIDE_TERM,boolean,,false,"","",""
publish,PLACES.PUBLISH,boolean,,false,"","",""
description,PLACES.DESCRIPTION,string,4000,spans several districts,"","",""
broader_key,PLACES.BROADER_KEY,integer,,43,"","",""
parent_path,PLACES.BROADER_TEXT,string,4000,Earth; North America; United States; Kansas,"","",""
hierarchy_level,PLACES.HIERARCHY_LEVEL,integer,10,5,"","",""
start_qualifier,PLACES.START_QUALIFIER,string,24,N,"","",""
start_latitude,PLACES.START_LATITUDE,string,20,46°,"","",""
start_longitude,PLACES.START_LONGITUDE,string,20,65°,"","",""
start_direction,PLACES.START_DIRECTION,string,3,N,"","",""
end_qualifier,PLACES.END_QUALIFIER,string,24,W,"","",""
end_latitude,PLACES.END_LATITUDE,string,20,,"","",""
end_longitude,PLACES.END_LONGITUDE,string,20,00',"","",""
end_direction,PLACES.END_DIRECTION,string,3,W,"","",""
latitude_accuracy,PLACES.LATITUDE_ACCURACY,string,500,,"","",""
longitude_accuracy,PLACES.LONGITUDE_ACCURACY,string,500,,"","",""
source,PLACES.SOURCE,string,500,http://www.muskoka.on.ca/home.htm,"","",""
source_date,PLACES.SOURCE_DATE,string,11,2001-06-07,"","",""
note,PLACES.NOTE,string,4000,"The Lats and Longs given, are for the town itself.","","",""
flag1,PLACES.FLAG1,boolean,,false,"","",""
flag2,PLACES.FLAG2,boolean,,false,"","",""
create_date,PLACES.CREATE_DATE,datetime,,1998-11-13 00:00:00 UTC,"","",""
created_by,PLACES.CREATED_BY,string,32,PLACES,"","",""
update_date,PLACES.UPDATE_DATE,datetime,,2012-03-22 09:13:58 UTC,"","",""
updated_by,PLACES.UPDATED_BY,string,32,JPRICE,"","",""
