field_name,MIMSY_field_name,field_type,field_length,field_example,emu_module,emu_column,migration_instructions
id,RELATED_ITEMS.RELRECKEY,integer,,3422,"","",""
catalog_id,RELATED_ITEMS.MKEY,integer,,652655,"","",""
related_catalog_id,RELATED_ITEMS.RELATED_MKEY,integer,10,652655,"","",""
object,RELATED_ITEMS.OBJECT,string,4000,CMNFI 2014-0031.1,"","",""
title,RELATED_ITEMS.TITLE,string,4000,mandible,"","",""
relationship,RELATED_ITEMS.RELATIONSHIP,string,500,on same matrix fragment,"","",""
note,RELATED_ITEMS.NOTE,string,4000,same collecting data,"","",""
prior_attribution,RELATED_ITEMS.PRIOR_ATTRIBUTION,boolean,,false,"","",""
sysuseonly,RELATED_ITEMS.SYSUSEONLY,decimal,,1.0,"","",""
