field_name,MIMSY_field_name,field_type,field_length,field_example,emu_module,emu_column,migration_instructions
id,REPRODUCTION.RREQKEY,integer,,,"","",""
record_view,REPRODUCTION.RECORD_VIEW,decimal,,,"","",""
order_number,REPRODUCTION.ORDER_NUMBER,string,48,,"","",""
link_id,REPRODUCTION.LINK_ID,decimal,,,"","",""
nvarkey,REPRODUCTION.NVARKEY,decimal,,,"","",""
requested_by,REPRODUCTION.REQUESTED_BY,string,500,,"","",""
request_date,REPRODUCTION.REQUEST_DATE,string,11,,"","",""
deadline_date,REPRODUCTION.DEADLINE_DATE,string,11,,"","",""
contact,REPRODUCTION.CONTACT,string,500,,"","",""
bill_to,REPRODUCTION.BILL_TO,string,500,,"","",""
bill_to_phone,REPRODUCTION.BILL_TO_PHONE,string,50,,"","",""
bill_to_fax,REPRODUCTION.BILL_TO_FAX,string,50,,"","",""
bill_to_email,REPRODUCTION.BILL_TO_EMAIL,string,100,,"","",""
ship_to,REPRODUCTION.SHIP_TO,string,500,,"","",""
ship_to_phone,REPRODUCTION.SHIP_TO_PHONE,string,50,,"","",""
ship_to_fax,REPRODUCTION.SHIP_TO_FAX,string,50,,"","",""
ship_to_email,REPRODUCTION.SHIP_TO_EMAIL,string,50,,"","",""
authorized_by,REPRODUCTION.AUTHORIZED_BY,string,500,,"","",""
status,REPRODUCTION.STATUS,string,100,,"","",""
status_date,REPRODUCTION.STATUS_DATE,string,11,,"","",""
reason,REPRODUCTION.REASON,string,500,,"","",""
pkey,REPRODUCTION.PKEY,integer,10,,"","",""
publication,REPRODUCTION.PUBLICATION,string,4000,,"","",""
license_type,REPRODUCTION.LICENSE_TYPE,string,500,,"","",""
license_start,REPRODUCTION.LICENSE_START,string,11,,"","",""
license_end,REPRODUCTION.LICENSE_END,string,11,,"","",""
license_history,REPRODUCTION.LICENSE_HISTORY,string,4000,,"","",""
distribution_area,REPRODUCTION.DISTRIBUTION_AREA,string,500,,"","",""
print_run,REPRODUCTION.PRINT_RUN,string,500,,"","",""
use,REPRODUCTION.USE,string,500,,"","",""
contract_date,REPRODUCTION.CONTRACT_DATE,string,11,,"","",""
contract_signed_date,REPRODUCTION.CONTRACT_SIGNED_DATE,string,11,,"","",""
contract_terms,REPRODUCTION.CONTRACT_TERMS,string,4000,,"","",""
contract_note,REPRODUCTION.CONTRACT_NOTE,string,4000,,"","",""
total_items,REPRODUCTION.TOTAL_ITEMS,integer,10,,"","",""
total_requested,REPRODUCTION.TOTAL_REQUESTED,string,4000,,"","",""
projected_start,REPRODUCTION.PROJECTED_START,string,11,,"","",""
projected_duration,REPRODUCTION.PROJECTED_DURATION,decimal,,,"","",""
proj_duration_unit,REPRODUCTION.PROJ_DURATION_UNIT,string,10,,"","",""
projected_cost,REPRODUCTION.PROJECTED_COST,decimal,,,"","",""
actual_start,REPRODUCTION.ACTUAL_START,string,11,,"","",""
actual_end,REPRODUCTION.ACTUAL_END,string,11,,"","",""
actual_duration,REPRODUCTION.ACTUAL_DURATION,decimal,,,"","",""
act_duration_unit,REPRODUCTION.ACT_DURATION_UNIT,string,10,,"","",""
actual_cost,REPRODUCTION.ACTUAL_COST,string,13,,"","",""
paid,REPRODUCTION.PAID,boolean,,,"","",""
payment_date,REPRODUCTION.PAYMENT_DATE,string,11,,"","",""
external_file,REPRODUCTION.EXTERNAL_FILE,string,500,,"","",""
note,REPRODUCTION.NOTE,string,4000,,"","",""
option1,REPRODUCTION.OPTION1,string,500,,"","",""
option2,REPRODUCTION.OPTION2,string,500,,"","",""
option3,REPRODUCTION.OPTION3,string,500,,"","",""
option4,REPRODUCTION.OPTION4,string,500,,"","",""
option5,REPRODUCTION.OPTION5,string,500,,"","",""
number1,REPRODUCTION.NUMBER1,decimal,,,"","",""
number2,REPRODUCTION.NUMBER2,decimal,,,"","",""
date1,REPRODUCTION.DATE1,string,11,,"","",""
date2,REPRODUCTION.DATE2,string,11,,"","",""
flag1,REPRODUCTION.FLAG1,boolean,,,"","",""
flag2,REPRODUCTION.FLAG2,boolean,,,"","",""
created_by,REPRODUCTION.CREATED_BY,string,32,,"","",""
create_date,REPRODUCTION.CREATE_DATE,datetime,,,"","",""
updated_by,REPRODUCTION.UPDATED_BY,string,32,,"","",""
update_date,REPRODUCTION.UPDATE_DATE,datetime,,,"","",""
