field_name,MIMSY_field_name,field_type,field_length,field_example,emu_module,emu_column,migration_instructions
id,RIGHTS.RIGHTSKEY,integer,,56,"","",""
table_key,RIGHTS.TABLE_KEY,integer,,4306,"","",""
table_name,RIGHTS.TABLE_NAME,string,30,MEDIA,"","",""
rights_type,RIGHTS.RIGHTS_TYPE,string,100,copyright,"","",""
begin_date,RIGHTS.BEGIN_DATE,string,11,2006-04-12,"","",""
right,RIGHTS.RIGHTS_TEXT,string,4000,© CMN,"","",""
person_id,RIGHTS.LINK_ID,integer,,2,"","",""
holder,RIGHTS.RIGHTS_HOLDER,string,4000,Canadian Museum of Nature,"","",""
granting_status,RIGHTS.GRANTING_STATUS,string,100,approved,"","",""
flag1,RIGHTS.FLAG1,boolean,,false,"","",""
flag2,RIGHTS.FLAG2,boolean,,false,"","",""
flag3,RIGHTS.FLAG3,boolean,,false,"","",""
flag4,RIGHTS.FLAG4,boolean,,false,"","",""
flag5,RIGHTS.FLAG5,boolean,,false,"","",""
flag6,RIGHTS.FLAG6,boolean,,false,"","",""
flag7,RIGHTS.FLAG7,boolean,,false,"","",""
flag8,RIGHTS.FLAG8,boolean,,false,"","",""
flag9,RIGHTS.FLAG9,boolean,,false,"","",""
flag10,RIGHTS.FLAG10,boolean,,false,"","",""
regarding,RIGHTS.CARRYOVER,string,4000,"canl16162_s.jpg
\\n-nas1.mus-nature.ca\dept\MIMSY\mmimage\Botany\lichen\
JPEG","","",""
