field_name,MIMSY_field_name,field_type,field_length,field_example,emu_module,emu_column,migration_instructions
site_id,SITE_PERMITS.SKEY,integer,,513639,"","",""
permit_number,SITE_PERMITS.PERMIT_NUMBER,string,100,04-002P,"","",""
permit_type,SITE_PERMITS.PERMIT_TYPE,string,100,Class 2 Nunavut Archaeology Permit,"","",""
issued_to,SITE_PERMITS.ISSUED_TO,string,500,"Prager, Gabriella","","",""
issued_by,SITE_PERMITS.ISSUED_BY,string,500,Government of Nunavut,"","",""
date_issued,SITE_PERMITS.DATE_ISSUED,string,11,2008-04-01,"","",""
begin_date,SITE_PERMITS.BEGIN_DATE,string,11,2013-04-01,"","",""
end_date,SITE_PERMITS.END_DATE,string,11,2013-03-31,"","",""
note,SITE_PERMITS.NOTE,string,4000,Salvage excavation for the Baffinland Iron Mine Corporation.,"","",""
id,SITE_PERMITS.ID,integer,,809,"","",""
