field_name,MIMSY_field_name,field_type,field_length,field_example,emu_module,emu_column,migration_instructions
id,SITE_MEASUREMENTS.ID,integer,,4421,"","",""
site_id,SITE_MEASUREMENTS.SKEY,integer,,74,"","",""
measure_type,SITE_MEASUREMENTS.MEASURE_TYPE,string,100,minimum water depth,"","",""
measure_length,SITE_MEASUREMENTS.MEASURE_LENGTH,decimal,,55.0,"","",""
measure_width,SITE_MEASUREMENTS.MEASURE_WIDTH,decimal,,174.0,"","",""
measure_depth,SITE_MEASUREMENTS.MEASURE_DEPTH,decimal,,3.0,"","",""
length_unit,SITE_MEASUREMENTS.LENGTH_UNIT,string,10,m,"","",""
width_unit,SITE_MEASUREMENTS.WIDTH_UNIT,string,10,m,"","",""
depth_unit,SITE_MEASUREMENTS.DEPTH_UNIT,string,10,m,"","",""
note,SITE_MEASUREMENTS.NOTE,string,4000, ,"","",""
display,SITE_MEASUREMENTS.DISPLAY,string,500,minimum water depth: 39,"","",""
prior_attribution,SITE_MEASUREMENTS.PRIOR_ATTRIBUTION,boolean,,false,"","",""
