field_name,MIMSY_field_name,field_type,field_length,field_example,emu_module,emu_column,migration_instructions
id,SITE_DESCRIPTIONS.ID,integer,,,"","",""
site_id,SITE_DESCRIPTIONS.SKEY,integer,,,"","",""
prior_attribution,SITE_DESCRIPTIONS.PRIOR_ATTRIBUTION,boolean,,,"","",""
description_type,SITE_DESCRIPTIONS.DESCRIPTION_TYPE,string,100,,"","",""
description,SITE_DESCRIPTIONS.DESCRIPTION,string,4000,,"","",""
descript_source,SITE_DESCRIPTIONS.DESCRIPT_SOURCE,string,500,,"","",""
descript_date,SITE_DESCRIPTIONS.DESCRIPT_DATE,string,11,,"","",""
attrib_type,SITE_DESCRIPTIONS.ATTRIB_TYPE,string,100,,"","",""
attributor,SITE_DESCRIPTIONS.ATTRIBUTOR,string,500,,"","",""
attrib_date,SITE_DESCRIPTIONS.ATTRIB_DATE,string,11,,"","",""
attrib_source,SITE_DESCRIPTIONS.ATTRIB_SOURCE,string,500,,"","",""
attrib_comment,SITE_DESCRIPTIONS.ATTRIB_COMMENT,string,4000,,"","",""
certainty,SITE_DESCRIPTIONS.CERTAINTY,string,500,,"","",""
step,SITE_DESCRIPTIONS.STEP,decimal,,,"","",""
note,SITE_DESCRIPTIONS.NOTE,string,4000,,"","",""
