field_name,MIMSY_field_name,field_type,field_length,field_example,emu_module,emu_column,migration_instructions
site_id,SITE_CULTURES.SKEY,integer,,584532,"","",""
culture,SITE_CULTURES.CULTURE,string,500,Arctic Small Tool Tradition (Early Palaeo-Eskimo),"","",""
phase,SITE_CULTURES.PHASE,string,500,c. AD 1848-1849,"","",""
period,SITE_CULTURES.PERIOD,string,500,AD 1950 – Present,"","",""
note,SITE_CULTURES.NOTE,string,4000,Britsh naval exploration party.,"","",""
id,SITE_CULTURES.ID,integer,,171,"","",""
