field_name,MIMSY_field_name,field_type,field_length,field_example,emu_module,emu_column,migration_instructions
site_id,SITE_COLLECTIONS.SKEY,integer,,576214,"","",""
count_number,SITE_COLLECTIONS.COUNT_NUMBER,integer,10,3,"","",""
count_type,SITE_COLLECTIONS.COUNT_TYPE,string,100,specimens,"","",""
collection_type,SITE_COLLECTIONS.COLLECTION_TYPE,string,100,human remains,"","",""
repository,SITE_COLLECTIONS.REPOSITORY,string,500,Canadian Museum of Nature,"","",""
note,SITE_COLLECTIONS.NOTE,string,4000,Number of objects at the PWNHC not recorded in the CMH Archaeological Sites Database.,"","",""
id,SITE_COLLECTIONS.ID,integer,,26,"","",""
