field_name,MIMSY_field_name,field_type,field_length,field_example,emu_module,emu_column,migration_instructions
id,SITE_COORDINATES.ID,integer,,1425,"","",""
site_id,SITE_COORDINATES.SKEY,integer,,485,"","",""
type,SITE_COORDINATES.COORD_TYPE,string,100,start latitude,"","",""
degrees,SITE_COORDINATES.PART1,integer,10,45,"","",""
minutes,SITE_COORDINATES.PART2,decimal,,35.0,"","",""
seconds,SITE_COORDINATES.PART3,decimal,,55.0,"","",""
direction,SITE_COORDINATES.DIRECTION,string,,N,"","",""
decimal_degrees,SITE_COORDINATES.DECIMAL_COORDINATE,decimal,,43.638611,"","",""
decimal_is_primary,SITE_COORDINATES.DECIMAL_IS_PRIMARY,boolean,,false,"","",""
note,SITE_COORDINATES.NOTE,string,4000,,"","",""
