field_name,MIMSY_field_name,field_type,field_length,field_example,emu_module,emu_column,migration_instructions
site_id,SITE_EXCAVATIONS.SKEY,integer,,576207,"","",""
excavator,SITE_EXCAVATIONS.EXCAVATOR,string,500,"Bousfield, E.L.","","",""
sponsor,SITE_EXCAVATIONS.SPONSOR,string,500,Baffinland Iron Mine Corporation,"","",""
begin_date,SITE_EXCAVATIONS.BEGIN_DATE,string,11,1956-07-09,"","",""
end_date,SITE_EXCAVATIONS.END_DATE,string,11,2007,"","",""
note,SITE_EXCAVATIONS.NOTE,string,4000,time 1400-1500,"","",""
id,SITE_EXCAVATIONS.ID,integer,,11,"","",""
