field_name,MIMSY_field_name,field_type,field_length,field_example,emu_module,emu_column,migration_instructions
id,SITES_PUBLICATIONS.AUTHLINKKEY,integer,,2542971,"","",""
publication_id,SITES_PUBLICATIONS.PKEY,integer,,2135,"","",""
site_id,SITES_PUBLICATIONS.SKEY,integer,,487627,"","",""
relationship,SITES_PUBLICATIONS.RELATIONSHIP,string,500,mentioned,"","",""
prior_attribution,SITES_PUBLICATIONS.PRIOR_ATTRIBUTION,boolean,,false,"","",""
illustration,SITES_PUBLICATIONS.ILLUSTRATION,boolean,,false,"","",""
publication,SITES_PUBLICATIONS.PUBLICATION,string,4000,"Eggs, Larvae and Juveniles of Fishes from Plankton Collections in the Gulf of St. Lawrence During 1972-1975","","",""
