field_name,MIMSY_field_name,field_type,field_length,field_example,emu_module,emu_column,migration_instructions
id,SITES.SKEY,integer,,1985,"","",""
language,SITES.LANGUAGE,string,3,eng,"","",""
site_id,SITES.SITE_ID,string,48,H&AH 1970.VII.07-CO,"","",""
site_type,SITES.SITE_TYPE,string,100,pond,"","",""
site_name,SITES.SITE_NAME,string,500,RSA 1983.VIII.04-MX,"","",""
environment,SITES.SITE_CLASS,string,500,marine,"","",""
description,SITES.DESCRIPTION,string,4000,Portland Ridge (S. & J. Peck),"","",""
site_date,SITES.SITE_DATE,string,500,1961-06-17; time 1500-1535,"","",""
location,SITES.LOCATION,string,500,South America: Venezuela; Tachira State,"","",""
location_accuracy,SITES.LOCATION_ACCURACY,string,500,secondary(LL); <100 m,"","",""
start_latitude,SITES.START_LATITUDE,string,50,"31° 33' 25"" N","","",""
start_longitude,SITES.START_LONGITUDE,string,50,75° 42' W,"","",""
end_latitude,SITES.END_LATITUDE,string,50,82° 10' N,"","",""
end_longitude,SITES.END_LONGITUDE,string,50,"78° 36' 22"" W","","",""
utm_start,SITES.UTM_START,string,100,Zone 13; Northing 5116819; Easting 435141; Datum NAD27,"","",""
utm_end,SITES.UTM_END,string,100,,"","",""
start_latitude_dec,SITES.START_LATITUDE_DEC,decimal,,58.083333,"","",""
start_longitude_dec,SITES.START_LONGITUDE_DEC,decimal,,-88.416667,"","",""
end_latitude_dec,SITES.END_LATITUDE_DEC,decimal,,45.635278,"","",""
end_longitude_dec,SITES.END_LONGITUDE_DEC,decimal,,-64.5,"","",""
decimal_is_primary,SITES.DECIMAL_IS_PRIMARY,boolean,,false,"","",""
coord_uncertainty,SITES.COORD_UNCERTAINTY,decimal,,10.0,"","",""
coord_uncertainty_verb,SITES.COORD_UNCERTAINTY_VERB,string,50,<10 km,"","",""
uncertainty_unit,SITES.UNCERTAINTY_UNIT,string,10,km,"","",""
georef_status,SITES.GEOREF_STATUS,string,100,reviewed - high confidence,"","",""
georef_source,SITES.GEOREF_SOURCE,string,500,NTS map 89B,"","",""
geodetic_datum,SITES.GEODETIC_DATUM,string,500,NAD27,"","",""
measurements,SITES.MEASUREMENTS,string,500,>2 m.,"","",""
elevation,SITES.ELEVATION,string,500,40 m.,"","",""
topography,SITES.TOPOGRAPHY,string,500,sand,"","",""
ecological_zones,SITES.ECOLOGICAL_ZONES,string,500,LW level,"","",""
vegetation,SITES.VEGETATION,string,4000,"Zostera, Fucus","","",""
disturbance_factors,SITES.DISTURBANCE_FACTORS,string,4000,polluted by sawmill,"","",""
condition,SITES.CONDITION,string,4000,tide 1/3R,"","",""
owner,SITES.OWNER,string,500,T. Gallant,"","",""
register_status,SITES.REGISTER_STATUS,string,100,"HMS ""J.H. Nickerson""","","",""
archaeological_status,SITES.ARCHAEOLOGICAL_STATUS,string,100,"""Operation Hazen""","","",""
jurisdiction,SITES.JURISDICTION,string,500,,"","",""
site_designation,SITES.SITE_DESIGNATION,string,500,Rhodesia on label,"","",""
research_activity,SITES.RESEARCH_ACTIVITY,string,500,"sifter, berlese; flight intercept trap","","",""
recommendations,SITES.RECOMMENDATIONS,string,4000,"Gravelly limestone tundra, sparsely vegetated on ridges. On and around 10 m. high chert-like outcrops.","","",""
note,SITES.NOTE,string,4000,Curator geo. id.: 32,"","",""
publish,SITES.PUBLISH,boolean,,true,"","",""
option1,SITES.OPTION1,string,4000,National Museum of Natural Sciences;Herpetology,"","",""
option2,SITES.OPTION2,string,1000,Gear type: Deep Submersible Research Vessel,"","",""
flag1,SITES.FLAG1,boolean,,false,"","",""
flag2,SITES.FLAG2,boolean,,false,"","",""
sort_prefix,SITES.SORT_PREFIX,string,6,AK,"","",""
sort1,SITES.SORT1,string,7,001956,"","",""
sort2,SITES.SORT2,string,7,0001978,"","",""
sort3,SITES.SORT3,string,7,000002,"","",""
sort4,SITES.SORT4,string,7,000000,"","",""
sort5,SITES.SORT5,string,7,000000,"","",""
create_date,SITES.CREATE_DATE,datetime,,1998-10-21 00:00:00 UTC,"","",""
created_by,SITES.CREATED_BY,string,32,BLANDRY,"","",""
update_date,SITES.UPDATE_DATE,datetime,,2016-08-17 15:12:55 UTC,"","",""
updated_by,SITES.UPDATED_BY,string,32,XGVIEWS,"","",""
