field_name,MIMSY_field_name,field_type,field_length,field_example,emu_module,emu_column,migration_instructions
id,SITES_PEOPLE.AUTHLINKKEY,integer,,2620927,"","",""
person_id,SITES_PEOPLE.LINK_ID,integer,,1349,"","",""
site_id,SITES_PEOPLE.SKEY,integer,,484695,"","",""
relationship,SITES_PEOPLE.RELATIONSHIP,string,500,part of same field party,"","",""
affiliation,SITES_PEOPLE.AFFILIATION,string,500,"Rescan Environmental Sercives Ltd., an ERM Company","","",""
begin_date,SITES_PEOPLE.BEGIN_DATE,string,11,1971-07-29,"","",""
end_date,SITES_PEOPLE.END_DATE,string,11,1976,"","",""
note,SITES_PEOPLE.NOTE,string,4000,1976-07,"","",""
prior_attribution,SITES_PEOPLE.PRIOR_ATTRIBUTION,boolean,,false,"","",""
person_variation_id,SITES_PEOPLE.NVARKEY,integer,10,46084,"","",""
name,SITES_PEOPLE.NAME,string,4000,"Hughes, O.L.","","",""
