field_name,MIMSY_field_name,field_type,field_length,field_example,emu_module,emu_column,migration_instructions
site_id,SITE_PHOTOS.SKEY,integer,,438099,"","",""
photo_number,SITE_PHOTOS.PHOTO_NUMBER,string,100,29117,"","",""
photo_type,SITE_PHOTOS.PHOTO_TYPE,string,100,black-and-white,"","",""
photo_date,SITE_PHOTOS.PHOTO_DATE,string,11,1915,"","",""
source,SITE_PHOTOS.SOURCE,string,500,CMN,"","",""
note,SITE_PHOTOS.NOTE,string,4000,Chasmosaurus quarry,"","",""
id,SITE_PHOTOS.ID,integer,,181,"","",""
