field_name,MIMSY_field_name,field_type,field_length,field_example,emu_module,emu_column,migration_instructions
id,SITE_OTHER_NUMBERS.ID,integer,,993,"","",""
site_id,SITE_OTHER_NUMBERS.SKEY,integer,,3891,"","",""
other_number,SITE_OTHER_NUMBERS.OTHER_NUMBER,string,48,OC2.5/83,"","",""
type,SITE_OTHER_NUMBERS.SITE_OTHNUM_TYPE,string,100,Collector field number,"","",""
source,SITE_OTHER_NUMBERS.SOURCE,string,500,University of British Columbia,"","",""
note,SITE_OTHER_NUMBERS.NOTE,string,4000,Fisheries and Oceans,"","",""
