field_name,MIMSY_field_name,field_type,field_length,field_example,emu_module,emu_column,migration_instructions
id,TAXONOMY_VARIATIONS.TAXVARKEY,integer,,3486,"","",""
taxon_id,TAXONOMY_VARIATIONS.SPECKEY,integer,,1000149,"","",""
scientific_name,TAXONOMY_VARIATIONS.VARIATION,string,200,Alburnus alburnus,"","",""
variation_type,TAXONOMY_VARIATIONS.VAR_TYPE,string,100,synonym,"","",""
attribution_type,TAXONOMY_VARIATIONS.ATTRIB_TYPE,string,100,,"","",""
attributor,TAXONOMY_VARIATIONS.ATTRIBUTOR,string,500,,"","",""
attribution_date,TAXONOMY_VARIATIONS.ATTRIB_DATE,string,11,,"","",""
attribution_source,TAXONOMY_VARIATIONS.ATTRIB_SOURCE,string,500,,"","",""
attribution_comment,TAXONOMY_VARIATIONS.ATTRIB_COMMENT,string,4000,,"","",""
note,TAXONOMY_VARIATIONS.NOTE,string,4000,Incorrect notation,"","",""
prior_attribution,TAXONOMY_VARIATIONS.PRIOR_ATTRIBUTION,boolean,,false,"","",""
authority,TAXONOMY_VARIATIONS.AUTHORITY,string,125,Reish,"","",""
