field_name,MIMSY_field_name,field_type,field_length,field_example,emu_module,emu_column,migration_instructions
id,TAXONOMY.SPECKEY,integer,,1000194,"","",""
language,TAXONOMY.LANGUAGE,string,3,eng,"","",""
collection,TAXONOMY.TAXON_NAME,string,100,Zoology,"","",""
reference_number,TAXONOMY.REFERENCE_NUMBER,string,48,,"","",""
scientific_name,TAXONOMY.SCIENTIFIC_NAME,string,200,Adenophorus baldwinii,"","",""
parent_path,TAXONOMY.MALE_SINGLE_PARENT,string,4000,Chitinous Fungi; Ascomycota; Pezizomycotina; Lecanoromycetes; Lecanoromycetidae; Lecanorales; Lecanorineae; Cladoniaceae; Cladonia; Cladonia convoluta,"","",""
parent_id,TAXONOMY.BROADER_KEY1,integer,,500518,"","",""
second_parent_path,TAXONOMY.FEMALE_MULTI_PARENT,string,4000,,"","",""
broader_key2,TAXONOMY.BROADER_KEY2,decimal,,,"","",""
hierarchy_level,TAXONOMY.HIERARCHY_LEVEL,integer,,23,"","",""
rank,TAXONOMY.LEVEL_TEXT,string,100,species,"","",""
authority,TAXONOMY.SOURCE,string,500,Saint-Joseph  1906,"","",""
source_date,TAXONOMY.SOURCE_DATE,string,100,,"","",""
identification,TAXONOMY.IDENTIFICATION,string,4000,†,"","",""
description,TAXONOMY.DESCRIPTION,string,4000,"EXTINCT FAMILY (FOSSIL) - OLIGOCENE TO PLEISTOCENE, S.A. & CENTRAL A.","","",""
habitat,TAXONOMY.HABITAT,string,4000,,"","",""
range_distribution,TAXONOMY.RANGE_DISTRIBUTION,string,4000,,"","",""
endangered_status,TAXONOMY.ENDANGERED_STATUS,string,100,Rare in Ontario,"","",""
status_note,TAXONOMY.STATUS_NOTE,string,4000,,"","",""
remarks,TAXONOMY.REMARKS,string,4000,Blake & Woodwick  1972,"","",""
note,TAXONOMY.NOTE,string,4000,Rare in Canada,"","",""
info_history,TAXONOMY.INFO_HISTORY,string,4000,"Lutzoni, F.; Brodo, I.M., 1995, Systematic Botany 20: 253","","",""
modified,TAXONOMY.MODIFIED,boolean,,false,"","",""
guide_term,TAXONOMY.GUIDE_TERM,boolean,,false,"","",""
publish,TAXONOMY.PUBLISH,boolean,,false,"","",""
sort_number,TAXONOMY.SORT_NUMBER,decimal,,22.0,"","",""
option1,TAXONOMY.OPTION1,string,500,104A Papaveraceae,"","",""
flag1,TAXONOMY.FLAG1,boolean,,false,"","",""
flag2,TAXONOMY.FLAG2,boolean,,false,"","",""
created_by,TAXONOMY.CREATED_BY,string,30,CONVERSION,"","",""
create_date,TAXONOMY.CREATE_DATE,datetime,,1999-02-18 00:00:00 UTC,"","",""
updated_by,TAXONOMY.UPDATED_BY,string,30,XGVIEWS,"","",""
update_date,TAXONOMY.UPDATE_DATE,datetime,,2016-07-29 09:23:03 UTC,"","",""
