field_name,MIMSY_field_name,field_type,field_length,field_example,emu_module,emu_column,migration_instructions
id,TAXONOMY_PUBLICATIONS.AUTHLINKKEY,integer,,3288744,"","",""
publication_id,TAXONOMY_PUBLICATIONS.PKEY,integer,,7769,"","",""
taxon_id,TAXONOMY_PUBLICATIONS.SPECKEY,integer,,1192104,"","",""
relationship,TAXONOMY_PUBLICATIONS.RELATIONSHIP,string,500,Parorchestia similis,"","",""
note,TAXONOMY_PUBLICATIONS.NOTE,string,4000,nomen nudum,"","",""
prior_attribution,TAXONOMY_PUBLICATIONS.PRIOR_ATTRIBUTION,boolean,,false,"","",""
illustration,TAXONOMY_PUBLICATIONS.ILLUSTRATION,boolean,,false,"","",""
taxon_variation_id,TAXONOMY_PUBLICATIONS.TAXVARKEY,integer,,172171,"","",""
publication,TAXONOMY_PUBLICATIONS.PUBLICATION,string,4000,"The protozoan parasites of fish from two lakes in Algonquin Park, Ontario.","","",""
publication_date,TAXONOMY_PUBLICATIONS.PUBLICATION_DATE,string,4000,1974,"","",""
