field_name,MIMSY_field_name,field_type,field_length,field_example,emu_module,emu_column,migration_instructions
id,THESAURUS.CLASS_ID,integer,,1178666,"","",""
language,THESAURUS.LANGUAGE,string,3,eng,"","",""
thesaurus_system,THESAURUS.THES_SYSTEM,string,48,Archaeology,ethesaurus,HieThesaurus,""
term,THESAURUS.TERM1_1,string,500,Sandstone,ethesaurus,TerTerm,""
alternate1,THESAURUS.TERM2_1,string,500,Palm Wax,"","",""
alternate2,THESAURUS.TERM3_1,string,500,Tin Can,"","",""
level,THESAURUS.HIERARCHY_LEVEL,integer,2,5,"","",""
parent_id,THESAURUS.BROADER_ID,integer,,1179041,ethesaurus,HieBroaderTerms_tab,Follow this parent_id to get the parent term
broader_text,THESAURUS.BROADER_TEXT,string,4000,Artifacts; Ritual and Symbolic Artifacts; Ceremonial Objects and Religious Symbols; Ritual Artifacts of the Indigenous Religions of the Americas,"","",""
note,THESAURUS.NOTE,string,4000,Applies to furs derived from members of the taxonomic family Ursidae..,ethesaurus,TerScopeNotes,""
comments,THESAURUS.COMMENTS,string,4000,Terminology originally developed for Old World lithic traditions but may be applied to New World stone technologies as an heurisitc device for classification.  Included under Category 10 (Unclassifiable Artifacts) of Chenhall's System for Classifying Man-Made Objects (third edition).,"","",""
modified,THESAURUS.MODIFIED,boolean,,false,"","",""
guide_term,THESAURUS.GUIDE_TERM,boolean,,false,"","",""
source,THESAURUS.SOURCE,string,500,Adapted from the Canadian Museum of History object name database thesaurus for archaeological collections (preliminary version).,ethesaurus,HisSource_tab,""
source_date,THESAURUS.SOURCE_DATE,string,11,2014-01-21,"","",""
sort1,THESAURUS.SORT1,string,500,ARMBAND,"","",""
publish,THESAURUS.PUBLISH,boolean,,false,"","",""
flag1,THESAURUS.FLAG1,boolean,,false,"","",""
flag2,THESAURUS.FLAG2,boolean,,false,"","",""
created_by,THESAURUS.CREATED_BY,string,32,SRUFOLO,ethesaurus,HisAuthor_tab,""
create_date,THESAURUS.CREATE_DATE,datetime,,2014-11-12 12:32:05 UTC,ethesaurus,HisDateChanged0,""
updated_by,THESAURUS.UPDATED_BY,string,32,XGVIEWS,ethesaurus,HisAuthor_tab,""
update_date,THESAURUS.UPDATE_DATE,datetime,,2016-07-29 10:23:42 UTC,ethesaurus,HisDateChanged0,""
