field_name,MIMSY_field_name,field_type,field_length,field_example,emu_module,emu_column,migration_instructions
catalog_id,VALUATION.M_ID,integer,,340639,"","",""
id,VALUATION.TRANS_ID,integer,,1,"","",""
current_record,VALUATION.CURRENT_RECORD,boolean,,true,"","",""
valuation,VALUATION.VALUATION,decimal,,2000000.0,"","",""
valuation_date,VALUATION.VALUATION_DATE,string,11,1996-08-06,"","",""
valuation_purpose,VALUATION.VALUATION_PURPOSE,string,100,,"","",""
valuation_by,VALUATION.VALUATION_BY,string,500,,"","",""
valuation_source,VALUATION.VALUATION_SOURCE,string,500,,"","",""
external_file,VALUATION.EXTERNAL_FILE,string,500,,"","",""
note,VALUATION.NOTE,string,4000,,"","",""
flag1,VALUATION.FLAG1,boolean,,false,"","",""
flag2,VALUATION.FLAG2,boolean,,false,"","",""
create_date,VALUATION.CREATE_DATE,datetime,,2016-04-08 15:57:50 UTC,"","",""
created_by,VALUATION.CREATED_BY,string,32,KSHEPHERD,"","",""
update_date,VALUATION.UPDATE_DATE,datetime,,2016-04-08 15:57:50 UTC,"","",""
updated_by,VALUATION.UPDATED_BY,string,32,MCURRIE,"","",""
