field_name,MIMSY_field_name,field_type,field_length,field_example,emu_module,emu_column,migration_instructions
id,VALUATION_MEDIA.ID,decimal,,,"","",""
medium_id,VALUATION_MEDIA.MEDIAKEY,integer,,,"","",""
media,VALUATION_MEDIA.MEDIA,string,4000,,"","",""
m_id,VALUATION_MEDIA.M_ID,decimal,,,"","",""
object,VALUATION_MEDIA.OBJECT,string,4000,,"","",""
valuation_id,VALUATION_MEDIA.TRANS_ID,integer,,,"","",""
valuation,VALUATION_MEDIA.VALUATION,string,4000,,"","",""
relationship,VALUATION_MEDIA.RELATIONSHIP,string,500,,"","",""
begin_date,VALUATION_MEDIA.BEGIN_DATE,string,11,,"","",""
end_date,VALUATION_MEDIA.END_DATE,string,11,,"","",""
step,VALUATION_MEDIA.STEP,integer,10,,"","",""
note,VALUATION_MEDIA.NOTE,string,4000,,"","",""
