model,field_name,MIMSY_field_name,field_type,field_length,field_example,emu_module,emu_column,migration_instructions
AcquisitionCatalog,id,ACQUISITION_ITEMS.ID,integer,,395,"","",""
AcquisitionCatalog,acquisition_id,ACQUISITION_ITEMS.AKEY,integer,,34557,"","",Linking for ecatalogue::AccAccessionLot
AcquisitionCatalog,catalog_id,ACQUISITION_ITEMS.M_ID,integer,,195549,"","",Linking for ecatalogue::AccAccessionLot
AcquisitionCatalog,id_number,ACQUISITION_ITEMS.ID_NUMBER,string,48,CANM 333510,"","",""
AcquisitionCatalog,description,ACQUISITION_ITEMS.ITEM_SUMMARY,string,4000,"Harpiniopsis cf salebrosa
Aitken, Alec
Arctic Ocean: Beaufort Sea
2004-7-4","","",""
AcquisitionCatalog,status,ACQUISITION_ITEMS.STATUS,string,100,approved,"","",""
AcquisitionCatalog,status_date,ACQUISITION_ITEMS.STATUS_DATE,string,11,1996-10-01,"","",""
AcquisitionCatalog,accession_date,ACQUISITION_ITEMS.ACCESSION_DATE,string,11,2013-03-25,"","",""
AcquisitionCatalog,title_transfer_requested,ACQUISITION_ITEMS.TITLE_TRANSFER_REQUESTED,boolean,,false,"","",""
AcquisitionCatalog,transfer_date,ACQUISITION_ITEMS.TRANSFER_DATE,string,11,,"","",""
AcquisitionCatalog,total_cost,ACQUISITION_ITEMS.TOTAL_COST,string,13,0.00,"","",""
AcquisitionCatalog,item_marked,ACQUISITION_ITEMS.ITEM_MARKED,boolean,,false,"","",""
AcquisitionCatalog,marking_method,ACQUISITION_ITEMS.MARKING_METHOD,string,500,,"","",""
AcquisitionCatalog,reproduction_requested,ACQUISITION_ITEMS.REPRODUCTION_REQUESTED,boolean,,false,"","",""
AcquisitionCatalog,note,ACQUISITION_ITEMS.NOTE,string,4000,Collection/Expedition name: Paleozoic Fish Collection,"","",""
AcquisitionCatalog,flag1,ACQUISITION_ITEMS.FLAG1,boolean,,false,"","",""
AcquisitionCatalog,flag2,ACQUISITION_ITEMS.FLAG2,boolean,,false,"","",""
AcquisitionCatalog,catalogued,ACQUISITION_ITEMS.CATALOGUED,boolean,,true,"","",""
AcquisitionCatalog,id_sort,ACQUISITION_ITEMS.ID_SORT,string,4000,CANM0334509,"","",""
AcquisitionCatalog,created_by,ACQUISITION_ITEMS.CREATED_BY,string,32,ANACTORIA,"","",""
AcquisitionCatalog,create_date,ACQUISITION_ITEMS.CREATE_DATE,datetime,,2009-11-24 16:20:50 UTC,"","",""
AcquisitionCatalog,updated_by,ACQUISITION_ITEMS.UPDATED_BY,string,32,MCURRIE,"","",""
AcquisitionCatalog,update_date,ACQUISITION_ITEMS.UPDATE_DATE,datetime,,2017-04-24 14:44:25 UTC,"","",""
