model,field_name,MIMSY_field_name,field_type,field_length,field_example,emu_module,emu_column,migration_instructions
AcquisitionMedium,id,ACQUISITIONS_MEDIA.ID,integer,,3506,"","",""
AcquisitionMedium,medium_id,ACQUISITIONS_MEDIA.MEDIAKEY,integer,,44232,"","",""
AcquisitionMedium,media,ACQUISITIONS_MEDIA.MEDIA,string,4000,ACQ1729_1732.jpg,"","",""
AcquisitionMedium,acquisition_id,ACQUISITIONS_MEDIA.AKEY,integer,,2111,"","",""
AcquisitionMedium,acquisition,ACQUISITIONS_MEDIA.ACQUISITION,string,4000,1921-045,"","",""
AcquisitionMedium,note,ACQUISITIONS_MEDIA.NOTE,string,4000,"GSC photo 30823, May 3, 1915","","",""
