model,field_name,MIMSY_field_name,field_type,field_length,field_example,emu_module,emu_column,migration_instructions
AcquisitionSource,id,ACQUISITION_SOURCES.ID,integer,,1245,"","",""
AcquisitionSource,acquisition_id,ACQUISITION_SOURCES.AKEY,integer,,22565,"","",""
AcquisitionSource,person_id,ACQUISITION_SOURCES.LINK_ID,integer,,8256,"","",""
AcquisitionSource,person_variation_id,ACQUISITION_SOURCES.NVARKEY,integer,10,34167,"","",""
AcquisitionSource,source,ACQUISITION_SOURCES.SOURCE,string,4000,"Adamson, Martin L.","","",""
AcquisitionSource,source_role,ACQUISITION_SOURCES.SOURCE_ROLE,string,100,donor; collector,"","",""
AcquisitionSource,contact,ACQUISITION_SOURCES.CONTACT,string,500,"Doubt, Jennifer","","",""
AcquisitionSource,address,ACQUISITION_SOURCES.ADDRESS,string,500,"Karl-Franzens-Universität Graz (GZU)
Institut für Botanik
Holteigasse 6
A-8010 Graz
Austria","","",""
AcquisitionSource,amount_paid,ACQUISITION_SOURCES.AMOUNT_PAID,decimal,,,"","",""
AcquisitionSource,note,ACQUISITION_SOURCES.NOTE,string,4000,Inuit hunters,"","",""
AcquisitionSource,unlinked_value,ACQUISITION_SOURCES.UNLINKED_VALUE,string,500,NMC expedition,"","",""
