model,field_name,MIMSY_field_name,field_type,field_length,field_example,emu_module,emu_column,migration_instructions
Action,id,ACTIONS.ACTKEY,integer,,,"","",""
Action,actreqkey,ACTIONS.ACTREQKEY,decimal,,,"","",""
Action,table_key,ACTIONS.TABLE_KEY,integer,10,,"","",""
Action,table_name,ACTIONS.TABLE_NAME,string,32,,"","",""
Action,reference_number,ACTIONS.REFERENCE_NUMBER,string,48,,"","",""
Action,item_summary,ACTIONS.ITEM_SUMMARY,string,4000,,"","",""
Action,action_type,ACTIONS.ACTION_TYPE,string,100,,"","",""
Action,job_number,ACTIONS.JOB_NUMBER,string,48,,"","",""
Action,action_by,ACTIONS.ACTION_BY,string,500,,"","",""
Action,action_due_date,ACTIONS.ACTION_DUE_DATE,string,11,,"","",""
Action,status,ACTIONS.STATUS,string,100,,"","",""
Action,status_date,ACTIONS.STATUS_DATE,string,11,,"","",""
Action,move_to,ACTIONS.MOVE_TO,string,500,,"","",""
Action,action_completed_on,ACTIONS.ACTION_COMPLETED_ON,string,11,,"","",""
Action,note,ACTIONS.NOTE,string,4000,,"","",""
Action,private,ACTIONS.PRIVATE,boolean,,,"","",""
Action,requested_by,ACTIONS.REQUESTED_BY,string,100,,"","",""
Action,option1,ACTIONS.OPTION1,string,500,,"","",""
Action,option2,ACTIONS.OPTION2,string,500,,"","",""
Action,number1,ACTIONS.NUMBER1,decimal,,,"","",""
Action,number2,ACTIONS.NUMBER2,decimal,,,"","",""
Action,date1,ACTIONS.DATE1,string,11,,"","",""
Action,date2,ACTIONS.DATE2,string,11,,"","",""
Action,flag1,ACTIONS.FLAG1,boolean,,,"","",""
Action,flag2,ACTIONS.FLAG2,boolean,,,"","",""
Action,carryover,ACTIONS.CARRYOVER,string,4000,,"","",""
Action,created_by,ACTIONS.CREATED_BY,string,32,,"","",""
Action,create_date,ACTIONS.CREATE_DATE,datetime,,,"","",""
Action,updated_by,ACTIONS.UPDATED_BY,string,32,,"","",""
Action,update_date,ACTIONS.UPDATE_DATE,datetime,,,"","",""
