model,field_name,MIMSY_field_name,field_type,field_length,field_example,emu_module,emu_column,migration_instructions
CatalogDescription,id,ITEM_DESCRIPTIONS.ID,integer,,4397,"","",""
CatalogDescription,catalog_id,ITEM_DESCRIPTIONS.MKEY,integer,,170,"","",""
CatalogDescription,prior_description,ITEM_DESCRIPTIONS.PRIOR_DESCRIPTION,boolean,,false,"","",""
CatalogDescription,description_type,ITEM_DESCRIPTIONS.DESCRIPTION_TYPE,string,100,holotype,"","",""
CatalogDescription,description,ITEM_DESCRIPTIONS.DESCRIPTION,string,4000,right mandible with M2,"","",""
CatalogDescription,description_date,ITEM_DESCRIPTIONS.DESCRIPT_DATE,string,11,,"","",""
