model,field_name,MIMSY_field_name,field_type,field_length,field_example,emu_module,emu_column,migration_instructions
CatalogName,id,ITEM_NAMES.ID,integer,,511,"","",""
CatalogName,catalog_id,ITEM_NAMES.MKEY,integer,,5595,"","",""
CatalogName,prior_name,ITEM_NAMES.PRIOR_NAME,boolean,,false,"","",""
CatalogName,type,ITEM_NAMES.TNA_TYPE,string,100,scientific name,"","",""
CatalogName,scientific_name,ITEM_NAMES.ITEM_NAME,string,500,Acarospora glaucocarpa,"","",""
CatalogName,attribution_type,ITEM_NAMES.ATTRIB_TYPE,string,100,,"","",""
CatalogName,attributor,ITEM_NAMES.ATTRIBUTOR,string,500,"Kingston, G.A.","","",""
CatalogName,attribution_date,ITEM_NAMES.ATTRIB_DATE,string,11,1955-00-00,"","",""
CatalogName,attribution_source,ITEM_NAMES.ATTRIB_SOURCE,string,500,Studies in ARMERIA Wild.,"","",""
CatalogName,certainty,ITEM_NAMES.CERTAINTY,string,500,,"","",""
CatalogName,attribution_comment,ITEM_NAMES.ATTRIB_COMMENT,string,,OBS: the high arctic race,"","",""
CatalogName,note,ITEM_NAMES.NOTE,string,4000,specimens marked c,"","",""
