model,field_name,MIMSY_field_name,field_type,field_length,field_example,emu_module,emu_column,migration_instructions
CatalogMeasurement,id,MEASUREMENTS.ID,integer,,4685,"","",""
CatalogMeasurement,catalog_id,MEASUREMENTS.MKEY,integer,,180199,"","",""
CatalogMeasurement,part_measured,MEASUREMENTS.PART_MEASURED,string,500,whole,"","",""
CatalogMeasurement,type,MEASUREMENTS.MEASUREMENT_TYPE,string,100,standard length,"","",""
CatalogMeasurement,imperial,MEASUREMENTS.IMPERIAL,boolean,,false,"","",""
CatalogMeasurement,dimension1,MEASUREMENTS.DIMENSION1,decimal,,178.0,"","",""
CatalogMeasurement,unit1,MEASUREMENTS.UNIT1,string,5,mm,"","",""
CatalogMeasurement,dimension2,MEASUREMENTS.DIMENSION2,decimal,,152.0,"","",""
CatalogMeasurement,unit2,MEASUREMENTS.UNIT2,string,5,mm,"","",""
CatalogMeasurement,dimension3,MEASUREMENTS.DIMENSION3,decimal,,6.3,"","",""
CatalogMeasurement,unit3,MEASUREMENTS.UNIT3,string,5,mm,"","",""
CatalogMeasurement,dimension4,MEASUREMENTS.DIMENSION4,decimal,,,"","",""
CatalogMeasurement,unit4,MEASUREMENTS.UNIT4,string,5,mm,"","",""
CatalogMeasurement,weight1,MEASUREMENTS.WEIGHT1,decimal,,17.01,"","",""
CatalogMeasurement,wunit1,MEASUREMENTS.WUNIT1,string,5,g,"","",""
CatalogMeasurement,weight2,MEASUREMENTS.WEIGHT2,decimal,,,"","",""
CatalogMeasurement,wunit2,MEASUREMENTS.WUNIT2,string,5,kg,"","",""
CatalogMeasurement,cdimension1,MEASUREMENTS.CDIMENSION1,string,4000,"6,65354","","",""
CatalogMeasurement,cunit1,MEASUREMENTS.CUNIT1,string,4000,in,"","",""
CatalogMeasurement,cdimension2,MEASUREMENTS.CDIMENSION2,string,4000,"3,46457","","",""
CatalogMeasurement,cunit2,MEASUREMENTS.CUNIT2,string,4000,in,"","",""
CatalogMeasurement,cdimension3,MEASUREMENTS.CDIMENSION3,string,4000,",24803","","",""
CatalogMeasurement,cunit3,MEASUREMENTS.CUNIT3,string,4000,in,"","",""
CatalogMeasurement,cdimension4,MEASUREMENTS.CDIMENSION4,string,4000,,"","",""
CatalogMeasurement,cunit4,MEASUREMENTS.CUNIT4,string,4000,in,"","",""
CatalogMeasurement,cweight1,MEASUREMENTS.CWEIGHT1,decimal,,0.23634,"","",""
CatalogMeasurement,cwunit1,MEASUREMENTS.CWUNIT1,string,4000,lbs,"","",""
CatalogMeasurement,cweight2,MEASUREMENTS.CWEIGHT2,decimal,,,"","",""
CatalogMeasurement,cwunit2,MEASUREMENTS.CWUNIT2,string,4000,lbs,"","",""
CatalogMeasurement,display,MEASUREMENTS.DISPLAY,string,500,311 mm,"","",""
CatalogMeasurement,note,MEASUREMENTS.NOTE,string,4000,,"","",""
CatalogMeasurement,prior_attribution,MEASUREMENTS.PRIOR_ATTRIBUTION,boolean,,false,"","",""
