model,field_name,MIMSY_field_name,field_type,field_length,field_example,emu_module,emu_column,migration_instructions
CatalogPublication,id,ITEMS_PUBLICATIONS.AUTHLINKKEY,integer,,693778,"","",""
CatalogPublication,catalog_id,ITEMS_PUBLICATIONS.MKEY,integer,,366115,"","",""
CatalogPublication,publication_id,ITEMS_PUBLICATIONS.PKEY,integer,,628,"","",""
CatalogPublication,relationship,ITEMS_PUBLICATIONS.RELATIONSHIP,string,500,figured,"","",""
CatalogPublication,plate_figure,ITEMS_PUBLICATIONS.POSITION,string,500,13 figs.,"","",""
CatalogPublication,note,ITEMS_PUBLICATIONS.NOTE,string,4000,,"","",""
CatalogPublication,prior_attribution,ITEMS_PUBLICATIONS.PRIOR_ATTRIBUTION,boolean,,false,"","",""
CatalogPublication,illustated,ITEMS_PUBLICATIONS.ILLUSTRATION,boolean,,false,"","",""
CatalogPublication,pages,ITEMS_PUBLICATIONS.PAGES,string,100,736-747,"","",""
CatalogPublication,publication,ITEMS_PUBLICATIONS.PUBLICATION,string,4000,"Benthoxynus spiculifer n.gen., n.sp. (Copepoda: Siphonostomatoida) associated with Vestimentifera (Pogonophora) at a deep-water geothermal vent off the coast of Washington.","","",""
CatalogPublication,publication_date,ITEMS_PUBLICATIONS.PUBLICATION_DATE,string,4000,1978,"","",""
