model,field_name,MIMSY_field_name,field_type,field_length,field_example,emu_module,emu_column,migration_instructions
CatalogSubject,id,ITEMS_SUBJECTS.AUTHLINKKEY,integer,,,"","",""
CatalogSubject,catalog_id,ITEMS_SUBJECTS.MKEY,integer,,,"","",""
CatalogSubject,subject_id,ITEMS_SUBJECTS.SUBKEY,integer,,,"","",""
CatalogSubject,sort,ITEMS_SUBJECTS.STEP,integer,10,,"","",""
CatalogSubject,relationship,ITEMS_SUBJECTS.RELATIONSHIP,string,500,,"","",""
CatalogSubject,affiliation,ITEMS_SUBJECTS.AFFILIATION,string,500,,"","",""
CatalogSubject,begin_date,ITEMS_SUBJECTS.BEGIN_DATE,string,11,,"","",""
CatalogSubject,end_date,ITEMS_SUBJECTS.END_DATE,string,11,,"","",""
CatalogSubject,portion,ITEMS_SUBJECTS.PORTION,string,500,,"","",""
CatalogSubject,position,ITEMS_SUBJECTS.POSITION,string,500,,"","",""
CatalogSubject,attribution_type,ITEMS_SUBJECTS.ATTRIB_TYPE,string,100,,"","",""
CatalogSubject,attributor,ITEMS_SUBJECTS.ATTRIBUTOR,string,500,,"","",""
CatalogSubject,attribution_date,ITEMS_SUBJECTS.ATTRIB_DATE,string,11,,"","",""
CatalogSubject,attribution_source,ITEMS_SUBJECTS.ATTRIB_SOURCE,string,500,,"","",""
CatalogSubject,certainty,ITEMS_SUBJECTS.CERTAINTY,string,500,,"","",""
CatalogSubject,attribution_comment,ITEMS_SUBJECTS.ATTRIB_COMMENT,string,4000,,"","",""
CatalogSubject,note,ITEMS_SUBJECTS.NOTE,string,4000,,"","",""
CatalogSubject,option1,ITEMS_SUBJECTS.OPTION1,string,4000,,"","",""
CatalogSubject,option2,ITEMS_SUBJECTS.OPTION2,string,1000,,"","",""
CatalogSubject,option3,ITEMS_SUBJECTS.OPTION3,string,500,,"","",""
CatalogSubject,option4,ITEMS_SUBJECTS.OPTION4,string,500,,"","",""
CatalogSubject,unlinked_value,ITEMS_SUBJECTS.UNLINKED_VALUE,string,500,,"","",""
CatalogSubject,prior_attribution,ITEMS_SUBJECTS.PRIOR_ATTRIBUTION,boolean,,,"","",""
CatalogSubject,importance,ITEMS_SUBJECTS.IMPORTANCE,decimal,,,"","",""
CatalogSubject,subject_variation_id,ITEMS_SUBJECTS.SVARKEY,integer,,,"","",""
CatalogSubject,subject,ITEMS_SUBJECTS.SUBJECT,string,4000,,"","",""
