model,field_name,MIMSY_field_name,field_type,field_length,field_example,emu_module,emu_column,migration_instructions
CatalogPlace,id,ITEMS_PLACES.AUTHLINKKEY,integer,,3401405,"","",""
CatalogPlace,catalog_id,ITEMS_PLACES.MKEY,integer,,659169,"","",""
CatalogPlace,place_id,ITEMS_PLACES.PLACEKEY,integer,,4,"","",""
CatalogPlace,relationship,ITEMS_PLACES.RELATIONSHIP,string,500,,"","",""
CatalogPlace,prior_attribution,ITEMS_PLACES.PRIOR_ATTRIBUTION,boolean,,false,"","",""
CatalogPlace,place,ITEMS_PLACES.PLACE,string,4000,North America: Canada,"","",""
