model,field_name,MIMSY_field_name,field_type,field_length,field_example,emu_module,emu_column,migration_instructions
CatalogComponent,id,COMPONENTS.ID,integer,,2624,"","",""
CatalogComponent,catalog_id,COMPONENTS.MKEY,integer,,6899,"","",""
CatalogComponent,component,COMPONENTS.COMPONENT,string,500,whole specimen(s),"","",""
CatalogComponent,quantity,COMPONENTS.QUANTITY,integer,10,10,"","",""
CatalogComponent,location,COMPONENTS.LOCATION,string,200,,"","",""
CatalogComponent,location_date,COMPONENTS.LOCATION_DATE,string,11,,"","",""
CatalogComponent,condition,COMPONENTS.CONDITION,string,200,,"","",""
CatalogComponent,condition_date,COMPONENTS.CONDITION_DATE,string,11,,"","",""
CatalogComponent,note,COMPONENTS.NOTE,string,4000,original QTY: 20+,"","",""
