model,field_name,MIMSY_field_name,field_type,field_length,field_example,emu_module,emu_column,migration_instructions
CatalogMadePlace,id,ITEMS_PLACES_MADE.AUTHLINKKEY,integer,,3318178,"","",""
CatalogMadePlace,catalog_id,ITEMS_PLACES_MADE.MKEY,integer,,579537,"","",""
CatalogMadePlace,place_id,ITEMS_PLACES_MADE.PLACEKEY,integer,,7,"","",""
CatalogMadePlace,prior_attribution,ITEMS_PLACES_MADE.PRIOR_ATTRIBUTION,boolean,,false,"","",""
CatalogMadePlace,place,ITEMS_PLACES_MADE.PLACE,string,4000,"North America: Canada, Ontario, Ottawa (metro)","","",""
