model,field_name,MIMSY_field_name,field_type,field_length,field_example,emu_module,emu_column,migration_instructions
CatalogOtherMeasurement,id,OTHER_MEASUREMENTS.ID,integer,,332,"","",""
CatalogOtherMeasurement,catalog_id,OTHER_MEASUREMENTS.MKEY,integer,,771058,"","",""
CatalogOtherMeasurement,part_measured,OTHER_MEASUREMENTS.PART_MEASURED,string,500,count,"","",""
CatalogOtherMeasurement,type,OTHER_MEASUREMENTS.OM_TYPE,string,100,species abundance,"","",""
CatalogOtherMeasurement,measurement,OTHER_MEASUREMENTS.MEASUREMENT,decimal,,16.0,"","",""
CatalogOtherMeasurement,unit,OTHER_MEASUREMENTS.UNIT,string,100,/m2,"","",""
CatalogOtherMeasurement,size,OTHER_MEASUREMENTS.SIZE_MEASURE,string,500,Grade 1 1/2,"","",""
CatalogOtherMeasurement,note,OTHER_MEASUREMENTS.NOTE,string,4000,tag #4788 (anus to front),"","",""
CatalogOtherMeasurement,prior_attribution,OTHER_MEASUREMENTS.PRIOR_ATTRIBUTION,boolean,,false,"","",""
