model,field_name,MIMSY_field_name,field_type,field_length,field_example,emu_module,emu_column,migration_instructions
CatalogAccessory,id,ACCESSORIES.ID,integer,,585,"","",""
CatalogAccessory,catalog_id,ACCESSORIES.MKEY,integer,,406381,"","",""
CatalogAccessory,accessory,ACCESSORIES.ACCESSORY,string,500,site photo,"","",""
CatalogAccessory,quantity,ACCESSORIES.QUANTITY,integer,10,1,"","",""
CatalogAccessory,location,ACCESSORIES.LOCATION,string,200,"Documentation Room - Fish, A&R","","",""
CatalogAccessory,location_date,ACCESSORIES.LOCATION_DATE,string,11,2014-07-29,"","",""
CatalogAccessory,condition_date,ACCESSORIES.CONDITION_DATE,string,11,1979-09-07,"","",""
CatalogAccessory,note,ACCESSORIES.NOTE,string,4000,4 & 5,"","",""
