model,field_name,MIMSY_field_name,field_type,field_length,field_example,emu_module,emu_column,migration_instructions
ConditionConservation,id,CONDITION_CONSERVATION.ID,integer,,15746,"","",""
ConditionConservation,catalog_id,CONDITION_CONSERVATION.M_ID,integer,,235325,"","",""
ConditionConservation,condition_id,CONDITION_CONSERVATION.CONDKEY,integer,,117,"","",""
ConditionConservation,condition,CONDITION_CONSERVATION.CONDITION,string,4000,numerous fragments,"","",""
ConditionConservation,conservation_id,CONDITION_CONSERVATION.CONSKEY,integer,,24470,"","",""
ConditionConservation,conservation,CONDITION_CONSERVATION.CONSERVATION,string,4000,treatment,"","",""
