model,field_name,MIMSY_field_name,field_type,field_length,field_example,emu_module,emu_column,migration_instructions
ConditionMedium,id,CONDITION_MEDIA.ID,integer,,1467,"","",""
ConditionMedium,medium_id,CONDITION_MEDIA.MEDIAKEY,integer,,41849,"","",""
ConditionMedium,media,CONDITION_MEDIA.MEDIA,string,4000,CMNC2009-0005_CR_Image4_2010-05-13.jpg,"","",""
ConditionMedium,catalog_id,CONDITION_MEDIA.M_ID,integer,,536371,"","",""
ConditionMedium,object,CONDITION_MEDIA.OBJECT,string,4000,CMNML 059194,"","",""
ConditionMedium,condition_id,CONDITION_MEDIA.CONDKEY,integer,,405,"","",""
ConditionMedium,condition,CONDITION_MEDIA.CONDITION,string,4000,good,"","",""
