model,field_name,MIMSY_field_name,field_type,field_length,field_example,emu_module,emu_column,migration_instructions
ConservationMedium,id,CONSERVATION_MEDIA.ID,integer,,,"","",""
ConservationMedium,medium_id,CONSERVATION_MEDIA.MEDIAKEY,integer,,,"","",""
ConservationMedium,media,CONSERVATION_MEDIA.MEDIA,string,4000,,"","",""
ConservationMedium,catalog_id,CONSERVATION_MEDIA.M_ID,integer,,,"","",""
ConservationMedium,object,CONSERVATION_MEDIA.OBJECT,string,4000,,"","",""
ConservationMedium,conservation_id,CONSERVATION_MEDIA.CONSKEY,integer,,,"","",""
ConservationMedium,conservation,CONSERVATION_MEDIA.CONSERVATION,string,4000,,"","",""
ConservationMedium,relationship,CONSERVATION_MEDIA.RELATIONSHIP,string,500,,"","",""
ConservationMedium,begin_date,CONSERVATION_MEDIA.BEGIN_DATE,string,11,,"","",""
ConservationMedium,end_date,CONSERVATION_MEDIA.END_DATE,string,11,,"","",""
ConservationMedium,sort,CONSERVATION_MEDIA.STEP,integer,10,,"","",""
ConservationMedium,note,CONSERVATION_MEDIA.NOTE,string,4000,,"","",""
