model,field_name,MIMSY_field_name,field_type,field_length,field_example,emu_module,emu_column,migration_instructions
DamageMedium,id,DAMAGE_MEDIA.ID,integer,,,"","",""
DamageMedium,medium_id,DAMAGE_MEDIA.MEDIAKEY,integer,,,"","",""
DamageMedium,media,DAMAGE_MEDIA.MEDIA,string,4000,,"","",""
DamageMedium,catalog_id,DAMAGE_MEDIA.M_ID,integer,,,"","",""
DamageMedium,object,DAMAGE_MEDIA.OBJECT,string,4000,,"","",""
DamageMedium,damage_id,DAMAGE_MEDIA.DKEY,integer,,,"","",""
DamageMedium,damage,DAMAGE_MEDIA.DAMAGE,string,4000,,"","",""
DamageMedium,relationship,DAMAGE_MEDIA.RELATIONSHIP,string,500,,"","",""
DamageMedium,begin_date,DAMAGE_MEDIA.BEGIN_DATE,string,11,,"","",""
DamageMedium,end_date,DAMAGE_MEDIA.END_DATE,string,11,,"","",""
DamageMedium,sort,DAMAGE_MEDIA.STEP,integer,10,,"","",""
DamageMedium,note,DAMAGE_MEDIA.NOTE,string,4000,,"","",""
