model,field_name,MIMSY_field_name,field_type,field_length,field_example,emu_module,emu_column,migration_instructions
DisposalCatalog,id,DISPOSAL_ITEMS.ID,integer,,257432,"","",""
DisposalCatalog,disposal_id,DISPOSAL_ITEMS.AKEY,integer,,26648,"","",""
DisposalCatalog,catalog_id,DISPOSAL_ITEMS.M_ID,integer,,489841,"","",""
DisposalCatalog,id_number,DISPOSAL_ITEMS.ID_NUMBER,string,48,CMNAV 226,"","",""
DisposalCatalog,description,DISPOSAL_ITEMS.ITEM_SUMMARY,string,4000,"Calidris bairdii
Taverner, Percy A.
North America: Canada, Alberta, Lac la Nonne
1926-07-10","","",""
DisposalCatalog,status,DISPOSAL_ITEMS.STATUS,string,100,approved,"","",""
DisposalCatalog,status_date,DISPOSAL_ITEMS.STATUS_DATE,string,11,1918,"","",""
DisposalCatalog,deaccession_date,DISPOSAL_ITEMS.DEACCESSION_DATE,string,11,1912,"","",""
DisposalCatalog,disposal_method,DISPOSAL_ITEMS.DISPOSAL_METHOD,string,500,exchange,"","",""
DisposalCatalog,disposal_date,DISPOSAL_ITEMS.DISPOSAL_DATE,string,11,1932-10-28,"","",""
DisposalCatalog,title_transfer_requested,DISPOSAL_ITEMS.TITLE_TRANSFER_REQUESTED,boolean,,false,"","",""
DisposalCatalog,transfer_date,DISPOSAL_ITEMS.TRANSFER_DATE,string,11,1997-07-23,"","",""
DisposalCatalog,reproduction_requested,DISPOSAL_ITEMS.REPRODUCTION_REQUESTED,boolean,,false,"","",""
DisposalCatalog,dispatch_requested,DISPOSAL_ITEMS.DISPATCH_REQUESTED,boolean,,false,"","",""
DisposalCatalog,note,DISPOSAL_ITEMS.NOTE,string,4000,see site record,"","",""
DisposalCatalog,catalogued,DISPOSAL_ITEMS.CATALOGUED,boolean,,true,"","",""
DisposalCatalog,id_sort,DISPOSAL_ITEMS.ID_SORT,string,4000,CMNAVE0001132,"","",""
DisposalCatalog,created_by,DISPOSAL_ITEMS.CREATED_BY,string,32,ANACTORIA,"","",""
DisposalCatalog,create_date,DISPOSAL_ITEMS.CREATE_DATE,datetime,,2013-05-15 14:56:27 UTC,"","",""
DisposalCatalog,updated_by,DISPOSAL_ITEMS.UPDATED_BY,string,32,PFRANK,"","",""
DisposalCatalog,update_date,DISPOSAL_ITEMS.UPDATE_DATE,datetime,,2013-05-10 11:08:00 UTC,"","",""
