model,field_name,MIMSY_field_name,field_type,field_length,field_example,emu_module,emu_column,migration_instructions
DisposalSource,id,DISPOSAL_SOURCES.ID,integer,,4644,"","",""
DisposalSource,disposal_id,DISPOSAL_SOURCES.AKEY,integer,,23705,"","",""
DisposalSource,person_id,DISPOSAL_SOURCES.LINK_ID,integer,,4487,"","",""
DisposalSource,person_variation_id,DISPOSAL_SOURCES.NVARKEY,integer,,40790,"","",""
DisposalSource,source,DISPOSAL_SOURCES.SOURCE,string,4000,"Ward, Peter","","",""
DisposalSource,source_role,DISPOSAL_SOURCES.SOURCE_ROLE,string,100,donor,"","",""
DisposalSource,contact,DISPOSAL_SOURCES.CONTACT,string,500,Lynn Gillespie,"","",""
DisposalSource,address,DISPOSAL_SOURCES.ADDRESS,string,500,"Karl-Franzens-Universität Graz (GZU)
Institut für Botanik
Holteigasse 6
A-8010 Graz
Austria","","",""
DisposalSource,amount_paid,DISPOSAL_SOURCES.AMOUNT_PAID,decimal,,,"","",""
DisposalSource,note,DISPOSAL_SOURCES.NOTE,string,4000,47 duplicates and 2 lichens are part of this acquisiton.,"","",""
DisposalSource,unlinked_value,DISPOSAL_SOURCES.UNLINKED_VALUE,string,500,NMC staff,"","",""
