model,field_name,MIMSY_field_name,field_type,field_length,field_example,emu_module,emu_column,migration_instructions
Disposal,id,DISPOSALS.AKEY,integer,,34927,"","",""
Disposal,reference_number,DISPOSALS.REF_NUMBER,string,48,1933-076,"","",""
Disposal,status,DISPOSALS.STATUS,string,100,final approval; closed,"","",""
Disposal,status_date,DISPOSALS.STATUS_DATE,string,11,1933,"","",""
Disposal,requested_by,DISPOSALS.REQUESTED_BY,string,500,"Balkwill, Darlene","","",""
Disposal,request_date,DISPOSALS.REQUEST_DATE,string,11,1922,"","",""
Disposal,authorized_by,DISPOSALS.AUTHORIZED_BY,string,500,"Wagner, Norman","","",""
Disposal,date_authorized,DISPOSALS.DATE_AUTHORIZED,string,11,1922-12-26,"","",""
Disposal,method,DISPOSALS.METHOD,string,500,disposal according to regulations,"","",""
Disposal,legal_date,DISPOSALS.LEGAL_DATE,string,11,1996-04-25,"","",""
Disposal,recipient,DISPOSALS.RECIPIENT,string,500,"Arnold, Edwin W.","","",""
Disposal,reason,DISPOSALS.REASON,string,4000,Birds sent in exchange.  See Acquisition 1916-040.,"","",""
Disposal,total_requested,DISPOSALS.TOTAL_REQUESTED,string,4000,10,"","",""
Disposal,total_approved,DISPOSALS.TOTAL_APPROVED,integer,10,1,"","",""
Disposal,decision_reason,DISPOSALS.DECISION_REASON,string,4000,"The specimens were originally loaned to a post-doctoral fellow, Dr. Labbish N. Chao in Sept. 1976 and subsequently accidently catalogued into the CMN Ichthyology Collection.","","",""
Disposal,external_file,DISPOSALS.EXTERNAL_FILE,string,500,Registrar's Office,"","",""
Disposal,note,DISPOSALS.NOTE,string,4000,Also one uncatalogued skin of Dircostonyx r. rubricatus.,"","",""
Disposal,flag1,DISPOSALS.FLAG1,boolean,,false,"","",""
Disposal,flag2,DISPOSALS.FLAG2,boolean,,false,"","",""
Disposal,created_by,DISPOSALS.CREATED_BY,string,32,PFRANK,"","",""
Disposal,create_date,DISPOSALS.CREATE_DATE,datetime,,2013-02-06 11:53:41 UTC,"","",""
Disposal,updated_by,DISPOSALS.UPDATED_BY,string,32,PFRANK,"","",""
Disposal,update_date,DISPOSALS.UPDATE_DATE,datetime,,2013-01-24 10:45:18 UTC,"","",""
