model,field_name,MIMSY_field_name,field_type,field_length,field_example,emu_module,emu_column,migration_instructions
Entry,id,ENTRY.IKEY,integer,,,"","",""
Entry,record_view,ENTRY.RECORD_VIEW,integer,,,"","",""
Entry,receipt_number,ENTRY.RECEIPT_NUMBER,string,48,,"","",""
Entry,entry_date,ENTRY.ENTRY_DATE,string,11,,"","",""
Entry,record_type,ENTRY.RECORD_TYPE,string,100,,"","",""
Entry,reason,ENTRY.REASON,string,500,,"","",""
Entry,status,ENTRY.STATUS,string,100,,"","",""
Entry,status_date,ENTRY.STATUS_DATE,string,11,,"","",""
Entry,description,ENTRY.DESCRIPTION,string,4000,,"","",""
Entry,person_id,ENTRY.LINK_ID,integer,,,"","",""
Entry,person_variation_id,ENTRY.NVARKEY,integer,,,"","",""
Entry,depositor,ENTRY.DEPOSITOR,string,4000,,"","",""
Entry,contact,ENTRY.CONTACT,string,500,,"","",""
Entry,address,ENTRY.ADDRESS,string,500,,"","",""
Entry,phone,ENTRY.PHONE,string,50,,"","",""
Entry,fax,ENTRY.FAX,string,50,,"","",""
Entry,email,ENTRY.EMAIL,string,100,,"","",""
Entry,received_by,ENTRY.RECEIVED_BY,string,500,,"","",""
Entry,return_instructions,ENTRY.RETURN_INSTRUCTIONS,string,4000,,"","",""
Entry,total_objects,ENTRY.ENTRY_COUNT,integer,,,"","",""
Entry,total_recorded,ENTRY.TOTAL_RECORDED,string,4000,,"","",""
Entry,external_file,ENTRY.EXTERNAL_FILE,string,500,,"","",""
Entry,note,ENTRY.NOTE,string,4000,,"","",""
Entry,option1,ENTRY.OPTION1,string,4000,,"","",""
Entry,option2,ENTRY.OPTION2,string,1000,,"","",""
Entry,number1,ENTRY.NUMBER1,decimal,,,"","",""
Entry,number2,ENTRY.NUMBER2,decimal,,,"","",""
Entry,date1,ENTRY.DATE1,string,11,,"","",""
Entry,date2,ENTRY.DATE2,string,11,,"","",""
Entry,flag1,ENTRY.FLAG1,boolean,,,"","",""
Entry,flag2,ENTRY.FLAG2,boolean,,,"","",""
Entry,created_by,ENTRY.CREATED_BY,string,32,,"","",""
Entry,create_date,ENTRY.CREATE_DATE,datetime,,,"","",""
Entry,updated_by,ENTRY.UPDATED_BY,string,32,,"","",""
Entry,update_date,ENTRY.UPDATE_DATE,datetime,,,"","",""
