model,field_name,MIMSY_field_name,field_type,field_length,field_example,emu_module,emu_column,migration_instructions
EventPerson,id,EVENTS_PEOPLE.AUTHLINKKEY,integer,,3038237,"","",""
EventPerson,event_id,EVENTS_PEOPLE.VKEY,integer,,21,"","",""
EventPerson,person_id,EVENTS_PEOPLE.LINK_ID,integer,,173,"","",""
EventPerson,relationship,EVENTS_PEOPLE.RELATIONSHIP,string,500,sponsor,"","",""
EventPerson,begin_date,EVENTS_PEOPLE.BEGIN_DATE,string,11,1987,"","",""
EventPerson,end_date,EVENTS_PEOPLE.END_DATE,string,11,1990,"","",""
EventPerson,note,EVENTS_PEOPLE.NOTE,string,4000,Australia suite,"","",""
EventPerson,prior_attribution,EVENTS_PEOPLE.PRIOR_ATTRIBUTION,boolean,,false,"","",""
EventPerson,name,EVENTS_PEOPLE.NAME,string,4000,SKF Canada Ltd.,"","",""
