model,field_name,MIMSY_field_name,field_type,field_length,field_example,emu_module,emu_column,migration_instructions
EventVariation,id,EVENT_VARIATIONS.VVARKEY,integer,,7,"","",""
EventVariation,event_id,EVENT_VARIATIONS.VKEY,integer,,105,"","",""
EventVariation,variation,EVENT_VARIATIONS.VARIATION,string,500,Pinch Collection Acquisition,"","",""
EventVariation,type,EVENT_VARIATIONS.VARIATION_TYPE,string,100,short form,"","",""
EventVariation,prior_attribution,EVENT_VARIATIONS.PRIOR_ATTRIBUTION,boolean,,false,"","",""
