model,field_name,MIMSY_field_name,field_type,field_length,field_example,emu_module,emu_column,migration_instructions
EventPublication,id,EVENTS_PUBLICATIONS.AUTHLINKKEY,integer,,3038288,"","",""
EventPublication,event_id,EVENTS_PUBLICATIONS.VKEY,integer,,103,"","",""
EventPublication,publication_id,EVENTS_PUBLICATIONS.PKEY,integer,,7935,"","",""
EventPublication,prior_attribution,EVENTS_PUBLICATIONS.PRIOR_ATTRIBUTION,boolean,,false,"","",""
EventPublication,illustrated,EVENTS_PUBLICATIONS.ILLUSTRATION,boolean,,false,"","",""
EventPublication,publication,EVENTS_PUBLICATIONS.PUBLICATION,string,4000,Mezek et al 2011 JGLR.pdf,"","",""
