model,field_name,MIMSY_field_name,field_type,field_length,field_example,emu_module,emu_column,migration_instructions
ExhibitionMedium,id,EXHIBITIONS_MEDIA.ID,integer,,1704,"","",""
ExhibitionMedium,medium_id,EXHIBITIONS_MEDIA.MEDIAKEY,integer,,41888,"","",""
ExhibitionMedium,media,EXHIBITIONS_MEDIA.MEDIA,string,4000,Peanut_Case_4-2-9_Invertebrates_II.jpg,"","",""
ExhibitionMedium,exhibition_id,EXHIBITIONS_MEDIA.EKEY,integer,,7,"","",""
ExhibitionMedium,exhibition,EXHIBITIONS_MEDIA.EXHIBITION,string,4000,Water Gallery,"","",""
