model,field_name,MIMSY_field_name,field_type,field_length,field_example,emu_module,emu_column,migration_instructions
ExhibitionTheme,id,EXHIBITION_THEMES.ID,integer,,9,"","",""
ExhibitionTheme,exhibition_id,EXHIBITION_THEMES.EKEY,integer,,7,"","",""
ExhibitionTheme,theme_section,EXHIBITION_THEMES.THEME_SECTION,string,500,TestTheme 2,"","",""
ExhibitionTheme,theme_sub1,EXHIBITION_THEMES.THEME_SUB1,string,500,t1sub1,"","",""
ExhibitionTheme,theme_sub2,EXHIBITION_THEMES.THEME_SUB2,string,500,Water is an ideal medium for life,"","",""
ExhibitionTheme,theme_sub3,EXHIBITION_THEMES.THEME_SUB3,string,500,Our everyday choices and their impact,"","",""
ExhibitionTheme,theme_sub4,EXHIBITION_THEMES.THEME_SUB4,string,500,"The ocean moves: currents, tides, waves and how they affect marine organisms","","",""
ExhibitionTheme,theme_sub5,EXHIBITION_THEMES.THEME_SUB5,string,500,Earth has always had the same amount because of the water cycle,"","",""
ExhibitionTheme,description,EXHIBITION_THEMES.DESCRIPTION,string,4000,this is a test Theme 1,"","",""
ExhibitionTheme,location,EXHIBITION_THEMES.LOCATION,string,500,Location1,"","",""
