model,field_name,MIMSY_field_name,field_type,field_length,field_example,emu_module,emu_column,migration_instructions
ExhibitionCatalog,id,EXHIBITION_ITEMS.EIKEY,integer,,252,"","",""
ExhibitionCatalog,exhibition_id,EXHIBITION_ITEMS.EKEY,integer,,4,"","",""
ExhibitionCatalog,catalog_id,EXHIBITION_ITEMS.M_ID,integer,,461966,"","",""
ExhibitionCatalog,type,EXHIBITION_ITEMS.RECORD_TYPE,string,100,object,"","",""
ExhibitionCatalog,id_number,EXHIBITION_ITEMS.ID_NUMBER,string,48,CMNML 094270,"","",""
ExhibitionCatalog,status,EXHIBITION_ITEMS.STATUS,string,100,approved,"","",""
ExhibitionCatalog,status_date,EXHIBITION_ITEMS.STATUS_DATE,string,11,2010-05-10,"","",""
ExhibitionCatalog,theme_section,EXHIBITION_ITEMS.THEME_SECTION,string,500,Life in the Ocean,"","",""
ExhibitionCatalog,theme_sub1,EXHIBITION_ITEMS.THEME_SUB1,string,500,The ocean is full of life: Canadian marine biodiversity,"","",""
ExhibitionCatalog,theme_sub2,EXHIBITION_ITEMS.THEME_SUB2,string,500,t2sub2,"","",""
ExhibitionCatalog,theme_sub3,EXHIBITION_ITEMS.THEME_SUB3,string,500,"Canada's wetlands: provide crucial environmental services, loss of habitat","","",""
ExhibitionCatalog,location,EXHIBITION_ITEMS.LOCATION,string,500,Case 4.2.9 - Invertebrates II,"","",""
ExhibitionCatalog,catalogued_item,EXHIBITION_ITEMS.CATALOGUED_ITEM,boolean,,false,"","",""
ExhibitionCatalog,description,EXHIBITION_ITEMS.ITEM_SUMMARY,string,4000,"Pugettia richii
Young, Charles H.; Spreadborough, William
North America: Canada; British Columbia, Barclay Land Distr., Barkley Sound
1909-05 - 1909-08","","",""
ExhibitionCatalog,flag1,EXHIBITION_ITEMS.FLAG1,boolean,,false,"","",""
ExhibitionCatalog,flag2,EXHIBITION_ITEMS.FLAG2,boolean,,false,"","",""
ExhibitionCatalog,flag3,EXHIBITION_ITEMS.FLAG3,boolean,,false,"","",""
ExhibitionCatalog,flag4,EXHIBITION_ITEMS.FLAG4,boolean,,false,"","",""
ExhibitionCatalog,catalogued,EXHIBITION_ITEMS.CATALOGUED,boolean,,true,"","",""
ExhibitionCatalog,id_sort,EXHIBITION_ITEMS.ID_SORT,string,4000,CMNC00019830001133,"","",""
ExhibitionCatalog,created_by,EXHIBITION_ITEMS.CREATED_BY,string,32,ANACTORIA,"","",""
ExhibitionCatalog,create_date,EXHIBITION_ITEMS.CREATE_DATE,datetime,,2010-04-21 13:47:30 UTC,"","",""
ExhibitionCatalog,updated_by,EXHIBITION_ITEMS.UPDATED_BY,string,32,CONSERV1,"","",""
ExhibitionCatalog,update_date,EXHIBITION_ITEMS.UPDATE_DATE,datetime,,2012-06-05 10:54:40 UTC,"","",""
