model,field_name,MIMSY_field_name,field_type,field_length,field_example,emu_module,emu_column,migration_instructions
ExhibitionLoan,id,EXHIBITIONS_LOANS.ID,integer,,19191,"","",""
ExhibitionLoan,exhibition_id,EXHIBITIONS_LOANS.EKEY,integer,,7,"","",""
ExhibitionLoan,exhibition,EXHIBITIONS_LOANS.EXHIBITION,string,4000,Water Gallery,"","",""
ExhibitionLoan,loan_id,EXHIBITIONS_LOANS.LKEY,integer,,484,"","",""
ExhibitionLoan,loan,EXHIBITIONS_LOANS.LOAN,string,4000,LP2010-0065,"","",""
ExhibitionLoan,exhibition_catalog_id,EXHIBITIONS_LOANS.EIKEY,integer,,258,"","",""
ExhibitionLoan,loan_catalog_id,EXHIBITIONS_LOANS.LITMKEY,decimal,,16506.0,"","",""
