model,field_name,MIMSY_field_name,field_type,field_length,field_example,emu_module,emu_column,migration_instructions
Group,id,GROUPS.GROUP_ID,integer,,2679,"","",""
Group,module,GROUPS.LINK_TYPE,integer,,1,"","",""
Group,group_area,GROUPS.GROUP_AREA,string,4000,catalogue,"","",""
Group,name,GROUPS.GROUP_NAME,string,100,A2015.0004 labels,"","",""
Group,private_public,GROUPS.PRIVATE_PUBLIC,string,10,PRIVATE,egroups,GroupStatus,""
Group,group_type,GROUPS.GROUP_TYPE,string,100,General Inquiry,"","",""
Group,group_owner,GROUPS.GROUP_OWNER,string,32,JDOUBT,"","",""
Group,department,GROUPS.DEPARTMENT,string,100,Registration,"","",""
Group,note,GROUPS.NOTE,string,4000,between 78.00 and 81.50 N and -77.50 and -97.00 W,egroups,GroupDescription,""
Group,create_date,GROUPS.CREATE_DATE,datetime,,2012-02-02 10:45:01 UTC,"","",""
Group,updated_by,GROUPS.UPDATED_BY,string,30,MCURRIE,"","",""
Group,update_date,GROUPS.UPDATE_DATE,datetime,,2017-07-05 10:56:50 UTC,"","",""
