model,field_name,MIMSY_field_name,field_type,field_length,field_example,emu_module,emu_column,migration_instructions
Hazard,id,HAZARD.HKEY,integer,,,"","",""
Hazard,catalog_id,HAZARD.M_ID,integer,,,"","",""
Hazard,current_record,HAZARD.CURRENT_RECORD,boolean,,,"","",""
Hazard,hazard,HAZARD.HAZARD,string,500,,"","",""
Hazard,component_accessory,HAZARD.COMPONENT_ACCESSORY,string,500,,"","",""
Hazard,description,HAZARD.DESCRIPTION,string,4000,,"","",""
Hazard,position,HAZARD.POSITION,string,4000,,"","",""
Hazard,rating,HAZARD.RATING,string,100,,"","",""
Hazard,restrict_handling,HAZARD.RESTRICT_HANDLING,boolean,,,"","",""
Hazard,may_be_handled_by,HAZARD.MAY_BE_HANDLED_BY,string,4000,,"","",""
Hazard,handling_instructions,HAZARD.HANDLING_INSTRUCTIONS,string,4000,,"","",""
Hazard,control_measures,HAZARD.CONTROL_MEASURES,string,4000,,"","",""
Hazard,identified_by,HAZARD.IDENTIFIED_BY,string,500,,"","",""
Hazard,date_identified,HAZARD.DATE_IDENTIFIED,string,11,,"","",""
Hazard,authorized_by,HAZARD.AUTHORIZED_BY,string,500,,"","",""
Hazard,date_authorized,HAZARD.DATE_AUTHORIZED,string,11,,"","",""
Hazard,external_file,HAZARD.EXTERNAL_FILE,string,4000,,"","",""
Hazard,last_evaluation_by,HAZARD.LAST_EVALUATION_BY,string,500,,"","",""
Hazard,last_evaluation_date,HAZARD.LAST_EVALUATION_DATE,string,11,,"","",""
Hazard,disposal_candidate,HAZARD.DISPOSAL_CANDIDATE,boolean,,,"","",""
Hazard,note,HAZARD.NOTE,string,4000,,"","",""
Hazard,option1,HAZARD.OPTION1,string,4000,,"","",""
Hazard,option2,HAZARD.OPTION2,string,4000,,"","",""
Hazard,option3,HAZARD.OPTION3,string,1000,,"","",""
Hazard,option4,HAZARD.OPTION4,string,1000,,"","",""
Hazard,option5,HAZARD.OPTION5,string,1000,,"","",""
Hazard,option6,HAZARD.OPTION6,string,500,,"","",""
Hazard,option7,HAZARD.OPTION7,string,500,,"","",""
Hazard,option8,HAZARD.OPTION8,string,500,,"","",""
Hazard,option9,HAZARD.OPTION9,string,500,,"","",""
Hazard,option10,HAZARD.OPTION10,string,500,,"","",""
Hazard,number1,HAZARD.NUMBER1,decimal,,,"","",""
Hazard,number2,HAZARD.NUMBER2,decimal,,,"","",""
Hazard,date1,HAZARD.DATE1,string,11,,"","",""
Hazard,date2,HAZARD.DATE2,string,11,,"","",""
Hazard,flag1,HAZARD.FLAG1,boolean,,,"","",""
Hazard,flag2,HAZARD.FLAG2,boolean,,,"","",""
Hazard,flag3,HAZARD.FLAG3,boolean,,,"","",""
Hazard,flag4,HAZARD.FLAG4,boolean,,,"","",""
Hazard,created_by,HAZARD.CREATED_BY,string,32,,"","",""
Hazard,create_date,HAZARD.CREATE_DATE,datetime,,,"","",""
Hazard,updated_by,HAZARD.UPDATED_BY,string,32,,"","",""
Hazard,update_date,HAZARD.UPDATE_DATE,string,11,,"","",""
