model,field_name,MIMSY_field_name,field_type,field_length,field_example,emu_module,emu_column,migration_instructions
LoanLocation,id,LOANS_LOCATION.ID,integer,,3567,"","",""
LoanLocation,loan_id,LOANS_LOCATION.LKEY,integer,,152,"","",""
LoanLocation,loan,LOANS_LOCATION.LOAN,string,4000,LP2007-0019,"","",""
LoanLocation,loan_catalog_id,LOANS_LOCATION.LITMKEY,integer,,3696,"","",""
LoanLocation,location_id,LOANS_LOCATION.LOC_ID,integer,,6887,"","",""
LoanLocation,location,LOANS_LOCATION.LOCATION,string,4000,"LP2007-0019: Scribailo, Dr. Robin","","",""
