model,field_name,MIMSY_field_name,field_type,field_length,field_example,emu_module,emu_column,migration_instructions
LoanVenue,id,LOAN_VENUES.ID,integer,,8,"","",""
LoanVenue,loan_id,LOAN_VENUES.LKEY,integer,,72,"","",""
LoanVenue,person_id,LOAN_VENUES.LINK_ID,integer,,19935,"","",""
LoanVenue,venue,LOAN_VENUES.VENUE,string,4000,Canadian Museum of Nature,"","",""
LoanVenue,contact,LOAN_VENUES.CONTACT,string,500,Mary-Rose Saccu,"","",""
LoanVenue,begin_date,LOAN_VENUES.BEGIN_DATE,string,11,2010-04-03,"","",""
LoanVenue,end_date,LOAN_VENUES.END_DATE,string,11,2004-06-19,"","",""
