model,field_name,MIMSY_field_name,field_type,field_length,field_example,emu_module,emu_column,migration_instructions
Loan,id,LOANS.LKEY,integer,,225,"","",""
Loan,direction,LOANS.DIRECTION,string,3,OUT,"","",""
Loan,loan_number,LOANS.LOAN_NUMBER,string,48,LP2013-0133,"","",""
Loan,person_id,LOANS.LINK_ID,integer,,30539,"","",""
Loan,person_variation_id,LOANS.NVARKEY,integer,,29428,"","",""
Loan,institution,LOANS.NAME,string,4000,"Hall, Brian K.","","",""
Loan,contact,LOANS.CONTACT,string,500,Julian Starr,"","",""
Loan,address,LOANS.ADDRESS,string,500,"Exhibit Services
Canadian Museum of Nature
P.O. Box 3443, Sta. ""D""
Ottawa, Ontario
K1P 6P4","","",""
Loan,phone,LOANS.PHONE,string,50,0171-938 9475,"","",""
Loan,fax,LOANS.FAX,string,50,512-872-9406,"","",""
Loan,email,LOANS.EMAIL,string,100,jocelyn.hall@ualberta.ca,"","",""
Loan,requested_by,LOANS.REQUESTED_BY,string,500,"Picard, Michel","","",""
Loan,request_date,LOANS.REQUEST_DATE,datetime,,2008-09-17 00:00:00 UTC,"","",""
Loan,authorized_by,LOANS.AUTHORIZED_BY,string,500,"Shepherd, Kieran M.","","",""
Loan,date_authorized,LOANS.DATE_AUTHORIZED,string,11,2006-11-21,"","",""
Loan,status,LOANS.STATUS,string,100,closed,"","",""
Loan,status_date,LOANS.STATUS_DATE,string,11,2011-10-24,"","",""
Loan,handled_by,LOANS.HANDLED_BY,string,500,"Génier, François","","",""
Loan,purpose,LOANS.PURPOSE,string,500,exhibit preparation,"","",""
Loan,loan_start,LOANS.LOAN_START,string,11,2014-12-05,"","",""
Loan,loan_end,LOANS.LOAN_END,string,11,2012-12-06,"","",""
Loan,total_items,LOANS.TOTAL_ITEMS,integer,10,3,"","",""
Loan,total_requested,LOANS.TOTAL_REQUESTED,string,4000,28,"","",""
Loan,renewal_history,LOANS.RENEWAL_HISTORY,string,4000,January 2015 - renewed until 2018-12-31.,"","",""
Loan,acknowledge_date,LOANS.ACKNOWLEDGE_DATE,datetime,,2008-05-26 00:00:00 UTC,"","",""
Loan,prelim_agree_date,LOANS.PRELIM_AGREE_DATE,datetime,,2013-08-20 00:00:00 UTC,"","",""
Loan,approval_date,LOANS.APPROVAL_DATE,datetime,,2007-10-17 00:00:00 UTC,"","",""
Loan,reject_date,LOANS.REJECT_DATE,datetime,,2000-06-08 00:00:00 UTC,"","",""
Loan,cancel_date,LOANS.CANCEL_DATE,datetime,,2000-08-21 00:00:00 UTC,"","",""
Loan,contract_date,LOANS.CONTRACT_DATE,datetime,,2009-05-01 00:00:00 UTC,"","",""
Loan,contract_terms,LOANS.CONTRACT_TERMS,text,,"","","",""
Loan,prelim_conditions,LOANS.PRELIM_CONDITIONS,string,4000,The borrower is permitted to section and mount one (1) specimen from each sample.,"","",""
Loan,actual_cost,LOANS.ACTUAL_COST,string,13,0.00,"","",""
Loan,projected_cost,LOANS.PROJECTED_COST,string,13,0.00,"","",""
Loan,insurance_paid_by,LOANS.INSURANCE_PAID_BY,string,500,Royal Tyrrell Museum of Palaeontology,"","",""
Loan,shipping_paid_by,LOANS.SHIPPING_PAID_BY,string,500,Royal Tyrrell Museum of Palaeontology,"","",""
Loan,reviewed_by,LOANS.REVIEWED_BY,string,500,"Fitzgerald, G.R.","","",""
Loan,review_date,LOANS.REVIEW_DATE,datetime,,2000-06-08 00:00:00 UTC,"","",""
Loan,review_comments,LOANS.REVIEW_COMMENTS,string,4000,The paper substrate was returned with a portion ripped off thus removing part of the original label information.  Fortunately a photograph was taken prior to sending the specimen out on loan.,"","",""
Loan,external_file,LOANS.EXTERNAL_FILE,string,500,Registrar's Office,"","",""
Loan,note,LOANS.NOTE,string,4000,Saarela et al. #2464,"","",""
Loan,option1,LOANS.OPTION1,string,4000,"Transfert de Brachthecium, prêts du Missouri Botanical Garden à CANM: LP2013-0049 & LP2013-0079","","",""
Loan,date1,LOANS.DATE1,datetime,,2012-04-27 00:00:00 UTC,"","",""
Loan,flag1,LOANS.FLAG1,boolean,,false,"","",""
Loan,flag2,LOANS.FLAG2,boolean,,false,"","",""
Loan,created_by,LOANS.CREATED_BY,string,32,NBOASE,"","",""
Loan,create_date,LOANS.CREATE_DATE,datetime,,2010-09-16 13:28:03 UTC,"","",""
Loan,update_date,LOANS.UPDATE_DATE,datetime,,2016-07-28 13:12:17 UTC,"","",""
Loan,updated_by,LOANS.UPDATED_BY,string,32,LSMYK,"","",""
