model,field_name,MIMSY_field_name,field_type,field_length,field_example,emu_module,emu_column,migration_instructions
Location,id,LOCATION.LOC_ID,integer,,2654,"","",""
Location,catalog_id,LOCATION.M_ID,integer,,130402,"","",""
Location,facility_id,LOCATION.LOCKEY,integer,,9,"","",""
Location,current_record,LOCATION.CURRENT_RECORD,boolean,,false,"","",""
Location,future_commit,LOCATION.FUTURE_COMMIT,boolean,,true,"","",""
Location,location,LOCATION.LOCATION,string,500,"LP2003-0103: Brouillet, Luc","","",""
Location,loc_level1,LOCATION.LOC_LEVEL1,string,50,rolling cabinets,"","",""
Location,loc_level2,LOCATION.LOC_LEVEL2,string,50,Upper mezzanine,"","",""
Location,loc_level3,LOCATION.LOC_LEVEL3,string,50,drawer 6,"","",""
Location,loc_level4,LOCATION.LOC_LEVEL4,string,50,Below Edmontosaurus wall mount,"","",""
Location,location_date,LOCATION.LOCATION_DATE,string,11,2007-02-09,"","",""
Location,expected_end,LOCATION.EXPECTED_END,string,11,2006-11,"","",""
Location,last_location,LOCATION.LAST_LOCATION,string,500,Loaned to Dr. M. Caldwell,"","",""
Location,last_level1,LOCATION.LAST_LEVEL1,string,50,Fossil Gallery,"","",""
Location,last_level2,LOCATION.LAST_LEVEL2,string,50,Upper mezzanine,"","",""
Location,last_level3,LOCATION.LAST_LEVEL3,string,50,drawer 4,"","",""
Location,last_level4,LOCATION.LAST_LEVEL4,string,50,,"","",""
Location,purpose,LOCATION.PURPOSE,string,100,loan,"","",""
Location,inventory_status,LOCATION.INVENTORY_STATUS,string,100,located,"","",""
Location,status_date,LOCATION.STATUS_DATE,string,11,2004-08-09,"","",""
Location,requested_by,LOCATION.REQUESTED_BY,string,500,"Shepherd, Kieran M.","","",""
Location,request_date,LOCATION.REQUEST_DATE,string,11,2006-07-21,"","",""
Location,authorized_by,LOCATION.AUTHORIZED_BY,string,500,"Shepherd, Kieran M.","","",""
Location,job_number,LOCATION.JOB_NUMBER,string,48,,"","",""
Location,scheduled_date,LOCATION.SCHEDULED_DATE,string,11,2006-07-21,"","",""
Location,moved_by,LOCATION.MOVED_BY,string,500,Palaeo collections staff,"","",""
Location,component_accessory,LOCATION.COMPONENT_ACCESSORY,string,500,skull,"","",""
Location,note,LOCATION.NOTE,string,4000,Date of loan unknown,"","",""
Location,flag1,LOCATION.FLAG1,boolean,,false,"","",""
Location,flag2,LOCATION.FLAG2,boolean,,false,"","",""
Location,create_date,LOCATION.CREATE_DATE,datetime,,2004-10-04 00:00:00 UTC,"","",""
Location,created_by,LOCATION.CREATED_BY,string,32,NBOASE,"","",""
Location,update_date,LOCATION.UPDATE_DATE,datetime,,2016-07-27 10:42:39 UTC,"","",""
Location,updated_by,LOCATION.UPDATED_BY,string,32,MFEUERSTACK,"","",""
