model,field_name,MIMSY_field_name,field_type,field_length,field_example,emu_module,emu_column,migration_instructions
LossMedium,id,LOSS_MEDIA.ID,integer,,,"","",""
LossMedium,medium_id,LOSS_MEDIA.MEDIAKEY,integer,,,"","",""
LossMedium,media,LOSS_MEDIA.MEDIA,string,4000,,"","",""
LossMedium,catalog_id,LOSS_MEDIA.M_ID,integer,,,"","",""
LossMedium,object,LOSS_MEDIA.OBJECT,string,4000,,"","",""
LossMedium,loss_id,LOSS_MEDIA.LOSSKEY,integer,,,"","",""
LossMedium,loss,LOSS_MEDIA.LOSS,string,4000,,"","",""
LossMedium,relationship,LOSS_MEDIA.RELATIONSHIP,string,500,,"","",""
LossMedium,begin_date,LOSS_MEDIA.BEGIN_DATE,string,11,,"","",""
LossMedium,end_date,LOSS_MEDIA.END_DATE,string,11,,"","",""
LossMedium,sort,LOSS_MEDIA.STEP,integer,10,,"","",""
LossMedium,note,LOSS_MEDIA.NOTE,string,4000,,"","",""
