model,field_name,MIMSY_field_name,field_type,field_length,field_example,emu_module,emu_column,migration_instructions
MadeDate,id,DATE_MADE.TIMEKEY,integer,,587222,"","",""
MadeDate,catalog_id,DATE_MADE.MKEY,integer,,580042,"","",""
MadeDate,prior_date,DATE_MADE.PRIOR_DATE,boolean,,false,"","",""
MadeDate,date_text,DATE_MADE.DATE_TEXT,string,500,1871,"","",""
MadeDate,earliest_year,DATE_MADE.EARLIEST_YEAR,integer,10,1865,"","",""
MadeDate,latest_year,DATE_MADE.LATEST_YEAR,integer,10,1888,"","",""
MadeDate,bp,DATE_MADE.BP,boolean,,false,"","",""
