model,field_name,MIMSY_field_name,field_type,field_length,field_example,emu_module,emu_column,migration_instructions
MediumTaxon,id,MEDIA_TAXONOMY.AUTHLINKKEY,integer,,3245579,"","",""
MediumTaxon,medium_id,MEDIA_TAXONOMY.MEDIAKEY,integer,,49839,"","",""
MediumTaxon,taxon_id,MEDIA_TAXONOMY.SPECKEY,integer,,1088513,"","",""
MediumTaxon,prior_attribution,MEDIA_TAXONOMY.PRIOR_ATTRIBUTION,boolean,,false,"","",""
MediumTaxon,taxonomy,MEDIA_TAXONOMY.TAXONOMY,string,4000,Alces americana,"","",""
MediumTaxon,broader_text,MEDIA_TAXONOMY.BROADER_TEXT,string,4000,Animalia; Chordata; Vertebrata; Mammalia; Artiodactyla; Cervidae; Alces,"","",""
