model,field_name,MIMSY_field_name,field_type,field_length,field_example,emu_module,emu_column,migration_instructions
MediumDescriptor,id,MEDIA_DESCRIPTORS.ID,integer,,3163,"","",""
MediumDescriptor,medium_id,MEDIA_DESCRIPTORS.MEDIAKEY,integer,,7367,"","",""
MediumDescriptor,component,MEDIA_DESCRIPTORS.COMPONENT,string,100,JPEG,"","",""
MediumDescriptor,descriptor,MEDIA_DESCRIPTORS.DESCRIPTOR,string,100,Number of Components,"","",""
MediumDescriptor,term,MEDIA_DESCRIPTORS.TERM,string,500,72 dots per inch,"","",""
