model,field_name,MIMSY_field_name,field_type,field_length,field_example,emu_module,emu_column,migration_instructions
MediumPublication,id,MEDIA_PUBLICATIONS.AUTHLINKKEY,integer,,3037251,"","",""
MediumPublication,publication_id,MEDIA_PUBLICATIONS.PKEY,integer,,7937,"","",""
MediumPublication,medium_id,MEDIA_PUBLICATIONS.MEDIAKEY,integer,,8114,"","",""
MediumPublication,prior_attribution,MEDIA_PUBLICATIONS.PRIOR_ATTRIBUTION,boolean,,false,"","",""
MediumPublication,illustration,MEDIA_PUBLICATIONS.ILLUSTRATION,boolean,,false,"","",""
MediumPublication,publication,MEDIA_PUBLICATIONS.PUBLICATION,string,4000,"Two new species in the family Axinellidae (Porifera, Demospongiae) from British  Columbia and adjacent waters","","",""
MediumPublication,publication_date,MEDIA_PUBLICATIONS.PUBLICATION_DATE,string,4000,1938,"","",""
