model,field_name,MIMSY_field_name,field_type,field_length,field_example,emu_module,emu_column,migration_instructions
PersonContact,id,PEOPLE_CONTACTS.ID,integer,,2070,"","",Primary key. Not mapped.
PersonContact,person_id,PEOPLE_CONTACTS.LINK_ID,integer,,10598,"","",Foreign key for Person. Not mapped.
PersonContact,address_type,PEOPLE_CONTACTS.ADDRESS_TYPE,string,100,primary,"","","Not mapped. However, use this to populate other address fields depending on value of data here. Because Person:PersonContact is 1:many, you must be selective & choose the most current set of addresses. Values for this field are currently: [""60605"", ""Korite International"", ""Primary (Work), Deliveries; physical address for deliveries"", ""Primary (Work), Postal; office address for general correspondence"", ""Primary Contact (Archaeology Collection)"", ""Primary Contact (General Collections Matters)"", ""Primary Contact (General Matters)"", ""Primary Contact (MOA Matters)"", ""Richard Blacquiere"", ""Russia"", ""billing"", ""business"", ""former postal"", ""home"", ""postal"", ""previous"", ""primary"", ""primary (business)"", ""primary (home)"", ""primary (work)"", ""secondary (work)"", ""shipping"", ""street""]"
PersonContact,active_flag,PEOPLE_CONTACTS.ACTIVE_FLAG,boolean,,true,"","",Not mapped
PersonContact,date_active,PEOPLE_CONTACTS.DATE_ACTIVE,string,11,2012-05-23,"","",Not mapped
PersonContact,end_date,PEOPLE_CONTACTS.END_DATE,string,11,2017-01-20,"","",Not mapped
PersonContact,contact,PEOPLE_CONTACTS.CONTACT,string,100,Darlene Balkwill,eparties,AssAssociation_tab,""
PersonContact,contact_title,PEOPLE_CONTACTS.CONTACT_TITLE,string,48,Research Associate,eparties,AssRole_tab,""
PersonContact,salutation,PEOPLE_CONTACTS.SALUTATION,string,100,Dr.,"","",Not mapped
PersonContact,institution,PEOPLE_CONTACTS.INSTITUTION,string,100,Ontario Ministry of Natural resources,eparties,NamOrganisation,""
PersonContact,department,PEOPLE_CONTACTS.DEPARTMENT,string,100,The Herbarium,eparties,NamDepartment,""
PersonContact,address1,PEOPLE_CONTACTS.ADDRESS1,string,100,514 Queen Elizabeth,eparties,AddPhysStreet or AddPostStreet,Column chosen depends on value of address_type.
PersonContact,address2,PEOPLE_CONTACTS.ADDRESS2,string,100,Whiteladies Rd.,eparties,AddPhysStreet or AddPostStreet,Append to field with linebreak when data already present. Column chosen depends on value of address_type.
PersonContact,address3,PEOPLE_CONTACTS.ADDRESS3,string,100,Local 0262,eparties,AddPhysStreet or AddPostStreet,Append to field with linebreak when data already present. Column chosen depends on value of address_type.
PersonContact,city,PEOPLE_CONTACTS.CITY,string,100,Sidney,eparties,AddPhysCity and/or AddPostCity,Column chosen depends on value of address_type.
PersonContact,state_province,PEOPLE_CONTACTS.STATE_PROVINCE,string,100,New Brunswick,eparties,AddPhysState or AddPostState,Column chosen depends on value of address_type.
PersonContact,postal_code,PEOPLE_CONTACTS.POSTAL_CODE,string,24,J8Y 3R7,eparties,AddPhysPost or AddPostPost,Column chosen depends on value of address_type.
PersonContact,country,PEOPLE_CONTACTS.COUNTRY,string,100,Canada,eparties,AddPhysCountry or AddPostCountry,Column chosen depends on value of address_type.
PersonContact,work_phone,PEOPLE_CONTACTS.WORK_PHONE,string,48,416-671-2600,eparties,NamBusiness_tab,""
PersonContact,home_phone,PEOPLE_CONTACTS.HOME_PHONE,string,48,&48-3111,eparties,NamHome,""
PersonContact,fax,PEOPLE_CONTACTS.FAX,string,48,819-776-8623,eparties,NamFax,""
PersonContact,e_mail,PEOPLE_CONTACTS.E_MAIL,string,100,jeanfaubert@globetrotter.net,eparties,AddEmail,""
PersonContact,www_address,PEOPLE_CONTACTS.WWW_ADDRESS,string,500,www.kew.org,eparties,AddWeb,Only populate if value from person.website not already used.
PersonContact,telex,PEOPLE_CONTACTS.TELEX,string,48,07-22959 uniho-d,"","",Not mapped
