model,field_name,MIMSY_field_name,field_type,field_length,field_example,emu_module,emu_column,migration_instructions
PersonPublication,id,PEOPLE_PUBLICATIONS.AUTHLINKKEY,integer,,3315841,"","",Primary key. Not mapped.
PersonPublication,person_id,PEOPLE_PUBLICATIONS.LINK_ID,integer,,5882,"","",Foreign key to Person. Not mapped.
PersonPublication,publication_id,PEOPLE_PUBLICATIONS.PKEY,integer,,8513,"","",Foreign key to Publication. Not mapped.
PersonPublication,relationship,PEOPLE_PUBLICATIONS.RELATIONSHIP,string,500,author,ebibliography,*Role_tab,"Column name depends on publication type. Values in data are: [""author"", ""editor"", ""author (1st)"", ""co-author""]"
PersonPublication,prior_attribution,PEOPLE_PUBLICATIONS.PRIOR_ATTRIBUTION,boolean,,false,"","",Not mapped
PersonPublication,illustration,PEOPLE_PUBLICATIONS.ILLUSTRATION,boolean,,false,"","",Not mapped
PersonPublication,publication,PEOPLE_PUBLICATIONS.PUBLICATION,string,4000,"New data on the Late Tertiary Beaufort Formation: Plant and insect fossils from Prince Patrick Island, N.W.T.","","",Not mapped
PersonPublication,publication_date,PEOPLE_PUBLICATIONS.PUBLICATION_DATE,string,4000,2007,"","",Not mapped
