model,field_name,MIMSY_field_name,field_type,field_length,field_example,emu_module,emu_column,migration_instructions
Person,id,PEOPLE.LINK_ID,integer,,5684,"","",Primary key. Not mapped.
Person,language,PEOPLE.LANGUAGE,string,3,eng,eparties,NamPrimaryLanguage,""
Person,approved,PEOPLE.APPROVED,boolean,,true,"","",Not mapped
Person,individual,PEOPLE.INDIVIDUAL,boolean,,true,eparties,NamPartyType,"Boolean data in MIMSY: true = ""Person"", false = ""Organisation"""
Person,preferred_name,PEOPLE.PREFERRED_NAME,string,500,Anzses,"","",Not mapped
Person,title,PEOPLE.TITLE_NAME,string,100,Mr.,eparties,NamTitle,Only relevant when individual = true.
Person,first_name,PEOPLE.FIRSTMID_NAME,string,500,L.C.,eparties,NamFirst,Data may contain middle names or middle name initials; additionally parse middle names or middle name initials into eparties:NamMiddle and leave behind cleaner eparties:NamFirst. Only relevant when individual = true.
Person,last_name,PEOPLE.LASTSUFF_NAME,string,500,Ouellette,eparties,NamLast,""
Person,suffix,PEOPLE.SUFFIX_NAME,string,100,,eparties,NamSuffix,""
Person,honorary_suffix,PEOPLE.HONORARY_SUFFIX,string,100,Corporal,eparties,NamTitle,"When data also have title, ignore this content. Otherwise, populate eparties:NamTitle with these data. Only relevant when individual = true."
Person,sort_name,PEOPLE.SORT_NAME,string,500,"MACLAGAN, J.","","",Not mapped
Person,gender,PEOPLE.GENDER,string,,M,eparties,NamSex,Only relevant when individual = true.
Person,deceased,PEOPLE.DECEASED,boolean,,false,"","",Not mapped
Person,brief_bio,PEOPLE.BRIEF_BIO,string,500,Wisconson State University,eparties,BioCommencementNotes,Append to eparties:BioCommencementNotes using linebreaks. Only relevant when individual = true.
Person,birth_date,PEOPLE.BIRTH_DATE,string,100,1906,eparties,BioBirthDate,Only relevant when individual = true.
Person,birth_place,PEOPLE.BIRTH_PLACE,string,100,Saskatchewan,eparties,BioBirthPlace,Only relevant when individual = true.
Person,death_date,PEOPLE.DEATH_DATE,string,100,2010-09-16,eparties,BioDeathDate,Only relevant when individual = true.
Person,death_place,PEOPLE.DEATH_PLACE,string,100,"North America: Canada, Ontario, Ottawa (metro), Ottawa",eparties,BioDeathPlace,Only relevant when individual = true.
Person,cause_of_death,PEOPLE.CAUSE_OF_DEATH,string,500,,"","",Not mapped
Person,nationality,PEOPLE.NATIONALITY,string,500,Canadian,eparties,BioNationality,Only relevant when individual = true.
Person,occupation,PEOPLE.OCCUPATION,string,500,Mining specialist,eparties,NamPosition,Only relevant when individual = true.
Person,description,PEOPLE.DESCRIPTION,string,4000,Collected and published on Courtney B.C. Plesiosaur and Mosasaur,"","",Not mapped
Person,website,PEOPLE.WEBSITE,string,500,Costas.Katechis@myfwc.com,eparties,AddWeb,See PersonContact.www_address
Person,appraiser,PEOPLE.APPRAISER,boolean,,false,eparties,NameRoles_tab,"Boolean data. Append role ""appraiser"" when true. Only relevant when individual = true."
Person,authorizer,PEOPLE.AUTHORIZER,boolean,,false,eparties,NameRoles_tab,"Boolean data. Append role ""appraiser"" when true. Only relevant when individual = true."
Person,borrower,PEOPLE.BORROWER,boolean,,false,eparties,NameRoles_tab,"Boolean data. Append role ""borrower"" when true. Only relevant when individual = true."
Person,collector,PEOPLE.COLLECTOR,boolean,,true,eparties,NameRoles_tab,"Boolean data. Append role ""collector"" when true. Only relevant when individual = true."
Person,conservator,PEOPLE.CONSERVATOR,boolean,,false,eparties,NameRoles_tab,"Boolean data. Append role ""conservator"" when true. Only relevant when individual = true."
Person,copyright_holder,PEOPLE.COPYRIGHT_HOLDER,boolean,,false,eparties,NameRoles_tab,"Boolean data. Append role ""copyright holder"" when true. Only relevant when individual = true."
Person,examiner,PEOPLE.EXAMINER,boolean,,false,eparties,NameRoles_tab,"Boolean data. Append role ""examiner"" when true. Only relevant when individual = true."
Person,identifier,PEOPLE.IDENTIFIER,boolean,,false,eparties,NameRoles_tab,"Boolean data. Append role ""identifier"" when true. Only relevant when individual = true."
Person,insurer,PEOPLE.INSURER,boolean,,false,eparties,NameRoles_tab,"Boolean data. Append role ""insurer"" when true. Only relevant when individual = true."
Person,lender,PEOPLE.LENDER,boolean,,false,eparties,NameRoles_tab,"Boolean data. Append role ""lender"" when true. Only relevant when individual = true."
Person,maker,PEOPLE.MAKER,boolean,,false,eparties,NameRoles_tab,"Boolean data. Append role ""maker"" when true. Only relevant when individual = true."
Person,mover,PEOPLE.MOVER,boolean,,false,eparties,NameRoles_tab,"Boolean data. Append role ""mover"" when true. Only relevant when individual = true."
Person,owner,PEOPLE.OWNER,boolean,,false,eparties,NameRoles_tab,"Boolean data. Append role ""owner"" when true. Only relevant when individual = true."
Person,publisher,PEOPLE.PUBLISHER,boolean,,false,eparties,NameRoles_tab,"Boolean data. Append role ""publisher"" when true. Only relevant when individual = true."
Person,related,PEOPLE.RELATED,boolean,,false,"","",Not mapped
Person,reproducer,PEOPLE.REPRODUCER,boolean,,false,eparties,NameRoles_tab,"Boolean data. Append role ""reproducer"" when true. Only relevant when individual = true."
Person,shipper,PEOPLE.SHIPPER,boolean,,false,eparties,NameRoles_tab,"Boolean data. Append role ""shipper"" when true. Only relevant when individual = true."
Person,source,PEOPLE.SOURCE,boolean,,true,"","",Not mapped
Person,sponsor,PEOPLE.SPONSOR,boolean,,false,eparties,NameRoles_tab,"Boolean data. Append role ""sponsor"" when true. Only relevant when individual = true."
Person,staff,PEOPLE.STAFF,boolean,,false,eparties,NameRoles_tab,"Boolean data. Append role ""staff"" when true. Only relevant when individual = true."
Person,surveyor,PEOPLE.SURVEYOR,boolean,,false,eparties,NameRoles_tab,"Boolean data. Append role ""surveyor"" when true. Only relevant when individual = true."
Person,venue,PEOPLE.VENUE,boolean,,false,"","",Not mapped
Person,other,PEOPLE.OTHER,boolean,,true,"","",Not mapped
Person,authorized_by,PEOPLE.AUTHORIZED_BY,string,500,GLOBAL COPY,"","",Not mapped
Person,date_authorized,PEOPLE.DATE_AUTHORIZED,string,11,2016-12-15,"","",Not mapped
Person,assessment,PEOPLE.ASSESSMENT,string,4000,Valid,"","",Not mapped
Person,note,PEOPLE.NOTE,string,4000,NOTES MADE BY CMN STAFF DURING NAME CLEANUP: fish,eparties,BioCommencementNotes,Append to eparties:BioCommencementNotes using linebreaks. Only relevant when individual = true.
Person,publish,PEOPLE.PUBLISH,boolean,,false,eparties,AdmPublishWebNoPassword,"If value is false or null, mark both Publish on Internet and Intranet as No; if value is true, mark both as Yes."
Person,created_by,PEOPLE.CREATED_BY,string,32,CONVERSION,eparties,AdmInsertedBy,""
Person,create_date,PEOPLE.CREATE_DATE,datetime,,2000-04-06 00:00:00 UTC,eparties,AdmDateInserted,""
Person,updated_by,PEOPLE.UPDATED_BY,string,32,PFRANK,eparties,AdmModifiedBy,""
Person,update_date,PEOPLE.UPDATE_DATE,datetime,,2013-02-21 09:10:44 UTC,eparties,AdmDateModified,""
