model,field_name,MIMSY_field_name,field_type,field_length,field_example,emu_module,emu_column,migration_instructions
PersonVariation,id,PEOPLE_VARIATIONS.NVARKEY,integer,,2192,"","",Primary key. Not mapped.
PersonVariation,person_id,PEOPLE_VARIATIONS.LINK_ID,integer,,97,"","",Foreign key to Person. Not mapped.
PersonVariation,variation,PEOPLE_VARIATIONS.VARIATION,string,500,"Bergeron, S.",eparties,SynSynonymy_tab or NamOtherNames_tab,"Content included here is unstructured. Parse where possible, create Parties records & establish as synonyms to the linked Person.id record OR add to NamOtherNames_tab. Specific rule indicated in PersonVariation.type"
PersonVariation,type,PEOPLE_VARIATIONS.NVAR_TYPE,string,100,misspelling,"","","When value in [""correspondence"", ""correspondence, variant"", ""error"", ""misspelling"", ""misspelling?"", ""natural order"", ""nickname"", ""primary"", ""primary, variant"", ""redundant entry"", ""title"", ""transposed order"", ""variant""] then add variation to eparties:NamOtherNames_tab otherwise values may be in [""former married name"", ""former name"", ""maiden name"", ""prior name"", ""religious name"", ""secular name""] then parse variation and make a new synonymous parties record and construct linkout."
PersonVariation,note,PEOPLE_VARIATIONS.NOTE,string,4000,misspelling (no accent),eparties,AdmOriginalData,"Append to AdmOriginalData. Values here may indicate rationale for a synonymous name, may describe familial relationships, data entry considerations, sex change, etc."
PersonVariation,prior_attribution,PEOPLE_VARIATIONS.PRIOR_ATTRIBUTION,boolean,,false,"","",Not mapped
PersonVariation,attribution_source,PEOPLE_VARIATIONS.ATTRIB_SOURCE,string,500,,"","",Not mapped
