model,field_name,MIMSY_field_name,field_type,field_length,field_example,emu_module,emu_column,migration_instructions
PersonTaxon,id,PEOPLE_TAXONOMY.AUTHLINKKEY,integer,,3123248,"","",""
PersonTaxon,person_id,PEOPLE_TAXONOMY.LINK_ID,integer,,30325,"","",""
PersonTaxon,taxon_id,PEOPLE_TAXONOMY.SPECKEY,integer,,1192097,"","",""
PersonTaxon,relationship,PEOPLE_TAXONOMY.RELATIONSHIP,string,500,author,"","",""
PersonTaxon,prior_attribution,PEOPLE_TAXONOMY.PRIOR_ATTRIBUTION,boolean,,false,"","",""
PersonTaxon,taxonomy,PEOPLE_TAXONOMY.TAXONOMY,string,4000,Kimurachelys slobodae,"","",""
PersonTaxon,broader_text,PEOPLE_TAXONOMY.BROADER_TEXT,string,4000,Animalia; Chordata; Vertebrata; Reptilia; Anapsida; Testudines; Cryptodira; Chelonioidea; Kimurachelys,"","",""
