model,field_name,MIMSY_field_name,field_type,field_length,field_example,emu_module,emu_column,migration_instructions
PlaceSite,id,SITES_PLACES.AUTHLINKKEY,integer,,2997512,"","",Priamry key. Not mapped.
PlaceSite,place_id,SITES_PLACES.PLACEKEY,integer,,10801,"","",Foreign key to Place. Not mapped.
PlaceSite,site_id,SITES_PLACES.SKEY,integer,,525815,"","",Foreign key to Site. Not mapped.
PlaceSite,prior_attribution,SITES_PLACES.PRIOR_ATTRIBUTION,boolean,,false,"","",Not mapped.
PlaceSite,place,SITES_PLACES.PLACE,string,4000,"North America: Canada, Ontario, Lanark Co. (ON), Lanark","","",Not mapped.
