model,field_name,MIMSY_field_name,field_type,field_length,field_example,emu_module,emu_column,migration_instructions
RelatedCatalog,id,RELATED_ITEMS.RELRECKEY,integer,,38825,"","",""
RelatedCatalog,catalog_id,RELATED_ITEMS.MKEY,integer,,744361,"","",""
RelatedCatalog,related_catalog_id,RELATED_ITEMS.RELATED_MKEY,integer,10,331141,"","",""
RelatedCatalog,object,RELATED_ITEMS.OBJECT,string,4000,CAN 592347,"","",""
RelatedCatalog,title,RELATED_ITEMS.TITLE,string,4000,skeleton,"","",""
RelatedCatalog,relationship,RELATED_ITEMS.RELATIONSHIP,string,500,on same matrix fragment,"","",""
RelatedCatalog,note,RELATED_ITEMS.NOTE,string,4000,Idunella attached to posterior surface of last pleopod of Upogebia,"","",""
RelatedCatalog,prior_attribution,RELATED_ITEMS.PRIOR_ATTRIBUTION,boolean,,false,"","",""
RelatedCatalog,sysuseonly,RELATED_ITEMS.SYSUSEONLY,decimal,,0.0,"","",""
