model,field_name,MIMSY_field_name,field_type,field_length,field_example,emu_module,emu_column,migration_instructions
RelatedMedium,id,RELATED_MEDIA.RELRECKEY,integer,,1128,"","",""
RelatedMedium,medium_id,RELATED_MEDIA.MEDIAKEY,integer,,6424,"","",""
RelatedMedium,related_medium_id,RELATED_MEDIA.RELATED_MEDIAKEY,integer,,6425,"","",""
RelatedMedium,media,RELATED_MEDIA.MEDIA,string,4000,CMNC2004-5223B.TIF,"","",""
RelatedMedium,prior_attribution,RELATED_MEDIA.PRIOR_ATTRIBUTION,boolean,,false,"","",""
RelatedMedium,sysuseonly,RELATED_MEDIA.SYSUSEONLY,decimal,,0.0,"","",""
