model,field_name,MIMSY_field_name,field_type,field_length,field_example,emu_module,emu_column,migration_instructions
Reproduction,id,REPRODUCTION.RREQKEY,integer,,,"","",""
Reproduction,record_view,REPRODUCTION.RECORD_VIEW,decimal,,,"","",""
Reproduction,order_number,REPRODUCTION.ORDER_NUMBER,string,48,,"","",""
Reproduction,link_id,REPRODUCTION.LINK_ID,decimal,,,"","",""
Reproduction,nvarkey,REPRODUCTION.NVARKEY,decimal,,,"","",""
Reproduction,requested_by,REPRODUCTION.REQUESTED_BY,string,500,,"","",""
Reproduction,request_date,REPRODUCTION.REQUEST_DATE,string,11,,"","",""
Reproduction,deadline_date,REPRODUCTION.DEADLINE_DATE,string,11,,"","",""
Reproduction,contact,REPRODUCTION.CONTACT,string,500,,"","",""
Reproduction,bill_to,REPRODUCTION.BILL_TO,string,500,,"","",""
Reproduction,bill_to_phone,REPRODUCTION.BILL_TO_PHONE,string,50,,"","",""
Reproduction,bill_to_fax,REPRODUCTION.BILL_TO_FAX,string,50,,"","",""
Reproduction,bill_to_email,REPRODUCTION.BILL_TO_EMAIL,string,100,,"","",""
Reproduction,ship_to,REPRODUCTION.SHIP_TO,string,500,,"","",""
Reproduction,ship_to_phone,REPRODUCTION.SHIP_TO_PHONE,string,50,,"","",""
Reproduction,ship_to_fax,REPRODUCTION.SHIP_TO_FAX,string,50,,"","",""
Reproduction,ship_to_email,REPRODUCTION.SHIP_TO_EMAIL,string,50,,"","",""
Reproduction,authorized_by,REPRODUCTION.AUTHORIZED_BY,string,500,,"","",""
Reproduction,status,REPRODUCTION.STATUS,string,100,,"","",""
Reproduction,status_date,REPRODUCTION.STATUS_DATE,string,11,,"","",""
Reproduction,reason,REPRODUCTION.REASON,string,500,,"","",""
Reproduction,pkey,REPRODUCTION.PKEY,integer,10,,"","",""
Reproduction,publication,REPRODUCTION.PUBLICATION,string,4000,,"","",""
Reproduction,license_type,REPRODUCTION.LICENSE_TYPE,string,500,,"","",""
Reproduction,license_start,REPRODUCTION.LICENSE_START,string,11,,"","",""
Reproduction,license_end,REPRODUCTION.LICENSE_END,string,11,,"","",""
Reproduction,license_history,REPRODUCTION.LICENSE_HISTORY,string,4000,,"","",""
Reproduction,distribution_area,REPRODUCTION.DISTRIBUTION_AREA,string,500,,"","",""
Reproduction,print_run,REPRODUCTION.PRINT_RUN,string,500,,"","",""
Reproduction,use,REPRODUCTION.USE,string,500,,"","",""
Reproduction,contract_date,REPRODUCTION.CONTRACT_DATE,string,11,,"","",""
Reproduction,contract_signed_date,REPRODUCTION.CONTRACT_SIGNED_DATE,string,11,,"","",""
Reproduction,contract_terms,REPRODUCTION.CONTRACT_TERMS,string,4000,,"","",""
Reproduction,contract_note,REPRODUCTION.CONTRACT_NOTE,string,4000,,"","",""
Reproduction,total_items,REPRODUCTION.TOTAL_ITEMS,integer,10,,"","",""
Reproduction,total_requested,REPRODUCTION.TOTAL_REQUESTED,string,4000,,"","",""
Reproduction,projected_start,REPRODUCTION.PROJECTED_START,string,11,,"","",""
Reproduction,projected_duration,REPRODUCTION.PROJECTED_DURATION,decimal,,,"","",""
Reproduction,proj_duration_unit,REPRODUCTION.PROJ_DURATION_UNIT,string,10,,"","",""
Reproduction,projected_cost,REPRODUCTION.PROJECTED_COST,decimal,,,"","",""
Reproduction,actual_start,REPRODUCTION.ACTUAL_START,string,11,,"","",""
Reproduction,actual_end,REPRODUCTION.ACTUAL_END,string,11,,"","",""
Reproduction,actual_duration,REPRODUCTION.ACTUAL_DURATION,decimal,,,"","",""
Reproduction,act_duration_unit,REPRODUCTION.ACT_DURATION_UNIT,string,10,,"","",""
Reproduction,actual_cost,REPRODUCTION.ACTUAL_COST,string,13,,"","",""
Reproduction,paid,REPRODUCTION.PAID,boolean,,,"","",""
Reproduction,payment_date,REPRODUCTION.PAYMENT_DATE,string,11,,"","",""
Reproduction,external_file,REPRODUCTION.EXTERNAL_FILE,string,500,,"","",""
Reproduction,note,REPRODUCTION.NOTE,string,4000,,"","",""
Reproduction,option1,REPRODUCTION.OPTION1,string,500,,"","",""
Reproduction,option2,REPRODUCTION.OPTION2,string,500,,"","",""
Reproduction,option3,REPRODUCTION.OPTION3,string,500,,"","",""
Reproduction,option4,REPRODUCTION.OPTION4,string,500,,"","",""
Reproduction,option5,REPRODUCTION.OPTION5,string,500,,"","",""
Reproduction,number1,REPRODUCTION.NUMBER1,decimal,,,"","",""
Reproduction,number2,REPRODUCTION.NUMBER2,decimal,,,"","",""
Reproduction,date1,REPRODUCTION.DATE1,string,11,,"","",""
Reproduction,date2,REPRODUCTION.DATE2,string,11,,"","",""
Reproduction,flag1,REPRODUCTION.FLAG1,boolean,,,"","",""
Reproduction,flag2,REPRODUCTION.FLAG2,boolean,,,"","",""
Reproduction,created_by,REPRODUCTION.CREATED_BY,string,32,,"","",""
Reproduction,create_date,REPRODUCTION.CREATE_DATE,datetime,,,"","",""
Reproduction,updated_by,REPRODUCTION.UPDATED_BY,string,32,,"","",""
Reproduction,update_date,REPRODUCTION.UPDATE_DATE,datetime,,,"","",""
