model,field_name,MIMSY_field_name,field_type,field_length,field_example,emu_module,emu_column,migration_instructions
SiteCollection,site_id,SITE_COLLECTIONS.SKEY,integer,,576992,"","",""
SiteCollection,count_number,SITE_COLLECTIONS.COUNT_NUMBER,integer,10,32,"","",""
SiteCollection,count_type,SITE_COLLECTIONS.COUNT_TYPE,string,100,objects,"","",""
SiteCollection,collection_type,SITE_COLLECTIONS.COLLECTION_TYPE,string,100,ecofact (faunal remains),"","",""
SiteCollection,repository,SITE_COLLECTIONS.REPOSITORY,string,500,Canadian Museum of Nature,"","",""
SiteCollection,note,SITE_COLLECTIONS.NOTE,string,4000,Number of objects held at PWNHC unknown.,"","",""
SiteCollection,id,SITE_COLLECTIONS.ID,integer,,221,"","",""
