model,field_name,MIMSY_field_name,field_type,field_length,field_example,emu_module,emu_column,migration_instructions
SitePhoto,site_id,SITE_PHOTOS.SKEY,integer,,428374,"","",""
SitePhoto,photo_number,SITE_PHOTOS.PHOTO_NUMBER,string,100,46579,"","",""
SitePhoto,photo_type,SITE_PHOTOS.PHOTO_TYPE,string,100,black-and-white,"","",""
SitePhoto,photo_date,SITE_PHOTOS.PHOTO_DATE,string,11,1916,"","",""
SitePhoto,source,SITE_PHOTOS.SOURCE,string,500,Spartan Air Services,"","",""
SitePhoto,note,SITE_PHOTOS.NOTE,string,4000,"""Trachodont quarry""","","",""
SitePhoto,id,SITE_PHOTOS.ID,integer,,17,"","",""
