model,field_name,MIMSY_field_name,field_type,field_length,field_example,emu_module,emu_column,migration_instructions
SitePerson,id,SITES_PEOPLE.AUTHLINKKEY,integer,,2579170,"","",""
SitePerson,person_id,SITES_PEOPLE.LINK_ID,integer,,25149,"","",""
SitePerson,site_id,SITES_PEOPLE.SKEY,integer,,406064,"","",""
SitePerson,relationship,SITES_PEOPLE.RELATIONSHIP,string,500,collector,"","",""
SitePerson,affiliation,SITES_PEOPLE.AFFILIATION,string,500,Government of Nunavut,"","",""
SitePerson,begin_date,SITES_PEOPLE.BEGIN_DATE,string,11,1975,"","",""
SitePerson,end_date,SITES_PEOPLE.END_DATE,string,11,1973,"","",""
SitePerson,note,SITES_PEOPLE.NOTE,string,4000,1968,"","",""
SitePerson,prior_attribution,SITES_PEOPLE.PRIOR_ATTRIBUTION,boolean,,false,"","",""
SitePerson,person_variation_id,SITES_PEOPLE.NVARKEY,integer,10,17097,"","",""
SitePerson,name,SITES_PEOPLE.NAME,string,4000,"Peck, Stewart B.","","",""
