model,field_name,MIMSY_field_name,field_type,field_length,field_example,emu_module,emu_column,migration_instructions
SiteCoordinate,id,SITE_COORDINATES.ID,integer,,3098,"","",""
SiteCoordinate,site_id,SITE_COORDINATES.SKEY,integer,,943,"","",""
SiteCoordinate,type,SITE_COORDINATES.COORD_TYPE,string,100,start latitude,"","",""
SiteCoordinate,degrees,SITE_COORDINATES.PART1,integer,10,54,"","",""
SiteCoordinate,minutes,SITE_COORDINATES.PART2,decimal,,11.0,"","",""
SiteCoordinate,seconds,SITE_COORDINATES.PART3,decimal,,56.0,"","",""
SiteCoordinate,direction,SITE_COORDINATES.DIRECTION,string,,N,"","",""
SiteCoordinate,decimal_degrees,SITE_COORDINATES.DECIMAL_COORDINATE,decimal,,42.063611,"","",""
SiteCoordinate,decimal_is_primary,SITE_COORDINATES.DECIMAL_IS_PRIMARY,boolean,,false,"","",""
SiteCoordinate,note,SITE_COORDINATES.NOTE,string,4000,,"","",""
