model,field_name,MIMSY_field_name,field_type,field_length,field_example,emu_module,emu_column,migration_instructions
SitePermit,site_id,SITE_PERMITS.SKEY,integer,,512588,"","",""
SitePermit,permit_number,SITE_PERMITS.PERMIT_NUMBER,string,100,07-005P,"","",""
SitePermit,permit_type,SITE_PERMITS.PERMIT_TYPE,string,100,NU (class 2),"","",""
SitePermit,issued_to,SITE_PERMITS.ISSUED_TO,string,500,"Prager, Gabriella","","",""
SitePermit,issued_by,SITE_PERMITS.ISSUED_BY,string,500,Government of Nunavut,"","",""
SitePermit,date_issued,SITE_PERMITS.DATE_ISSUED,string,11,2007-04-01,"","",""
SitePermit,begin_date,SITE_PERMITS.BEGIN_DATE,string,11,2016-04-01,"","",""
SitePermit,end_date,SITE_PERMITS.END_DATE,string,11,2012-03-31,"","",""
SitePermit,note,SITE_PERMITS.NOTE,string,4000,Salvage excavation for the Baffinland Iron Mine Corporation.,"","",""
SitePermit,id,SITE_PERMITS.ID,integer,,201,"","",""
