model,field_name,MIMSY_field_name,field_type,field_length,field_example,emu_module,emu_column,migration_instructions
SiteOtherNumber,id,SITE_OTHER_NUMBERS.ID,integer,,260,"","",""
SiteOtherNumber,site_id,SITE_OTHER_NUMBERS.SKEY,integer,,9085,"","",""
SiteOtherNumber,other_number,SITE_OTHER_NUMBERS.OTHER_NUMBER,string,48,BC61-458,esites,SitOtherNumbers_tab,""
SiteOtherNumber,type,SITE_OTHER_NUMBERS.SITE_OTHNUM_TYPE,string,100,Collector field number,esites,CulDesignationType_tab,""
SiteOtherNumber,source,SITE_OTHER_NUMBERS.SOURCE,string,500,University of British Columbia,esites,CulOtherRemarks_tab,"Concatenate with note and express as ""Source: xxxx; Note: xxxx"" when present otherwise as ""Source: xxxx"""
SiteOtherNumber,note,SITE_OTHER_NUMBERS.NOTE,string,4000,"surface values, pH, etc.",esites,CulOtherRemarks_tab,"Concatenate with source and express as ""Source: xxxx; Note: xxxx"" when present otherwise ""Note: xxxx"""
