model,field_name,MIMSY_field_name,field_type,field_length,field_example,emu_module,emu_column,migration_instructions
SitePublication,id,SITES_PUBLICATIONS.AUTHLINKKEY,integer,,2542971,"","",""
SitePublication,publication_id,SITES_PUBLICATIONS.PKEY,integer,,8153,"","",""
SitePublication,site_id,SITES_PUBLICATIONS.SKEY,integer,,352562,"","",""
SitePublication,relationship,SITES_PUBLICATIONS.RELATIONSHIP,string,500,mentioned,"","",""
SitePublication,prior_attribution,SITES_PUBLICATIONS.PRIOR_ATTRIBUTION,boolean,,false,"","",""
SitePublication,illustration,SITES_PUBLICATIONS.ILLUSTRATION,boolean,,false,"","",""
SitePublication,publication,SITES_PUBLICATIONS.PUBLICATION,string,4000,"Helicoprion and Physonemus, Permian Vertebrates from the Assistance Formation, Canadian Arctic Archipelago","","",""
