model,field_name,MIMSY_field_name,field_type,field_length,field_example,emu_module,emu_column,migration_instructions
SiteMeasurement,id,SITE_MEASUREMENTS.ID,integer,,3897,"","",""
SiteMeasurement,site_id,SITE_MEASUREMENTS.SKEY,integer,,103,"","",""
SiteMeasurement,measure_type,SITE_MEASUREMENTS.MEASURE_TYPE,string,100,"temperature, water","","",""
SiteMeasurement,measure_length,SITE_MEASUREMENTS.MEASURE_LENGTH,decimal,,7.0,"","",""
SiteMeasurement,measure_width,SITE_MEASUREMENTS.MEASURE_WIDTH,decimal,,12.0,"","",""
SiteMeasurement,measure_depth,SITE_MEASUREMENTS.MEASURE_DEPTH,decimal,,3.0,"","",""
SiteMeasurement,length_unit,SITE_MEASUREMENTS.LENGTH_UNIT,string,10,ppt,"","",""
SiteMeasurement,width_unit,SITE_MEASUREMENTS.WIDTH_UNIT,string,10,m,"","",""
SiteMeasurement,depth_unit,SITE_MEASUREMENTS.DEPTH_UNIT,string,10,m,"","",""
SiteMeasurement,note,SITE_MEASUREMENTS.NOTE,string,4000,Ekman grab,"","",""
SiteMeasurement,display,SITE_MEASUREMENTS.DISPLAY,string,500,"collection depth: ,25 x ,5","","",""
SiteMeasurement,prior_attribution,SITE_MEASUREMENTS.PRIOR_ATTRIBUTION,boolean,,false,"","",""
