model,field_name,MIMSY_field_name,field_type,field_length,field_example,emu_module,emu_column,migration_instructions
TaxonVariation,id,TAXONOMY_VARIATIONS.TAXVARKEY,integer,,3639,"","",""
TaxonVariation,taxon_id,TAXONOMY_VARIATIONS.SPECKEY,integer,,1001571,"","",""
TaxonVariation,scientific_name,TAXONOMY_VARIATIONS.VARIATION,string,200,Asteraceae,"","",""
TaxonVariation,variation_type,TAXONOMY_VARIATIONS.VAR_TYPE,string,100,synonym,"","",""
TaxonVariation,attribution_type,TAXONOMY_VARIATIONS.ATTRIB_TYPE,string,100,,"","",""
TaxonVariation,attributor,TAXONOMY_VARIATIONS.ATTRIBUTOR,string,500,,"","",""
TaxonVariation,attribution_date,TAXONOMY_VARIATIONS.ATTRIB_DATE,string,11,,"","",""
TaxonVariation,attribution_source,TAXONOMY_VARIATIONS.ATTRIB_SOURCE,string,500,,"","",""
TaxonVariation,attribution_comment,TAXONOMY_VARIATIONS.ATTRIB_COMMENT,string,4000,,"","",""
TaxonVariation,note,TAXONOMY_VARIATIONS.NOTE,string,4000,<not Malmgren>,"","",""
TaxonVariation,prior_attribution,TAXONOMY_VARIATIONS.PRIOR_ATTRIBUTION,boolean,,false,"","",""
TaxonVariation,authority,TAXONOMY_VARIATIONS.AUTHORITY,string,125,Grube 1855,"","",""
