model,field_name,MIMSY_field_name,field_type,field_length,field_example,emu_module,emu_column,migration_instructions
TaxonPublication,id,TAXONOMY_PUBLICATIONS.AUTHLINKKEY,integer,,3075168,"","",""
TaxonPublication,publication_id,TAXONOMY_PUBLICATIONS.PKEY,integer,,7876,"","",""
TaxonPublication,taxon_id,TAXONOMY_PUBLICATIONS.SPECKEY,integer,,1160831,"","",""
TaxonPublication,relationship,TAXONOMY_PUBLICATIONS.RELATIONSHIP,string,500,Cypriconcha ingens,"","",""
TaxonPublication,note,TAXONOMY_PUBLICATIONS.NOTE,string,4000,nomen nudum,"","",""
TaxonPublication,prior_attribution,TAXONOMY_PUBLICATIONS.PRIOR_ATTRIBUTION,boolean,,false,"","",""
TaxonPublication,illustration,TAXONOMY_PUBLICATIONS.ILLUSTRATION,boolean,,false,"","",""
TaxonPublication,taxon_variation_id,TAXONOMY_PUBLICATIONS.TAXVARKEY,integer,,171995,"","",""
TaxonPublication,publication,TAXONOMY_PUBLICATIONS.PUBLICATION,string,4000,A taxonomic revision of North American Bosminidae.,"","",""
TaxonPublication,publication_date,TAXONOMY_PUBLICATIONS.PUBLICATION_DATE,string,4000,1980,"","",""
