model,field_name,MIMSY_field_name,field_type,field_length,field_example,emu_module,emu_column,migration_instructions
ThesaurusVariation,id,THESAURUS_VARIATIONS.THESVARKEY,integer,,191877,"","",""
ThesaurusVariation,thesaurus_id,THESAURUS_VARIATIONS.CLASS_ID,integer,,1179111,"","",""
ThesaurusVariation,variation_type,THESAURUS_VARIATIONS.VARIATION_TYPE,string,100,primary term,"","",""
ThesaurusVariation,variation,THESAURUS_VARIATIONS.VARIATION,string,500,Dirt,"","",""
ThesaurusVariation,prior_attribution,THESAURUS_VARIATIONS.PRIOR_ATTRIBUTION,boolean,,false,"","",""
