model,field_name,MIMSY_field_name,field_type,field_length,field_example,emu_module,emu_column,migration_instructions
AcquisitionCatalog,id,ACQUISITION_ITEMS.ID,integer,,432218,"","",Not mapped
AcquisitionCatalog,acquisition_id,ACQUISITION_ITEMS.AKEY,integer,,512,ecatalogue,AccAccessionLot,Not mapped. Foreign key to Acquisition.id. Attached Catalog record to Acquisition.
AcquisitionCatalog,catalog_id,ACQUISITION_ITEMS.M_ID,integer,,416273,"","",Not mapped. Foreign key to Catalog.id. Attach Catalog object to Acquisition 
AcquisitionCatalog,catalog_number,ACQUISITION_ITEMS.ID_NUMBER,string,48,CMNC 2008-0250,"","",Not mapped
AcquisitionCatalog,description,ACQUISITION_ITEMS.ITEM_SUMMARY,string,4000,"Glyphanostomum pallescens
Conlan, Kathleen E.
Arctic Ocean: Beaufort Sea
2002-9-11",ecatalogue,NotNotes,"Append to field, prefix with ""Acquisition Description: """
AcquisitionCatalog,status,ACQUISITION_ITEMS.STATUS,string,100,approved,ecatalogue,NotNotes,"Append to field, prefix with ""Acquisition Status: """
AcquisitionCatalog,status_date,ACQUISITION_ITEMS.STATUS_DATE,string,11,1996-10-01,ecatalogue,NotNotes,"Append to field, prefix with ""Acquisition Status: """
AcquisitionCatalog,accession_date,ACQUISITION_ITEMS.ACCESSION_DATE,string,11,2013-03-25,ecatalogue,NotNotes,"Append to field, prefix with ""Acquisition Date: """
AcquisitionCatalog,title_transfer_requested,ACQUISITION_ITEMS.TITLE_TRANSFER_REQUESTED,boolean,,false,"","",Not mapped
AcquisitionCatalog,transfer_date,ACQUISITION_ITEMS.TRANSFER_DATE,string,11,,"","",Not mapped
AcquisitionCatalog,total_cost,ACQUISITION_ITEMS.TOTAL_COST,string,13,0.00,"","",Not mapped
AcquisitionCatalog,item_marked,ACQUISITION_ITEMS.ITEM_MARKED,boolean,,false,ecatalogue,NotNotes,"Append to field, prefix with ""Acquisition Item Marked: """
AcquisitionCatalog,marking_method,ACQUISITION_ITEMS.MARKING_METHOD,string,500,,ecatalogue,NotNotes,"Append to field, prefix with ""Acquisition Marking Method: """
AcquisitionCatalog,reproduction_requested,ACQUISITION_ITEMS.REPRODUCTION_REQUESTED,boolean,,false,"","",Not mapped
AcquisitionCatalog,note,ACQUISITION_ITEMS.NOTE,string,4000,Collection/Expedition name: Paleozoic Fish Collection,ecatalogue,NotNotes,"Append to field, prefix with ""Acquisition Note: """
AcquisitionCatalog,flag1,ACQUISITION_ITEMS.FLAG1,boolean,,false,"","",Not mapped
AcquisitionCatalog,flag2,ACQUISITION_ITEMS.FLAG2,boolean,,false,"","",Not mapped
AcquisitionCatalog,catalogued,ACQUISITION_ITEMS.CATALOGUED,boolean,,true,"","",Not mapped
AcquisitionCatalog,id_sort,ACQUISITION_ITEMS.ID_SORT,string,4000,CMNA00020170001714,"","",Not mapped
AcquisitionCatalog,created_by,ACQUISITION_ITEMS.CREATED_BY,string,32,XGVIEWS,"","",Not mapped
AcquisitionCatalog,create_date,ACQUISITION_ITEMS.CREATE_DATE,datetime,,2017-03-30 11:26:59 UTC,"","",Not mapped
AcquisitionCatalog,updated_by,ACQUISITION_ITEMS.UPDATED_BY,string,32,JMGAGNON,"","",Not mapped
AcquisitionCatalog,update_date,ACQUISITION_ITEMS.UPDATE_DATE,datetime,,2017-02-17 08:22:50 UTC,"","",Not mapped
