model,field_name,MIMSY_field_name,field_type,field_length,field_example,emu_module,emu_column,migration_instructions
AcquisitionMedium,id,ACQUISITIONS_MEDIA.ID,integer,,912,"","",Not mapped
AcquisitionMedium,medium_id,ACQUISITIONS_MEDIA.MEDIAKEY,integer,,44218,"","",Not mapped. Foreign key to Medium.id
AcquisitionMedium,media,ACQUISITIONS_MEDIA.MEDIA,string,4000,ACQ2117_2120.jpg,eaccessionlots,MulMultiMediaRef_tab,Attach multimedia record(s) to Acquisition through 1:many Acquisition.id = AcquisitionMedium.acquisition_id and AcquisitioMedium.medium_id = Medium.id associations
AcquisitionMedium,acquisition_id,ACQUISITIONS_MEDIA.AKEY,integer,,24260,"","",Not mapped. Foreign key to Acquisition.id
AcquisitionMedium,acquisition,ACQUISITIONS_MEDIA.ACQUISITION,string,4000,1949-073,"","",Not mapped
AcquisitionMedium,note,ACQUISITIONS_MEDIA.NOTE,string,4000,"GSC photo 30823, May 3, 1915","","",Not mapped
