model,field_name,MIMSY_field_name,field_type,field_length,field_example,emu_module,emu_column,migration_instructions
Acquisition,id,ACQUISITIONS.AKEY,integer,,5306,"","",Not mapped
Acquisition,acquisition_number,ACQUISITIONS.REF_NUMBER,string,48,1900-024,eaccessionlots,AcqAcquisitionIdentifier,""
Acquisition,status,ACQUISITIONS.STATUS,string,100,approved,eaccessionlots,LotRecordType,""
Acquisition,status_date,ACQUISITIONS.STATUS_DATE,string,11,1972-08-08,"","",Not mapped
Acquisition,requested_by,ACQUISITIONS.REQUESTED_BY,string,500,"Shchepanek, M.J.",eaccessionlots,AcqRecommededBy,""
Acquisition,request_date,ACQUISITIONS.REQUEST_DATE,string,11,1933-01-05,eaccessionlots,AcqRecommendedDate,""
Acquisition,authorized_by,ACQUISITIONS.AUTHORIZED_BY,string,500,"Robinson, George",eaccessionlots,AppApprovedBy_tab,Individual people names separated by semi-colons
Acquisition,date_authorized,ACQUISITIONS.DATE_AUTHORIZED,string,11,1973-03-07,eaccessionlots,AcqDateApproved,""
Acquisition,method,ACQUISITIONS.METHOD,string,500,donation,eaccessionlots,AcqAcquisitionMethod,""
Acquisition,legal_date,ACQUISITIONS.LEGAL_DATE,string,11,1978-12-19,eaccessionlots,AcqDateOwnership,""
Acquisition,legal_date_display,ACQUISITIONS.LEGAL_DATE_DISPLAY,string,100,1983-10-13,"","",Not mapped
Acquisition,reason,ACQUISITIONS.REASON,string,4000,"Oligochaeta from Fundy National Park, New Brunswick.",eaccessionlots,AcqDescriptionOfRationale,""
Acquisition,total_requested,ACQUISITIONS.TOTAL_REQUESTED,string,4000,1,eaccessionlots,NotNotes,"Append to field, prefix with ""Total Requested: "" when present"
Acquisition,total_approved,ACQUISITIONS.TOTAL_APPROVED,integer,10,2,eaccessionlots,LotQuantity_tab,""
Acquisition,decision_reason,ACQUISITIONS.DECISION_REASON,string,4000,These specimens are suitable for display purposes.,eaccessionlots,NotNotes,"Append to field, prefix with ""Decision Reason: "" when present"
Acquisition,total_offer_price,ACQUISITIONS.TOTAL_OFFER_PRICE,decimal,,,eaccessionlots,NotNotes,"Append to file, prefix with ""Total Offer Price: "" when present"
Acquisition,total_price,ACQUISITIONS.TOTAL_PRICE,decimal,,400.0,eaccessionlots,ValPurchasePrice_tab,""
Acquisition,currency,ACQUISITIONS.CURRENCY,string,100,USD,eaccessionlots,ValPurchaseCurrency_tab,""
Acquisition,terms,ACQUISITIONS.TERMS,string,4000,File includes letter transferring title.,eaccessionlots,AcqAcquisitionRemarks,"Append to field, prefix with ""Terms: """
Acquisition,provisos,ACQUISITIONS.PROVISOS,string,4000,The donation has been made to the Canadian Museum of Nature and therefore the emerald would not end up in an Independent Quebec.,eaccessionlots,AcqRestrictionsProvisos_tab,""
Acquisition,external_file,ACQUISITIONS.EXTERNAL_FILE,string,500,Registrar's Office,eaccessionlots,NotNotes,"Append to field, prefix with ""External File: """
Acquisition,note,ACQUISITIONS.NOTE,string,4000,See also IZ1990-082.,eaccessionlots,AcqAcquisitionRemarks,""
Acquisition,collection,ACQUISITIONS.OPTION1,string,4000,Bird; Mammal,eaccessionlots,LotObjectType_tab,""
Acquisition,flag1,ACQUISITIONS.FLAG1,boolean,,false,"","",Not mapped
Acquisition,flag2,ACQUISITIONS.FLAG2,boolean,,false,"","",Not mapped
Acquisition,created_by,ACQUISITIONS.CREATED_BY,string,32,PFRANK,"","",Not mapped
Acquisition,create_date,ACQUISITIONS.CREATE_DATE,datetime,,1998-11-23 00:00:00 UTC,"","",Not mapped
Acquisition,updated_by,ACQUISITIONS.UPDATED_BY,string,32,XGVIEWS,"","",Not mapped
Acquisition,update_date,ACQUISITIONS.UPDATE_DATE,datetime,,2016-08-15 11:29:11 UTC,"","",Not mapped
