model,field_name,MIMSY_field_name,field_type,field_length,field_example,emu_module,emu_column,migration_instructions
AcquisitionSource,id,ACQUISITION_SOURCES.ID,integer,,1251,"","",Not mapped
AcquisitionSource,acquisition_id,ACQUISITION_SOURCES.AKEY,integer,,23577,"","",Not mapped. Foreign key to Acquisition.id
AcquisitionSource,person_id,ACQUISITION_SOURCES.LINK_ID,integer,,5,"","",Not mapped. Foreign key to Person.id
AcquisitionSource,person_variation_id,ACQUISITION_SOURCES.NVARKEY,integer,10,40871,"","",Not mapped
AcquisitionSource,source,ACQUISITION_SOURCES.SOURCE,string,4000,"Cone, David K.",eaccessionlots,AcqSource_tab,Attach Party record by following Person.id = AcquisitionSource.person_id association
AcquisitionSource,source_role,ACQUISITION_SOURCES.SOURCE_ROLE,string,100,donor; collector,eaccessionlots,AcqSourceRole_tab,""
AcquisitionSource,contact,ACQUISITION_SOURCES.CONTACT,string,500,Rodney Savidge,"","",Not mapped
AcquisitionSource,address,ACQUISITION_SOURCES.ADDRESS,string,500,"Université Laval
Herbier Louis-Marie
1030 avenue de la Médecine
Pavillon Charles-Eugène-Marchand
Local 0262
Québec
Québec
G1V 0A6
Canada","","",Not mapped
AcquisitionSource,amount_paid,ACQUISITION_SOURCES.AMOUNT_PAID,decimal,,,"","",Not mapped
AcquisitionSource,note,ACQUISITION_SOURCES.NOTE,string,4000,Inuit hunters,"","",Not mapped
AcquisitionSource,unlinked_value,ACQUISITION_SOURCES.UNLINKED_VALUE,string,500,geological survey,"","",Not mapped
