model,field_name,MIMSY_field_name,field_type,field_length,field_example,emu_module,emu_column,migration_instructions
Action,id,ACTIONS.ACTKEY,integer,,,"","",Not mapped
Action,actreqkey,ACTIONS.ACTREQKEY,decimal,,,"","",Not mapped
Action,table_key,ACTIONS.TABLE_KEY,integer,10,,"","",Not mapped
Action,table_name,ACTIONS.TABLE_NAME,string,32,,"","",Not mapped
Action,reference_number,ACTIONS.REFERENCE_NUMBER,string,48,,"","",Not mapped
Action,item_summary,ACTIONS.ITEM_SUMMARY,string,4000,,"","",Not mapped
Action,action_type,ACTIONS.ACTION_TYPE,string,100,,"","",Not mapped
Action,job_number,ACTIONS.JOB_NUMBER,string,48,,"","",Not mapped
Action,action_by,ACTIONS.ACTION_BY,string,500,,"","",Not mapped
Action,action_due_date,ACTIONS.ACTION_DUE_DATE,string,11,,"","",Not mapped
Action,status,ACTIONS.STATUS,string,100,,"","",Not mapped
Action,status_date,ACTIONS.STATUS_DATE,string,11,,"","",Not mapped
Action,move_to,ACTIONS.MOVE_TO,string,500,,"","",Not mapped
Action,action_completed_on,ACTIONS.ACTION_COMPLETED_ON,string,11,,"","",Not mapped
Action,note,ACTIONS.NOTE,string,4000,,"","",Not mapped
Action,private,ACTIONS.PRIVATE,boolean,,,"","",Not mapped
Action,requested_by,ACTIONS.REQUESTED_BY,string,100,,"","",Not mapped
Action,option1,ACTIONS.OPTION1,string,500,,"","",Not mapped
Action,option2,ACTIONS.OPTION2,string,500,,"","",Not mapped
Action,number1,ACTIONS.NUMBER1,decimal,,,"","",Not mapped
Action,number2,ACTIONS.NUMBER2,decimal,,,"","",Not mapped
Action,date1,ACTIONS.DATE1,string,11,,"","",Not mapped
Action,date2,ACTIONS.DATE2,string,11,,"","",Not mapped
Action,flag1,ACTIONS.FLAG1,boolean,,,"","",Not mapped
Action,flag2,ACTIONS.FLAG2,boolean,,,"","",Not mapped
Action,carryover,ACTIONS.CARRYOVER,string,4000,,"","",Not mapped
Action,created_by,ACTIONS.CREATED_BY,string,32,,"","",Not mapped
Action,create_date,ACTIONS.CREATE_DATE,datetime,,,"","",Not mapped
Action,updated_by,ACTIONS.UPDATED_BY,string,32,,"","",Not mapped
Action,update_date,ACTIONS.UPDATE_DATE,datetime,,,"","",Not mapped
