model,field_name,MIMSY_field_name,field_type,field_length,field_example,emu_module,emu_column,migration_instructions
Audit,id,AUDITS.AUDKEY,integer,,,"","",Not mapped
Audit,record_view,AUDITS.RECORD_VIEW,decimal,,,"","",Not mapped
Audit,audit_number,AUDITS.AUDIT_NUMBER,string,48,,"","",Not mapped
Audit,reason,AUDITS.AUDIT_REASON,string,4000,,"","",Not mapped
Audit,authorized_by,AUDITS.AUTHORIZED_BY,string,500,,"","",Not mapped
Audit,date_authorized,AUDITS.DATE_AUTHORIZED,string,11,,"","",Not mapped
Audit,audit_by,AUDITS.AUDIT_BY,string,500,,"","",Not mapped
Audit,begin_date,AUDITS.BEGIN_DATE,string,11,,"","",Not mapped
Audit,end_date,AUDITS.END_DATE,string,11,,"","",Not mapped
Audit,status,AUDITS.STATUS,string,100,,"","",Not mapped
Audit,status_date,AUDITS.STATUS_DATE,string,11,,"","",Not mapped
Audit,number_audited,AUDITS.NUMBER_AUDITED,integer,10,,"","",Not mapped
Audit,total_requested,AUDITS.TOTAL_REQUESTED,decimal,,,"","",Not mapped
Audit,number_missing,AUDITS.NUMBER_NOT_FOUND,integer,10,,"","",Not mapped
Audit,external_file,AUDITS.EXTERNAL_FILE,string,500,,"","",Not mapped
Audit,note,AUDITS.NOTE,string,4000,,"","",Not mapped
Audit,option1,AUDITS.OPTION1,string,4000,,"","",Not mapped
Audit,option2,AUDITS.OPTION2,string,1000,,"","",Not mapped
Audit,number1,AUDITS.NUMBER1,decimal,,,"","",Not mapped
Audit,number2,AUDITS.NUMBER2,decimal,,,"","",Not mapped
Audit,date1,AUDITS.DATE1,string,11,,"","",Not mapped
Audit,date2,AUDITS.DATE2,string,11,,"","",Not mapped
Audit,flag1,AUDITS.FLAG1,boolean,,,"","",Not mapped
Audit,flag2,AUDITS.FLAG2,boolean,,,"","",Not mapped
Audit,created_by,AUDITS.CREATED_BY,string,32,,"","",Not mapped
Audit,create_date,AUDITS.CREATE_DATE,datetime,,,"","",Not mapped
Audit,updated_by,AUDITS.UPDATED_BY,string,32,,"","",Not mapped
Audit,update_date,AUDITS.UPDATE_DATE,datetime,,,"","",Not mapped
