model,field_name,MIMSY_field_name,field_type,field_length,field_example,emu_module,emu_column,migration_instructions
CatalogMedium,id,ITEMS_MEDIA.AUTHLINKKEY,integer,,2530846,"","",Not mapped
CatalogMedium,catalog_id,ITEMS_MEDIA.MKEY,integer,,398001,"","",Not mapped. Foreign key to Catalog.id
CatalogMedium,medium_id,ITEMS_MEDIA.MEDIAKEY,integer,,51097,"","",Not mapped. Foreign key to Medium.id
CatalogMedium,sort,ITEMS_MEDIA.STEP,integer,10,1,"","",Not mapped
CatalogMedium,relationship,ITEMS_MEDIA.RELATIONSHIP,string,500,specimen,"","",Not mapped
CatalogMedium,prior_attribution,ITEMS_MEDIA.PRIOR_ATTRIBUTION,boolean,,false,"","",Not mapped
CatalogMedium,media,ITEMS_MEDIA.MEDIA,string,4000,CAN152064.jpg,ecatalogue,MulMultiMediaRef_tab,Attach multimedia record(s) to Catalogue record through 1:many Catalog.id = CatalogMedium.catalog_id and Medium.id = CatalogMedium.medium_id associations
