model,field_name,MIMSY_field_name,field_type,field_length,field_example,emu_module,emu_column,migration_instructions
CatalogPerson,id,ITEMS_PEOPLE.AUTHLINKKEY,integer,,1790837,"","",Not mapped
CatalogPerson,catalog_id,ITEMS_PEOPLE.MKEY,integer,,762015,"","",Not mapped. Foreign key to Catalog.id
CatalogPerson,person_id,ITEMS_PEOPLE.LINK_ID,integer,,100,"","",Not mapped. Foreign key to Person.id
CatalogPerson,relationship,ITEMS_PEOPLE.RELATIONSHIP,string,500,reassembled/repaired specimen,ecatalogue,AssPartyRole_tab,""
CatalogPerson,begin_date,ITEMS_PEOPLE.BEGIN_DATE,string,11,2013,ecatalogue,AssPartyStartDate0,""
CatalogPerson,end_date,ITEMS_PEOPLE.END_DATE,string,11,2014,ecatalogue,AssPartyEndDate0,""
CatalogPerson,note,ITEMS_PEOPLE.NOTE,string,4000,CMN ethnologist,ecatalogue,AssPartyRemarks_tab,""
CatalogPerson,prior_attribution,ITEMS_PEOPLE.PRIOR_ATTRIBUTION,boolean,,false,"","",Not mapped
CatalogPerson,name,ITEMS_PEOPLE.NAME,string,4000,"Danis, Gilles",ecatalogue,AssOtherParty_tab,Attach Party record through association with Catalog.id = CatalogPerson.catalog_id AND Person.id = CatalogPerson.person.id
