model,field_name,MIMSY_field_name,field_type,field_length,field_example,emu_module,emu_column,migration_instructions
CatalogPhysicalDescriptor,id,PHYSICAL_DESCRIPTORS.ID,integer,,420,"","",Not mapped
CatalogPhysicalDescriptor,catalog_id,PHYSICAL_DESCRIPTORS.MKEY,integer,,43489,"","",Not mapped. Foreign key to Catalog.id
CatalogPhysicalDescriptor,component,PHYSICAL_DESCRIPTORS.COMPONENT,string,500,preservative,ecatalogue,PreElement_tab,""
CatalogPhysicalDescriptor,descriptor,PHYSICAL_DESCRIPTORS.DESCRIPTOR,string,100,ethanol,ecatalogue,PrePreservationMedium_tab,""
CatalogPhysicalDescriptor,value,PHYSICAL_DESCRIPTORS.TERM,string,500,10%,ecatalogue,PreConcentration_tab,"Populate only if value contains a ""%"" and then strip it out"
CatalogPhysicalDescriptor,note,PHYSICAL_DESCRIPTORS.NOTE,string,4000,375 ml,ecatalogue,PreContainerSize_tab,""
