model,field_name,MIMSY_field_name,field_type,field_length,field_example,emu_module,emu_column,migration_instructions
CatalogMeasurement,id,MEASUREMENTS.ID,integer,,4873,"","",Not mapped
CatalogMeasurement,catalog_id,MEASUREMENTS.MKEY,integer,,181146,"","",Not mapped. Foreign key to Catalog.id
CatalogMeasurement,part_measured,MEASUREMENTS.PART_MEASURED,string,500,whole,ecatalogue,MeaMeasurementOf_tab,""
CatalogMeasurement,type,MEASUREMENTS.MEASUREMENT_TYPE,string,100,total length,ecatalogue,MeaMeasurementType_tab,""
CatalogMeasurement,imperial,MEASUREMENTS.IMPERIAL,boolean,,false,"","",Not mapped
CatalogMeasurement,dimension1,MEASUREMENTS.DIMENSION1,decimal,,200.0,ecatalogue,MeaOriginalStartValue_tab,"There are potentially multiple measurements across columns that need to be related and potentially parsed according to a singular type. For example, a type = ""length x width x height"" whill have values and units in dimension1, unit1, dimension2, unit2, and dimension3, unit3, respectively. These require three separate measurement records, the type for each being ""length"", ""width"", ""height"". If however, CatalogMeasurement.type contains the word ""range"" then dimension2 and unit2 become the end range value and unit."
CatalogMeasurement,unit1,MEASUREMENTS.UNIT1,string,5,mm,ecatalogue,MeaOriginalStartUnit_tab,""
CatalogMeasurement,dimension2,MEASUREMENTS.DIMENSION2,decimal,,338.0,ecatalogue,MeaOriginalStartValue_tab OR MeaOriginalEndValue_tab,See instructions in CatalogMeasurement.dimension1.
CatalogMeasurement,unit2,MEASUREMENTS.UNIT2,string,5,mm,ecatalogue,MeaOriginalStartUnit_tab OR MeaOriginalEndUnit_tab,See instructions in CatalogMeasurement.dimension1.
CatalogMeasurement,dimension3,MEASUREMENTS.DIMENSION3,decimal,,6.3,ecatalogue,MeaOriginalStartValue_tab,See instructions in CatalogMeasurement.dimension1.
CatalogMeasurement,unit3,MEASUREMENTS.UNIT3,string,5,mm,ecatalogue,MeaOriginalStartUnit_tab,See instructions in CatalogMeasurement.dimension1.
CatalogMeasurement,dimension4,MEASUREMENTS.DIMENSION4,decimal,,,ecatalogue,MeaOriginalStartValue_tab,See instructions in CatalogMeasurement.dimension1.
CatalogMeasurement,unit4,MEASUREMENTS.UNIT4,string,5,mm,ecatalogue,MeaOriginalStartUnit_tab,See instructions in CatalogMeasurement.dimension1.
CatalogMeasurement,weight1,MEASUREMENTS.WEIGHT1,decimal,,3.0,ecatalogue,MeaOriginalStartValue_tab,See instructions in CatalogMeasurement.dimension1.
CatalogMeasurement,wunit1,MEASUREMENTS.WUNIT1,string,5,kg,ecatalogue,MeaOriginalStartUnit_tab,See instructions in CatalogMeasurement.dimension1.
CatalogMeasurement,weight2,MEASUREMENTS.WEIGHT2,decimal,,,ecatalogue,MeaOriginalStartValue_tab,See instructions in CatalogMeasurement.dimension1.
CatalogMeasurement,wunit2,MEASUREMENTS.WUNIT2,string,5,kg,ecatalogue,MeaOriginalStartUnit_tab,See instructions in CatalogMeasurement.dimension1.
CatalogMeasurement,cdimension1,MEASUREMENTS.CDIMENSION1,string,4000,"18,89764","","",Not mapped
CatalogMeasurement,cunit1,MEASUREMENTS.CUNIT1,string,4000,in,"","",Not mapped
CatalogMeasurement,cdimension2,MEASUREMENTS.CDIMENSION2,string,4000,"6,77165","","",Not mapped
CatalogMeasurement,cunit2,MEASUREMENTS.CUNIT2,string,4000,in,"","",Not mapped
CatalogMeasurement,cdimension3,MEASUREMENTS.CDIMENSION3,string,4000,",24803","","",Not mapped
CatalogMeasurement,cunit3,MEASUREMENTS.CUNIT3,string,4000,in,"","",Not mapped
CatalogMeasurement,cdimension4,MEASUREMENTS.CDIMENSION4,string,4000,,"","",Not mapped
CatalogMeasurement,cunit4,MEASUREMENTS.CUNIT4,string,4000,in,"","",Not mapped
CatalogMeasurement,cweight1,MEASUREMENTS.CWEIGHT1,decimal,,1.51679,"","",Not mapped
CatalogMeasurement,cwunit1,MEASUREMENTS.CWUNIT1,string,4000,lbs,"","",Not mapped
CatalogMeasurement,cweight2,MEASUREMENTS.CWEIGHT2,decimal,,,"","",Not mapped
CatalogMeasurement,cwunit2,MEASUREMENTS.CWUNIT2,string,4000,lbs,"","",Not mapped
CatalogMeasurement,display,MEASUREMENTS.DISPLAY,string,500,213 mm,"","",Not mapped
CatalogMeasurement,note,MEASUREMENTS.NOTE,string,4000,,ecatalogue,MeaMeasurementNotes,Append to field
CatalogMeasurement,prior_attribution,MEASUREMENTS.PRIOR_ATTRIBUTION,boolean,,false,"","",Not mapped
