model,field_name,MIMSY_field_name,field_type,field_length,field_example,emu_module,emu_column,migration_instructions
CatalogPublication,id,ITEMS_PUBLICATIONS.AUTHLINKKEY,integer,,3149343,"","",Not mapped
CatalogPublication,catalog_id,ITEMS_PUBLICATIONS.MKEY,integer,,238394,"","",Not mapped. Foreign key to Catalog.id
CatalogPublication,publication_id,ITEMS_PUBLICATIONS.PKEY,integer,,1238,"","",Not mapped. Foreign key to Publication.id
CatalogPublication,relationship,ITEMS_PUBLICATIONS.RELATIONSHIP,string,500,figured,ecatalogue,RefKind_tab,""
CatalogPublication,plate_figure,ITEMS_PUBLICATIONS.POSITION,string,500,13 figs.,ecatalogue,RefPageFigurePlate_tab,"Append to field, prefix with ""Plate/Figure:"""
CatalogPublication,note,ITEMS_PUBLICATIONS.NOTE,string,4000,,ecatalogue,RefBibliographyNotes0,""
CatalogPublication,prior_attribution,ITEMS_PUBLICATIONS.PRIOR_ATTRIBUTION,boolean,,false,"","",Not mapped
CatalogPublication,illustated,ITEMS_PUBLICATIONS.ILLUSTRATION,boolean,,false,"","",Not mapped
CatalogPublication,pages,ITEMS_PUBLICATIONS.PAGES,string,100,14,ecatalogue,RefPageFigurePlate_tab,"Append to field, prefix with ""Pages:"""
CatalogPublication,publication,ITEMS_PUBLICATIONS.PUBLICATION,string,4000,"Sowunmi, M.A. 1972. Rev. Palaeobot. Palynol. 13:1-80.; Moore, H.E. Jr. 1973. The major groups of palms and their distribution. Gentes Herbarum 11(2):27-141.",ecatalogue,BibBibliography_tab,Attach bibliographic record through Catalog.id = CatalogPublication.catalog_id and Publication.id = CatalogPublication.publication_id 1:many associations
CatalogPublication,publication_date,ITEMS_PUBLICATIONS.PUBLICATION_DATE,string,4000,1998,"","",Not mapped
