model,field_name,MIMSY_field_name,field_type,field_length,field_example,emu_module,emu_column,migration_instructions
CatalogCollector,id,ITEMS_COLLECTORS.AUTHLINKKEY,integer,,2881450,"","",Not mapped
CatalogCollector,catalog_id,ITEMS_COLLECTORS.MKEY,integer,,586663,"","",Not mapped. Foreign key to Catalog.id
CatalogCollector,person_id,ITEMS_COLLECTORS.LINK_ID,integer,,15802,"","",Not mapped. Foreign key to Person.id
CatalogCollector,relationship,ITEMS_COLLECTORS.RELATIONSHIP,string,500,collector,ecollectionevents,ColParticipantRole_tab,""
CatalogCollector,affiliation,ITEMS_COLLECTORS.AFFILIATION,string,500,collector,ecollectionevents,NotNotes,"Append to field, prefix with CatalogCollector.name "" - "" Affliation: "
CatalogCollector,position,ITEMS_COLLECTORS.POSITION,string,500,,ecollectionevents,NotNotes,"Append to field, prefix with CatalogCollector.name "" - "" Position: "
CatalogCollector,attributor,ITEMS_COLLECTORS.ATTRIBUTOR,string,500,,ecollectionevents,NotNotes,"Append to field, prefix with CatalogCollector.name "" - "" Attributor: "
CatalogCollector,attribution_date,ITEMS_COLLECTORS.ATTRIB_DATE,string,11,,ecollectionevents,NotNotes,"Append to field, prefix with CatalogCollector.name "" - "" Attribution Date: "
CatalogCollector,attribution_comment,ITEMS_COLLECTORS.ATTRIB_COMMENT,string,4000,,ecollectionevents,NotNotes,"Append to field, prefix with CatalogCollector.name "" - "" Attribution Comment: "
CatalogCollector,note,ITEMS_COLLECTORS.NOTE,string,4000,via D.Monty Wood,ecollectionevents,NotNotes,"Append to field, prefix with CatalogCollector.name "" - "" Note: "
CatalogCollector,option1,ITEMS_COLLECTORS.OPTION1,string,4000,,"","",Not mapped
CatalogCollector,prior_attribution,ITEMS_COLLECTORS.PRIOR_ATTRIBUTION,boolean,,false,"","",Not mapped
CatalogCollector,person_variation_id,ITEMS_COLLECTORS.NVARKEY,integer,,39308,"","",Not mapped. Foreign key to PersonVariation.id
CatalogCollector,name,ITEMS_COLLECTORS.NAME,string,4000,"Brodo, Irwin M.",ecatalogue,ColParticipant_tab,Populate Party attachment through association Catalog.id = CatalogCollector.catalog_id AND CatalogCollector.person_id = Person.id
