model,field_name,MIMSY_field_name,field_type,field_length,field_example,emu_module,emu_column,migration_instructions
CatalogSite,id,ITEMS_SITES.AUTHLINKKEY,integer,,3595648,"","",Not mapped
CatalogSite,catalog_id,ITEMS_SITES.MKEY,integer,,351440,"","",Not mapped. Foreign key to Catalog.id
CatalogSite,site_id,ITEMS_SITES.SKEY,integer,,582736,"","",Not mapped. Foreign key to Site.id
CatalogSite,specific_locale,ITEMS_SITES.SPECIFIC_LOCALE,string,500,,"","",Not mapped. Data come from the Site record itself through the CatalogSite.site_id  = Site.id association. The should only be one Site record per Catalog record.
CatalogSite,habitat,ITEMS_SITES.HABITAT,string,500,,"","",Not mapped
CatalogSite,relationship,ITEMS_SITES.RELATIONSHIP,string,500,,"","",Not mapped
CatalogSite,position,ITEMS_SITES.POSITION,string,500,,"","",Not mapped
CatalogSite,note,ITEMS_SITES.NOTE,string,4000,,"","",Not mapped
CatalogSite,prior_attribution,ITEMS_SITES.PRIOR_ATTRIBUTION,boolean,,false,"","",Not mapped
CatalogSite,site,ITEMS_SITES.SITE,string,4000,P8461,"","",Not mapped
CatalogSite,start_latitude,ITEMS_SITES.START_LATITUDE,string,4000,"60,85","","",Not mapped
CatalogSite,start_longitude,ITEMS_SITES.START_LONGITUDE,string,4000,"-127,5437","","",Not mapped
CatalogSite,end_latitude,ITEMS_SITES.END_LATITUDE,string,4000,"134,776","","",Not mapped
CatalogSite,end_longitude,ITEMS_SITES.END_LONGITUDE,string,4000,"-64,5","","",Not mapped
