model,field_name,MIMSY_field_name,field_type,field_length,field_example,emu_module,emu_column,migration_instructions
CatalogTitle,id,TITLES.ID,integer,,927765,"","",Not mapped
CatalogTitle,catalog_id,TITLES.MKEY,integer,,332456,"","",Not mapped. Foreign key to Catalog.id
CatalogTitle,prior_title,TITLES.PRIOR_TITLE,boolean,,false,"","",Not mapped
CatalogTitle,type,TITLES.TNA_TYPE,string,100,title,ecatalogue,NotNotes,"Append concatenation of type, title, attributor, attribution_date fields as key:value pairs, separated by semi-colons and prefixed by ""Specimen Name - "" for Catalog.collection = ""NU Fossil Vertebrate"" or ""NU Arachaeology"" where these should be prefixed by ""Artifact Name -"""
CatalogTitle,title,TITLES.TITLE,string,500,ventral shield,"","",See CatalogTitle.tyoe for instructions
CatalogTitle,attributor,TITLES.ATTRIBUTOR,string,500,,"","",See CatalogTitle.tyoe for instructions
CatalogTitle,attribution_date,TITLES.ATTRIB_DATE,string,11,,"","",See CatalogTitle.tyoe for instructions
