model,field_name,MIMSY_field_name,field_type,field_length,field_example,emu_module,emu_column,migration_instructions
CatalogTaxon,id,ITEMS_TAXONOMY.AUTHLINKKEY,integer,,3907,"","",Not mapped
CatalogTaxon,catalog_id,ITEMS_TAXONOMY.MKEY,integer,,931,"","",Not mapped. Foreign key to Catalog.id
CatalogTaxon,taxon_id,ITEMS_TAXONOMY.SPECKEY,integer,,502620,"","",Not mapped. Foreign key to Taxon.id. Content here is only relevant when there are 2+ associated Taxon records through CatalogTaxon.taxon_id = Taxon.id. Must use type_status or relationship to uncover the nature of the relationship to attach Other Associated Taxa. 
CatalogTaxon,sort,ITEMS_TAXONOMY.STEP,integer,10,,"","",Not mapped
CatalogTaxon,relationship,ITEMS_TAXONOMY.RELATIONSHIP,string,500,,"","","If contains any value, then also follow instructions indicated in CatalogTaxon.taxon_id. Value here is also to be placed in ecatalogue::OthNatureOfAssociation_tab"
CatalogTaxon,type_status,ITEMS_TAXONOMY.AFFILIATION,string,500,HOLOTYPE,ecatalogue,OthNatureOfAssociation_tab,"If type_status = ""associated species"" || ""host"" || ""nest parasite"" || ""parasite"" || ""secondary specimen"""
CatalogTaxon,attribution_type,ITEMS_TAXONOMY.ATTRIB_TYPE,string,100,,ecatalogue,OthNotes_tab,"Append to field, prefix with ""Attribution Type: """
CatalogTaxon,identified_by,ITEMS_TAXONOMY.ATTRIBUTOR,string,500,"Wong, Pak Yau",ecatalogue,OthDeterminedBy_tab,""
CatalogTaxon,date_identified,ITEMS_TAXONOMY.ATTRIB_DATE,string,11,1981-11-05,ecatalogue,OthDeterminationDate0,""
CatalogTaxon,attribution_source,ITEMS_TAXONOMY.ATTRIB_SOURCE,string,500,,ecatalogue,OthNotes_tab,"Append to field, prefix with ""Attribution Source: """
CatalogTaxon,identifier_comment,ITEMS_TAXONOMY.ATTRIB_COMMENT,string,4000,A,ecatalogue,OthNotes_tab,"Append to field, prefix with ""Identifier Comment: """
CatalogTaxon,note,ITEMS_TAXONOMY.NOTE,string,4000,specimens marked B,ecatalogue,OthNotes_tab,Append to field
CatalogTaxon,prior_attribution,ITEMS_TAXONOMY.PRIOR_ATTRIBUTION,boolean,,false,"","",Not mapped
CatalogTaxon,taxon_variation_id,ITEMS_TAXONOMY.TAXVARKEY,integer,,50,"","",Not mapped
CatalogTaxon,type_specimen,ITEMS_TAXONOMY.TYPE_SPECIMEN,boolean,,false,"","","If checked, this is a type specimen in which case ecatalogue::DetTypeStatus_tab = CatalogTaxon.type_status"
CatalogTaxon,scientific_name,ITEMS_TAXONOMY.TAXONOMY,string,4000,Erpobdella punctata,"","",Not mapped
CatalogTaxon,higher_taxonomy,ITEMS_TAXONOMY.BROADER_TEXT,string,4000,Animalia; Annelida; Oligochaeta; Microdrillida; Haplotaxida; Tubificina; Tubificoidea; Tubificidae; Ilyodrilus,"","",Not mapped
