model,field_name,MIMSY_field_name,field_type,field_length,field_example,emu_module,emu_column,migration_instructions
CatalogLegalStatus,id,LEGAL_STATUS.ID,integer,,343,"","",Not mapped
CatalogLegalStatus,catalog_id,LEGAL_STATUS.MKEY,integer,,831,"","",Not mapped. Foreign key to Catalog.id
CatalogLegalStatus,current_record,LEGAL_STATUS.CURRENT_RECORD,boolean,,true,"","",Not mapped
CatalogLegalStatus,legal_status,LEGAL_STATUS.LEGAL_STATUS,string,24,permanent collection,ecatalogue,ManLegalStatus,"Also create and attach a Rights record, populate erights::RigStatus"
CatalogLegalStatus,status_date,LEGAL_STATUS.STATUS_DATE,string,11,,ecatalogue,LegDateGranted0,""
CatalogLegalStatus,owner,LEGAL_STATUS.OWNER,string,100,Canadian Museum of Nature,erights,RigOwnership,""
CatalogLegalStatus,physical_holder,LEGAL_STATUS.PHYSICAL_HOLDER,string,100,Canadian Museum of Nature,ecatalogue,NotNotes,"If CatalogLegalStatus.current_record = true, append to field & prefix with ""Legal Status Physical Holder: """
CatalogLegalStatus,department,LEGAL_STATUS.DEPARTMENT,string,500,Annelid,"","",Not mapped
CatalogLegalStatus,collection,LEGAL_STATUS.COLLECTION,string,500,Fossils,"","",Not mapped
CatalogLegalStatus,note,LEGAL_STATUS.NOTE,string,4000,,ecatalogue,NotNotes,"If CatalogLegalStatus.current_record = true, append to field & prefix with ""Legal Status Note: """
