model,field_name,MIMSY_field_name,field_type,field_length,field_example,emu_module,emu_column,migration_instructions
CatalogPlace,id,ITEMS_PLACES.AUTHLINKKEY,integer,,3401405,"","",Not mapped
CatalogPlace,catalog_id,ITEMS_PLACES.MKEY,integer,,732178,"","",Not mapped. Foreign key to Catalog.id
CatalogPlace,place_id,ITEMS_PLACES.PLACEKEY,integer,,782,"","",Not mapped. Foreign key to Place.id
CatalogPlace,relationship,ITEMS_PLACES.RELATIONSHIP,string,500,,"","",Not mapped
CatalogPlace,prior_attribution,ITEMS_PLACES.PRIOR_ATTRIBUTION,boolean,,false,"","",Not mapped
CatalogPlace,place,ITEMS_PLACES.PLACE,string,4000,"North America: Canada, Ontario, Renfrew Co. (ON), Muskrat Lake","","","If there is no corresponding CatalogCollectionPlace record for the linked Catalog record, then use this as the Place record. Not that there are very few CatalogPlace records and in all likelihood, there is already a CatalogCollectionPlace record."
