model,field_name,MIMSY_field_name,field_type,field_length,field_example,emu_module,emu_column,migration_instructions
CatalogComponent,id,COMPONENTS.ID,integer,,3689,"","",Not mapped
CatalogComponent,catalog_id,COMPONENTS.MKEY,integer,,6124,"","",Not mapped. Foreign key to Catalog.id
CatalogComponent,component,COMPONENTS.COMPONENT,string,500,whole specimen(s),ecatalogue,NotNotes,"Append to field, concatenate all fields together on single line as Field Name: Value;"
CatalogComponent,quantity,COMPONENTS.QUANTITY,integer,10,1,"","",Not mapped. See CatalogComponet.component.
CatalogComponent,location,COMPONENTS.LOCATION,string,200,,"","",Not mapped. See CatalogComponet.component.
CatalogComponent,location_date,COMPONENTS.LOCATION_DATE,string,11,,"","",Not mapped. See CatalogComponet.component.
CatalogComponent,condition,COMPONENTS.CONDITION,string,200,,"","",Not mapped. See CatalogComponet.component.
CatalogComponent,condition_date,COMPONENTS.CONDITION_DATE,string,11,,"","",Not mapped. See CatalogComponet.component.
CatalogComponent,note,COMPONENTS.NOTE,string,4000,original QTY: 100+,"","",Not mapped. See CatalogComponet.component.
