model,field_name,MIMSY_field_name,field_type,field_length,field_example,emu_module,emu_column,migration_instructions
CatalogOtherMeasurement,id,OTHER_MEASUREMENTS.ID,integer,,20706,"","",Not mapped
CatalogOtherMeasurement,catalog_id,OTHER_MEASUREMENTS.MKEY,integer,,771534,"","",Not mapped. Foreign key to Catalog.id
CatalogOtherMeasurement,part_measured,OTHER_MEASUREMENTS.PART_MEASURED,string,500,count,ecatalogue,MeaMeasurementOf_tab,""
CatalogOtherMeasurement,type,OTHER_MEASUREMENTS.OM_TYPE,string,100,species abundance,ecatalogue,MeaMeasurementType_tab,""
CatalogOtherMeasurement,measurement,OTHER_MEASUREMENTS.MEASUREMENT,decimal,,675.0,ecatalogue,MeaOriginalStartValue_tab,""
CatalogOtherMeasurement,unit,OTHER_MEASUREMENTS.UNIT,string,100,/m2,ecatalogue,MeaOriginalStartUnit_tab,""
CatalogOtherMeasurement,size,OTHER_MEASUREMENTS.SIZE_MEASURE,string,500,large,ecatalogue,MeaOriginalStartValue_tab,"Create a new measurement record with ecatalogue::MeaMeasurementType_tab = ""size"""
CatalogOtherMeasurement,note,OTHER_MEASUREMENTS.NOTE,string,4000,specimen #2,ecatalogue,MeaMeasurementNotes,Append to field
CatalogOtherMeasurement,prior_attribution,OTHER_MEASUREMENTS.PRIOR_ATTRIBUTION,boolean,,false,"","",Not mapped
