model,field_name,MIMSY_field_name,field_type,field_length,field_example,emu_module,emu_column,migration_instructions
Catalog,id,CATALOGUE.MKEY,integer,,974,"","",Not mapped
Catalog,language,CATALOGUE.LANGUAGE,string,3,eng,"","",Not mapped
Catalog,catalog_number,CATALOGUE.ID_NUMBER,string,48,CANL 97054,ecatalogue,CatId,""
Catalog,collection_code,CATALOGUE.ID_PREFIX,string,6,CANL,ecatalogue,CatPrefix,""
Catalog,collection,CATALOGUE.CATEGORY1,string,100,Lichen,ecatalogue,CatCollection,""
Catalog,scientific_name,CATALOGUE.ITEM_NAME,string,500,Ahtiana sphaerosporella,ecatalogue,DetVerbatim_tab,""
Catalog,specimen_name,CATALOGUE.TITLE,string,500,dorsal shield,ecatalogue,CatObjectTitle,""
Catalog,maker,CATALOGUE.MAKER,string,500,,ecatalogue,ProMaker_tab,""
Catalog,collector,CATALOGUE.COLLECTOR,string,500,"Schofield, Wilfred B.","","",Not mapped. See CatalogCollector
Catalog,place_collected,CATALOGUE.PLACE_COLLECTED,string,500,"North America: Canada, British Columbia, Newcastle Land Distr., Qualicum Beach","","",Not mapped. See CatalogCollectionPlace.
Catalog,date_collected,CATALOGUE.DATE_COLLECTED,string,500,1959-08-18,ecatalogue,ColDateVisitedFromLocal & ColDateVisitedToLocal,Parse range of date_collected when present to populate both fields
Catalog,place_made,CATALOGUE.PLACE_MADE,string,500,,ecatalogue,ProManufactureLocationMint_tab,""
Catalog,site,CATALOGUE.SITE,string,500,ELB 1961 A175: NMC61-0163,"","",Not mapped. See CatalogSite
Catalog,culture,CATALOGUE.CULTURE,string,500,,ecatalogue,ProCulturalAffiliation_tab,""
Catalog,date_made,CATALOGUE.DATE_MADE,string,500,,ecatalogue,NotNotes,"Append to field, prefix with ""Date Made: """
Catalog,specimen_nature,CATALOGUE.MATERIALS,string,500,dry; pinned,ecatalogue,CatSpecimenNature,"If contains text ""fluid"" || ""jar"" || ""tank"" || ""slide"", see CatalogPhysicalDescriptor"
Catalog,sex,CATALOGUE.SEX,string,500,male,ecatalogue,PreSex_tab,""
Catalog,geologic_age,CATALOGUE.AGE,string,500,Devonian (Peel Sound Fm.),ecatalogue,NotNotes,"Append to field, prefix with ""Geologic Age: """
Catalog,stage,CATALOGUE.STAGE,string,500,adult,ecatalogue,PreStage_tab,""
Catalog,measurements,CATALOGUE.MEASUREMENTS,string,500,"25 ft. tree, dbh ca. 20 in.","","",Not mapped. See CatalogMeasurement
Catalog,description,CATALOGUE.DESCRIPTION,string,4000,"Color: Dark-brown variety; 2 specimens sectioned: transverse=9 slides, frontal =6 slides",ecatalogue,NotNotes,"Append to field, prefix with ""Description: """
Catalog,acquisition_number,CATALOGUE.CREDIT_LINE,string,500,1980-384,ecatalogue,AccAccessionLot,"Linkout to the acquisition is determined with a join, Catalog.id => AquisitionCatalog.catalog_id / AcquisitionCatalog.acquistion_id => Aquisition.id. However, there are approx. 1200 instances where a catalog record has a value in this acqusition_number field but does not have a corresponding entry in the AcquisitionCatalog table (e.g. 1977-341, 00797, etc.). Please create an acquisition record for these cases (i.e. use acquisition_number here to populate a new eaccessionlots::AcqAcquisitionIdentifier) and link the catalog record to this acquisition."
Catalog,item_count,CATALOGUE.ITEM_COUNT,integer,10,1,ecatalogue,PreTotalSpecimenCount,""
Catalog,system_count,CATALOGUE.SYSTEM_COUNT,integer,10,,"","",Not mapped
Catalog,parent_key,CATALOGUE.PARENT_KEY,integer,10,,ecatalogue,ParParent_tab,Create attachment to parent through Catalog.id = Catalog.parent_key
Catalog,broader_text,CATALOGUE.BROADER_TEXT,string,4000,,"","",Not mapped
Catalog,whole_part,CATALOGUE.WHOLE_PART,string,100,whole,"","",Not mapped
Catalog,home_location,CATALOGUE.HOME_LOCATION,string,500,Natural Heritage Building/ Herbarium,ecatalogue,CatHomeLocation,""
Catalog,note,CATALOGUE.NOTE,string,4000,"Specimen remarks: CD=19850000;19640526; HABTA=marine;parasitic; GREM=Condition poor.; ER=Gills mentioned as attachment site in publication; Idr: Moore, J. Percy, 1898; General remarks: Spec. cat: voucher; Citation: Moore, J.P., 1898. The leeches of the U.S. National Museum. Proceedings of the U.S. National Museum, 21:543-563, 1 plate.;  Host Details: Fish caught while fishing for food through hole in ice; Host catalogue numbers: 33924 (male) and 33922 (female)",ecatalogue,NotNotes,Append to field.
Catalog,language_of_material,CATALOGUE.LANGUAGE_OF_MATERIAL,string,100,eng,"","",Not mapped
Catalog,option1,CATALOGUE.OPTION1,string,4000,"Remarks: referred to Nephtys paradoxa Malm, 1874 by Pettibone (1963).","","",Not mapped
Catalog,option2,CATALOGUE.OPTION2,string,2000,,"","",Not mapped
Catalog,option3,CATALOGUE.OPTION3,string,500,skin,"","",Not mapped
Catalog,option4,CATALOGUE.OPTION4,string,500,"Original collector: Dale, J.E.","","",Not mapped
Catalog,option5,CATALOGUE.OPTION5,string,500,,"","",Not mapped
Catalog,option6,CATALOGUE.OPTION6,string,500,,"","",Not mapped
Catalog,option7,CATALOGUE.OPTION7,string,500,,"","",Not mapped
Catalog,flag1,CATALOGUE.FLAG1,boolean,,false,"","",Not mapped
Catalog,flag2,CATALOGUE.FLAG2,boolean,,false,"","",Not mapped
Catalog,flag3,CATALOGUE.FLAG3,boolean,,false,"","",Not mapped
Catalog,gbif,CATALOGUE.FLAG4,boolean,,false,"","",Not mapped
Catalog,publish,CATALOGUE.PUBLISH,boolean,,true,ecatalogue,AdmPublishWebNoPassword,"If value is false or null, mark both Publish on Internet and Intranet as No; if value is true, mark both as Yes."
Catalog,loan_allowed,CATALOGUE.LOAN_ALLOWED,boolean,,false,ecatalogue,ManLoanAllowed,"Set Yes if value is true, set No if value is false"
Catalog,offsite,CATALOGUE.OFFSITE,boolean,,false,"","","Not mapped. However, if Catalogue object is on active loan or event, make either ManOnExhibit or ManOnLoan = ""Yes"""
Catalog,create_date,CATALOGUE.CREATE_DATE,datetime,,2008-01-22 11:46:07 UTC,ecatalogue,AdtDate_tab,"Populate single record in audit trail with Operation (AdtOperation_tab) = ""Created record"""
Catalog,created_by,CATALOGUE.CREATED_BY,string,32,CONVERSION,ecatalogue,AdtUser_tab,""
Catalog,update_date,CATALOGUE.UPDATE_DATE,datetime,,2017-11-20 17:14:54 UTC,"","",Not mapped
Catalog,updated_by,CATALOGUE.UPDATED_BY,string,32,ANACTORIA,"","",Not mapped
Catalog,location,CATALOGUE.LOCATION,string,4000,Natural Heritage Building/ Herbarium,"","",Not mapped. See Location mapping.
Catalog,location_date,CATALOGUE.LOCATION_DATE,string,4000,2009-02-05,"","",Not mapped
Catalog,location_levels,CATALOGUE.LOCATION_LEVELS,string,4000,,"","",Not mapped.
Catalog,condition,CATALOGUE.CONDITION,string,4000,very good,ecatalogue,ConConditionDetails,""
Catalog,condition_date,CATALOGUE.CONDITION_DATE,string,4000,2010-03-23,ecatalogue,ConDateChecked,""
Catalog,valuation,CATALOGUE.VALUATION,string,4000,,"","",Not mapped. See Valuation.
Catalog,valuation_date,CATALOGUE.VALUATION_DATE,string,4000,,"","",Not mapped. See Valuation
Catalog,legal_status,CATALOGUE.LEGAL_STATUS,string,4000,permanent collection,ecatalogue,ManLegalStatus,""
Catalog,uuid,CATALOGUE.UUID,string,36,9ce05fd8-9101-1014-2097-979b13be0b65,ecatalogue,AdmGUIDValue_tab,"Set ecatalogue.AdmGUIDUIsPreferred_tab to ""Yes"" and ecatalogue.AdmGUIDType_tab = ""UUID4"""
