model,field_name,MIMSY_field_name,field_type,field_length,field_example,emu_module,emu_column,migration_instructions
CatalogTerm,id,ITEMS_TERMS.AUTHLINKKEY,integer,,3717303,"","",Not mapped
CatalogTerm,catalog_id,ITEMS_TERMS.MKEY,integer,,791755,"","",Not mapped. Foreign key to Catalog.id
CatalogTerm,thesaurus_id,ITEMS_TERMS.CLASS_ID,integer,,1178959,"","",Not mapped. Foreign key to Thesaurus.id
CatalogTerm,type_specimen,ITEMS_TERMS.TYPE_SPECIMEN,boolean,,false,"","",Not mapped
CatalogTerm,relationship,ITEMS_TERMS.RELATIONSHIP,string,500,typological classification,"","",Not mapped
CatalogTerm,prior_attribution,ITEMS_TERMS.PRIOR_ATTRIBUTION,boolean,,false,"","",Not mapped
CatalogTerm,term,ITEMS_TERMS.TERM,string,4000,Quartzite,"","",Not mapped
CatalogTerm,broader_text,ITEMS_TERMS.BROADER_TEXT,string,4000,Artifacts; Artifacts of Uncertain or Varied Use; Multipurpose Artifacts; Chipped Stone Tool; Debitage,"","",Not mapped
