model,field_name,MIMSY_field_name,field_type,field_length,field_example,emu_module,emu_column,migration_instructions
CatalogEvent,id,ITEMS_EVENTS.AUTHLINKKEY,integer,,3039829,"","",Not mapped
CatalogEvent,catalog_id,ITEMS_EVENTS.MKEY,integer,,403951,"","",Not mapped. Foreign key to Catalog.id
CatalogEvent,event_id,ITEMS_EVENTS.VKEY,integer,,85,"","",Not mapped. Foreign key to Event.id
CatalogEvent,relationship,ITEMS_EVENTS.RELATIONSHIP,string,500,,"","",Not mapped
CatalogEvent,begin_date,ITEMS_EVENTS.BEGIN_DATE,string,11,1921,"","",Not mapped
CatalogEvent,end_date,ITEMS_EVENTS.END_DATE,string,11,1951,"","",Not mapped
CatalogEvent,prior_attribution,ITEMS_EVENTS.PRIOR_ATTRIBUTION,boolean,,false,"","",Not mapped
CatalogEvent,event,ITEMS_EVENTS.EVENT,string,4000,Plants from Arctic Canada.  The 5th Thule Expedition 1921-24.,eevents,ObjAttachedObjects_tab,Attach Catalog record to parent Event record through CatalogEvent.event_id = Event.id association.
