model,field_name,MIMSY_field_name,field_type,field_length,field_example,emu_module,emu_column,migration_instructions
CatalogAccessory,id,ACCESSORIES.ID,integer,,1424,"","",Not mapped
CatalogAccessory,catalog_id,ACCESSORIES.MKEY,integer,,407248,"","",Not mapped. Foreign key to Catalog.id
CatalogAccessory,accessory,ACCESSORIES.ACCESSORY,string,500,drawings,ecatalogue,AssAccessory_tab,""
CatalogAccessory,quantity,ACCESSORIES.QUANTITY,integer,10,1,ecatalogue,AssStorageRemarks_tab,"Append to field, prefix with ""Quantity: """
CatalogAccessory,location,ACCESSORIES.LOCATION,string,200,unknown,ecatalogue,AssStorageRemarks_tab,"Append to field, prefix with ""Location: """
CatalogAccessory,location_date,ACCESSORIES.LOCATION_DATE,string,11,2014-07-08,ecatalogue,AssStorageRemarks_tab,"Append to field, prefix with ""Location Date: """
CatalogAccessory,condition_date,ACCESSORIES.CONDITION_DATE,string,11,1979-09-07,ecatalogue,AssStorageRemarks_tab,"Append to field, prefix with ""Condition Date: """
CatalogAccessory,note,ACCESSORIES.NOTE,string,4000,6,ecatalogue,AssStorageRemarks_tab,"Append to field, prefix with ""Note: """
