model,field_name,MIMSY_field_name,field_type,field_length,field_example,emu_module,emu_column,migration_instructions
CatalogCollectionPlace,id,ITEMS_PLACES_COLLECTED.AUTHLINKKEY,integer,,3612548,"","",Not mapped
CatalogCollectionPlace,catalog_id,ITEMS_PLACES_COLLECTED.MKEY,integer,,593860,"","",Not mapped. Foreign key to Catalog.id
CatalogCollectionPlace,place_id,ITEMS_PLACES_COLLECTED.PLACEKEY,integer,,10784,"","",Not mapped. Foreign key to Place.id
CatalogCollectionPlace,specific_locale,ITEMS_PLACES_COLLECTED.SPECIFIC_LOCALE,string,500,,esites,LocPreciseLocation,""
CatalogCollectionPlace,habitat,ITEMS_PLACES_COLLECTED.HABITAT,string,500,,ecollectionevents,SamNotes_tab,"Append to field, prefix with ""Habitat: """
CatalogCollectionPlace,relationship,ITEMS_PLACES_COLLECTED.RELATIONSHIP,string,500,,"","",Not mapped
CatalogCollectionPlace,portion,ITEMS_PLACES_COLLECTED.PORTION,string,500,,"","",Not mapped
CatalogCollectionPlace,attributor,ITEMS_PLACES_COLLECTED.ATTRIBUTOR,string,500,,"","",Not mapped
CatalogCollectionPlace,attribution_date,ITEMS_PLACES_COLLECTED.ATTRIB_DATE,string,11,,"","",Not mapped
CatalogCollectionPlace,attribution_comment,ITEMS_PLACES_COLLECTED.ATTRIB_COMMENT,string,4000,,"","",Not mapped
CatalogCollectionPlace,note,ITEMS_PLACES_COLLECTED.NOTE,string,4000,,ecollectionevents,NotNotes,""
CatalogCollectionPlace,prior_attribution,ITEMS_PLACES_COLLECTED.PRIOR_ATTRIBUTION,boolean,,false,"","",Not mapped
CatalogCollectionPlace,place_variation_id,ITEMS_PLACES_COLLECTED.PLACEVARKEY,integer,10,,"","",Not mapped
CatalogCollectionPlace,place,ITEMS_PLACES_COLLECTED.PLACE,string,4000,"North America: Canada, Alberta","","","Not mapped. However, Locality Details panel in Sites is populated through several 1:many joins. See Place.name for instuctions."
