model,field_name,MIMSY_field_name,field_type,field_length,field_example,emu_module,emu_column,migration_instructions
CatalogOtherNumber,id,OTHER_NUMBERS.ID,integer,,4075,"","",Not mapped
CatalogOtherNumber,catalog_id,OTHER_NUMBERS.MKEY,integer,,8046,"","",Not mapped. Foreign key to Catalog.id
CatalogOtherNumber,other_number,OTHER_NUMBERS.OTHER_NUMBER,string,48,0601,ecatalogue,ManPreviousAccessionNumber OR ,"Only populate ManPreviousAccessionNumber if CatalogOtherNumber.type = ""stamped CMN accession number"". Otherwise, populate CatOtherNumberValue_tab."
CatalogOtherNumber,type,OTHER_NUMBERS.ON_TYPE,string,100,collector no./field no.,ecatalogue,CatOtherNumberType_tab,""
CatalogOtherNumber,source,OTHER_NUMBERS.SOURCE,string,500,Tibell: Caliciales Exs.,ecatalogue,CatOtherNumberAuthority_tab,""
CatalogOtherNumber,note,OTHER_NUMBERS.NOTE,string,4000,CANL 112518 WAS CHANGED BY Micheline Bouchard ON 2000-03-09,ecatalogue,CatOtherNumberNotes_tab,""
