model,field_name,MIMSY_field_name,field_type,field_length,field_example,emu_module,emu_column,migration_instructions
CatalogName,id,ITEM_NAMES.ID,integer,,2227,"","",Not mapped
CatalogName,catalog_id,ITEM_NAMES.MKEY,integer,,1749,"","",Not mapped. Foreign key to Catalog.id
CatalogName,prior_name,ITEM_NAMES.PRIOR_NAME,boolean,,false,"","","If true, ecatalogue::DetCurrentLabelName_tab = No; if false, ecatalogue::DetCurrentLabelName_tab = Yes"
CatalogName,type,ITEM_NAMES.TNA_TYPE,string,100,scientific name,ecatalogue,DetIdentityType_tab,""
CatalogName,scientific_name,ITEM_NAMES.ITEM_NAME,string,500,Glyphanostomum pallescens,ecatalogue,DetVerbatim_tab,There is no functional link to Taxonomy from CatalogName.
CatalogName,attribution_type,ITEM_NAMES.ATTRIB_TYPE,string,100,,ecatalogue,DetNameNotes_tab,"Append to field, prefix with ""Attribution Type: "" when present"
CatalogName,attributor,ITEM_NAMES.ATTRIBUTOR,string,500,"Aiken, Susan",ecatalogue,DetDeterminer_nesttab,""
CatalogName,attribution_date,ITEM_NAMES.ATTRIB_DATE,string,11,1976-02-00,ecatalogue,DetDate0,""
CatalogName,attribution_source,ITEM_NAMES.ATTRIB_SOURCE,string,500,Studies in ARMERIA Wild.,ecatalogue,DetNameNotes_tab,"Append to field, prefix with ""Attribution Source: "" whene present"
CatalogName,certainty,ITEM_NAMES.CERTAINTY,string,500,,ecatalogue,DetNameNotes_tab,"Append to field, prefix with ""Certainty: "" when present"
CatalogName,attribution_comment,ITEM_NAMES.ATTRIB_COMMENT,string,,"sensu lato, or a small-flowered P. cornwallisensis",ecatalogue,DetNameNotes_tab,"Append to field, prefix with ""Attribution Comment: "" when present"
CatalogName,note,ITEM_NAMES.NOTE,string,4000,specimens marked c,ecatalogue,DetNameNotes_tab,Append to field when present
