model,field_name,MIMSY_field_name,field_type,field_length,field_example,emu_module,emu_column,migration_instructions
CatalogMultifield,id,MULTIFIELDS.ID,integer,,4022,"","",Not mapped
CatalogMultifield,catalog_id,MULTIFIELDS.MKEY,integer,,1120,"","",Not mapped. Foreign key to Catalog.id
CatalogMultifield,descriptor,MULTIFIELDS.DESCRIPTOR,string,100,Size of net / mouth of trawl,ecatalogue,NotNotes,"Append to field, concatenate columns descriptor, term, note with semicolons when present into key:value pairs. Example: Multifield Descriptor: xxx; Multifield Term: xxx; Multifield Note: xxx"""
CatalogMultifield,term,MULTIFIELDS.TERM,string,500,On Thuja plicata.,"","",Not mapped. See CatalogMultifield.descriptor.
CatalogMultifield,note,MULTIFIELDS.NOTE,string,4000,calf; experimental infection; killed at 60 days,"","",Not mapped. See CatalogMultifield.descriptor.
