model,field_name,MIMSY_field_name,field_type,field_length,field_example,emu_module,emu_column,migration_instructions
CollectedDate,id,DATE_COLLECTED.TIMEKEY,integer,,639,"","",Not mapped
CollectedDate,catalog_id,DATE_COLLECTED.MKEY,integer,,6942,"","",Not mapped. Foreign key to Catalog.id
CollectedDate,prior_date,DATE_COLLECTED.PRIOR_DATE,boolean,,false,"","",Not mapped
CollectedDate,date_text,DATE_COLLECTED.DATE_TEXT,string,500,1975-08-31,ecollectionevents,ColVerbatimDate,""
CollectedDate,date_type,DATE_COLLECTED.DATE_TYPE,string,100,,"","",Not mapped
CollectedDate,earliest_year,DATE_COLLECTED.EARLIEST_YEAR,integer,10,1948,"","",Not mapped
CollectedDate,latest_year,DATE_COLLECTED.LATEST_YEAR,integer,10,7,"","",Not mapped
CollectedDate,earliest_monthday,DATE_COLLECTED.EARLIEST_MONTHDAY,integer,4,800,"","",Not mapped
CollectedDate,latest_monthday,DATE_COLLECTED.LATEST_MONTHDAY,integer,4,1200,"","",Not mapped
CollectedDate,century,DATE_COLLECTED.CENTURY,string,10,,"","",Not mapped
CollectedDate,period_era,DATE_COLLECTED.PERIOD_ERA,string,500,,ecollectionevents,NotNotes,"Append to field, prefix with ""Date Collected Period: """
CollectedDate,attribution_type,DATE_COLLECTED.ATTRIB_TYPE,string,100,,ecollectionevents,NotNotes,"Append to field, prefix with ""Date Collected Attribution Type: """
CollectedDate,attributor,DATE_COLLECTED.ATTRIBUTOR,string,500,,ecollectionevents,NotNotes,"Append to field, prefix with ""Date Collected Attributor: """
CollectedDate,attribution_date,DATE_COLLECTED.ATTRIB_DATE,string,11,,ecollectionevents,NotNotes,"Append to field, prefix with ""Date Collected Attribution Date: """
CollectedDate,attribution_source,DATE_COLLECTED.ATTRIB_SOURCE,string,500,,ecollectionevents,NotNotes,"Append to field, prefix with ""Date Collected Attribution Source: """
CollectedDate,certainty,DATE_COLLECTED.CERTAINTY,string,500,,ecollectionevents,ColOtherNumbers_tab,"Also place ""Collection Date Certainty"" in ecollectionevents::ColOtherNumbersDescription_tab"
CollectedDate,note,DATE_COLLECTED.NOTE,string,4000,,ecollectionevents,NotNotes,"Append to field, prefix with ""Date Collected Note: """
CollectedDate,collection_method,DATE_COLLECTED.COLLECTION_METHOD,string,100,gill net,ecollectionevents,ColCollectionMethod,""
CollectedDate,context,DATE_COLLECTED.COLLECTION_POSITION,string,500,,ecollectionevents,NotNotes,"Append to field, prefix with ""Date Collected Context: """
