model,field_name,MIMSY_field_name,field_type,field_length,field_example,emu_module,emu_column,migration_instructions
Condition,catalog_id,CONDITION.M_ID,integer,,242797,"","",Not mapped. Foreign key to Catalog.id. Use to link to the Object.
Condition,id,CONDITION.CONDKEY,integer,,864,"","",Not mapped. Primary key.
Condition,current_record,CONDITION.CURRENT_RECORD,boolean,,true,"","",Not mapped
Condition,condition,CONDITION.CONDITION,string,100,Conservation work done - see condition report files,econdition,ConConditionDetails,"Append to field prefixed by ""Condition: "" when present. Populate econdition::ConConditionStatus with ""unknown""."
Condition,condition_date,CONDITION.CONDITION_DATE,string,11,2010-03-23,econdition,ConDateChecked,""
Condition,examined_by,CONDITION.EXAMINED_BY,string,500,"Steigerwald, Michèle",econdition,ConCheckedBy,Create and/or link to record in Parties.
Condition,purpose,CONDITION.PURPOSE,string,100,pre-loan,econdition,ConConditionDetails,"Append to field prefixed by ""Purpose: "" when present"
Condition,component_accessory,CONDITION.COMPONENT_ACCESSORY,string,500,coracoid,econdition,ConConditionDetails,"Append to field prefixed by ""Component Accessory: "" when present"
Condition,conservation_request_date,CONDITION.CONSERVATION_REQUEST_DATE,string,11,2014-09,econdition,ConConditionDetails,"Append to field prefixed by ""Conservation Request Date: "" when present"
Condition,status,CONDITION.STATUS,string,100,closed,econdition,ConConditionDetails,"Append to field prefixed by ""Status: "" when present"
Condition,status_date,CONDITION.STATUS_DATE,string,11,2012-05-28,econdition,ConConditionDetails,"Append to field prefixed by ""Status Date: "" when present"
Condition,priority_flag1,CONDITION.PRIORITY_FLAG1,boolean,,false,"","",Not mapped
Condition,priority_flag2,CONDITION.PRIORITY_FLAG2,boolean,,false,"","",Not mapped
Condition,summary,CONDITION.SUMMARY,text,,"This specimen was never fully prepared - remained in original (1/2) field jacket that provided little support. Specimen was damaged at some point, probably when someone attempted to lift it (by its edge) from its 1/2 jacket (as it may have been mistaken for a storage/support jacket). Underside has hardened mud adhering. Specimen was broken across two areas of the premax. Broken edges to be consolidated and then glued. Possibility of further prep of underside of specimen.",econdition,ConConditionDetails,"Append to field prefixed by ""Summary: "" when present"
Condition,note,CONDITION.NOTE,string,4000,Full KPC value: mountant deteriorating; 1 specimen outside cover slip at top edge,econdition,ConConditionDetails,"Append to field prefixed by ""Note: "" when present"
Condition,audit_by,CONDITION.AUDIT_BY,string,500,"Currie, Margaret","","",Not mapped
Condition,audit_date,CONDITION.AUDIT_DATE,string,11,2013-10-11,"","",Not mapped
Condition,flag1,CONDITION.FLAG1,boolean,,false,"","",Not mapped
Condition,flag2,CONDITION.FLAG2,boolean,,false,"","",Not mapped
Condition,flag3,CONDITION.FLAG3,boolean,,false,"","",Not mapped
Condition,flag4,CONDITION.FLAG4,boolean,,false,"","",Not mapped
Condition,create_date,CONDITION.CREATE_DATE,datetime,,2012-03-08 11:28:07 UTC,"","",Not mapped
Condition,created_by,CONDITION.CREATED_BY,string,32,CONVERSION,"","",Not mapped
Condition,update_date,CONDITION.UPDATE_DATE,datetime,,2016-10-05 11:37:53 UTC,"","",Not mapped
Condition,updated_by,CONDITION.UPDATED_BY,string,32,MSTEIGERWA,"","",Not mapped
