model,field_name,MIMSY_field_name,field_type,field_length,field_example,emu_module,emu_column,migration_instructions
ConditionMedium,id,CONDITION_MEDIA.ID,integer,,74,"","",Not mapped
ConditionMedium,medium_id,CONDITION_MEDIA.MEDIAKEY,integer,,6368,"","",Not mapped. Foreign key to Medium.id
ConditionMedium,media,CONDITION_MEDIA.MEDIA,string,4000,CMNML007114_CR_Image2_2010-03-22.jpg,"","",Not mapped
ConditionMedium,catalog_id,CONDITION_MEDIA.M_ID,integer,,395399,"","",Not mapped. Foreign key to Catalog.id
ConditionMedium,object,CONDITION_MEDIA.OBJECT,string,4000,CMNC 2009-0005,"","",Not mapped
ConditionMedium,condition_id,CONDITION_MEDIA.CONDKEY,integer,,423,"","",Not mapped. Foreign key to Condition.id
ConditionMedium,condition,CONDITION_MEDIA.CONDITION,string,4000,good,ecatalogue,MulMultiMediaRef_tab,"The multimedia tab does not exist for Condition Checks. Instead, attach media items to the Catalog record by usint ConditionMedium.catalog_id = Catalog.id and Medium.id = ConditionMedium.medium_id 1:many associations"
