model,field_name,MIMSY_field_name,field_type,field_length,field_example,emu_module,emu_column,migration_instructions
ConservationFee,id,CONSERVATION_FEES.ID,integer,,,"","",Not mapped
ConservationFee,conservation_id,CONSERVATION_FEES.CONSKEY,integer,,,"","",Not mapped. Foreign key to Conservation.id
ConservationFee,conservation_detail_id,CONSERVATION_FEES.CONSMATKEY,integer,,,"","",Not mapped
ConservationFee,activity,CONSERVATION_FEES.ACTIVITY,string,500,,"","",Not mapped
ConservationFee,activity_by,CONSERVATION_FEES.ACTIVITY_BY,string,100,,"","",Not mapped
ConservationFee,activity_date,CONSERVATION_FEES.ACTIVITY_DATE,string,11,,"","",Not mapped
ConservationFee,estimated_cost,CONSERVATION_FEES.ESTIMATED_COST,decimal,,,"","",Not mapped
ConservationFee,actual_cost,CONSERVATION_FEES.ACTUAL_COST,decimal,,,"","",Not mapped
ConservationFee,note,CONSERVATION_FEES.NOTE,string,4000,,"","",Not mapped
