model,field_name,MIMSY_field_name,field_type,field_length,field_example,emu_module,emu_column,migration_instructions
ConservationDetail,id,CONSERVATION_DETAILS.CONSMATKEY,integer,,1146,"","",Not mapped
ConservationDetail,conservation_id,CONSERVATION_DETAILS.CONSKEY,integer,,1578,"","",Not mapped. Foreign key to Conservation.id
ConservationDetail,material,CONSERVATION_DETAILS.MATERIAL,string,100,etoh 70%,econservation,TreDetailedTreatment,"Append to field, prefix with ""Material: """
ConservationDetail,area_applied,CONSERVATION_DETAILS.AREA_APPLIED,string,500,ramus,econservation,TreDetailedTreatment,"Append to field, prefix with ""Area Applied: """
ConservationDetail,applied_by,CONSERVATION_DETAILS.APPLIED_BY,string,100,"Shepherd, Kieran",econservation,TreTreatedBy_tab,Attach and/or create Party record
ConservationDetail,date_applied,CONSERVATION_DETAILS.DATE_APPLIED,string,11,,econservation,TreDetailedTreatment,"Append to field, prefix with ""Date Applied: """
ConservationDetail,date_removed,CONSERVATION_DETAILS.DATE_REMOVED,string,11,,econservation,TreDetailedTreatment,"Append to field, prefix with ""Date Removed: """
ConservationDetail,note,CONSERVATION_DETAILS.NOTE,string,4000,"Full KFMT value: Previously preserved in Queen's University unknown preservative (test), 70% Et",econservation,TreDetailedTreatment,"Append to field, prefix with ""Note: """
