model,field_name,MIMSY_field_name,field_type,field_length,field_example,emu_module,emu_column,migration_instructions
Conservation,catalog_id,CONSERVATION.M_ID,integer,,8446,"","",Not mapped. Foreign key to Catalog.id. Populate econservation::ObjObjectsConserved_tab through this linkage.
Conservation,id,CONSERVATION.CONSKEY,integer,,1926,"","",Not mapped
Conservation,process,CONSERVATION.PROCESS,string,100,treatment,econservation,TreDetailedTreatment,"Append to field and prefix with ""Process: "" when present."
Conservation,portion,CONSERVATION.PORTION,string,100,skull,econservation,ObjObjectNotes_tab,""
Conservation,component_accessory,CONSERVATION.COMPONENT_ACCESSORY,string,500,,econservtation,ObjObjectNotes_tab,"Append to field, concatenated with "";"" if content already in row."
Conservation,purpose,CONSERVATION.PURPOSE,string,100,repo for gallery,econservation,ReqConservationPurpose,""
Conservation,requested_by,CONSERVATION.REQUESTED_BY,string,500,,econservation,ReqRequestedBy,Create and/or link to Party record.
Conservation,request_date,CONSERVATION.REQUEST_DATE,string,11,,econservation,ReqDateRequested,""
Conservation,authorized_by,CONSERVATION.AUTHORIZED_BY,string,500,"Fitzgerald, Gerald R.",econservation,AutAuthorizedBy,Create or link to a Party record.
Conservation,conservator,CONSERVATION.PERFORMED_BY,string,500,"Shepherd, Kieran",econservation,TreTreatedBy_tab,Create and/or link to Party record.
Conservation,status,CONSERVATION.STATUS,string,100,,"","",Not mapped
Conservation,status_date,CONSERVATION.STATUS_DATE,string,11,,"","",Not mapped
Conservation,projected_start,CONSERVATION.PROJECTED_START,string,11,,"","",Not mapped
Conservation,actual_start,CONSERVATION.ACTUAL_START,string,11,,econservation,TreDateCommenced,""
Conservation,actual_end,CONSERVATION.ACTUAL_END,string,11,,econservation,TreDateCompleted,""
Conservation,summary,CONSERVATION.SUMMARY,string,4000,,econservation,TreDetailedTreatment,"Append to field, prefix with ""Summary: "" when present."
Conservation,condition_id,CONSERVATION.CONDKEY,string,4000,,"","",Not mapped. Foreign key to Conditio.id.
Conservation,linked_condition,CONSERVATION.LINKED_CONDITION,string,4000,,"","",Not mapped
Conservation,post_treat_condition,CONSERVATION.POST_TREAT_CONDITION,string,100,,econservation,TredetailedTreatment,"Append to field and prefix with ""Post-treatment Condition: "" if present."
Conservation,flag1,CONSERVATION.FLAG1,boolean,,false,"","",Not mapped
Conservation,flag2,CONSERVATION.FLAG2,boolean,,false,"","",Not mapped
Conservation,flag3,CONSERVATION.FLAG3,boolean,,false,"","",Not mapped
Conservation,flag4,CONSERVATION.FLAG4,boolean,,false,"","",Not mapped
Conservation,created_by,CONSERVATION.CREATED_BY,string,32,CONVERSION,"","",Not mapped
Conservation,create_date,CONSERVATION.CREATE_DATE,datetime,,1999-07-15 00:00:00 UTC,"","",Not mapped
Conservation,updated_by,CONSERVATION.UPDATED_BY,string,32,XGVIEWS,"","",Not mapped
Conservation,update_date,CONSERVATION.UPDATE_DATE,datetime,,1998-06-16 00:00:00 UTC,"","",Not mapped
