model,field_name,MIMSY_field_name,field_type,field_length,field_example,emu_module,emu_column,migration_instructions
ConservationMedium,id,CONSERVATION_MEDIA.ID,integer,,,"","",Not mapped
ConservationMedium,medium_id,CONSERVATION_MEDIA.MEDIAKEY,integer,,,"","",Not mapped. Foreign key to Medium.id
ConservationMedium,media,CONSERVATION_MEDIA.MEDIA,string,4000,,"","",Not mapped
ConservationMedium,catalog_id,CONSERVATION_MEDIA.M_ID,integer,,,"","",Not mapped. Foreign key to Catalog.id
ConservationMedium,object,CONSERVATION_MEDIA.OBJECT,string,4000,,"","",Not mapped
ConservationMedium,conservation_id,CONSERVATION_MEDIA.CONSKEY,integer,,,"","",Not mapped. Foreign key to Conservation.id
ConservationMedium,conservation,CONSERVATION_MEDIA.CONSERVATION,string,4000,,"","",Not mapped
ConservationMedium,relationship,CONSERVATION_MEDIA.RELATIONSHIP,string,500,,"","",Not mapped
ConservationMedium,begin_date,CONSERVATION_MEDIA.BEGIN_DATE,string,11,,"","",Not mapped
ConservationMedium,end_date,CONSERVATION_MEDIA.END_DATE,string,11,,"","",Not mapped
ConservationMedium,sort,CONSERVATION_MEDIA.STEP,integer,10,,"","",Not mapped
ConservationMedium,note,CONSERVATION_MEDIA.NOTE,string,4000,,"","",Not mapped
