model,field_name,MIMSY_field_name,field_type,field_length,field_example,emu_module,emu_column,migration_instructions
CurrentCondition,catalog_id,CURRENT_CONDITION.M_ID,integer,,397665,"","",Not mapped. Foreign key to Catalog.id
CurrentCondition,condition_id,CURRENT_CONDITION.CONDKEY,integer,,783,"","",Not mapped. Foreign key to Condition.id
CurrentCondition,current_record,CURRENT_CONDITION.CURRENT_RECORD,boolean,,true,"","",Not mapped
CurrentCondition,condition,CURRENT_CONDITION.CONDITION,string,100,dried out,"","",Not mapped
CurrentCondition,condition_date,CURRENT_CONDITION.CONDITION_DATE,string,11,2010-05-06,"","",Not mapped
CurrentCondition,examined_by,CURRENT_CONDITION.EXAMINED_BY,string,500,"Currie, Margaret","","",Not mapped
CurrentCondition,purpose,CURRENT_CONDITION.PURPOSE,string,100,post-treatment,"","",Not mapped
CurrentCondition,component_accessory,CURRENT_CONDITION.COMPONENT_ACCESSORY,string,500,coracoid,"","",Not mapped
CurrentCondition,conservation_request_date,CURRENT_CONDITION.CONSERVATION_REQUEST_DATE,string,11,2014-09,"","",Not mapped
CurrentCondition,status,CURRENT_CONDITION.STATUS,string,100,closed,"","",Not mapped
CurrentCondition,status_date,CURRENT_CONDITION.STATUS_DATE,string,11,2012-05-28,"","",Not mapped
CurrentCondition,priority_flag1,CURRENT_CONDITION.PRIORITY_FLAG1,boolean,,false,"","",Not mapped
CurrentCondition,priority_flag2,CURRENT_CONDITION.PRIORITY_FLAG2,boolean,,false,"","",Not mapped
CurrentCondition,summary,CURRENT_CONDITION.SUMMARY,text,,"Tooth was treated with consolidant to prevent further deterioration. A volunteer applied Acryloid (a mixture of acetone and acrylic) liberally to all cracks and fissures. If repairs were required, standard white glue was used.","","",Not mapped
CurrentCondition,note,CURRENT_CONDITION.NOTE,string,4000,"This is one of approx. 200 Mammoth molars that were, at one time (possibly the 1980's), repaired using polyester resin. Some have remained stable, but it has been noted that some of them are showing signs of possible degradation of the resin (where the resin has become slightly sticky). All should be regularly checked for their condition.","","",Not mapped
CurrentCondition,audit_by,CURRENT_CONDITION.AUDIT_BY,string,500,"Currie, Margaret","","",Not mapped
CurrentCondition,audit_date,CURRENT_CONDITION.AUDIT_DATE,string,11,2013-10-11,"","",Not mapped
CurrentCondition,flag1,CURRENT_CONDITION.FLAG1,boolean,,false,"","",Not mapped
CurrentCondition,flag2,CURRENT_CONDITION.FLAG2,boolean,,false,"","",Not mapped
CurrentCondition,flag3,CURRENT_CONDITION.FLAG3,boolean,,false,"","",Not mapped
CurrentCondition,flag4,CURRENT_CONDITION.FLAG4,boolean,,false,"","",Not mapped
CurrentCondition,create_date,CURRENT_CONDITION.CREATE_DATE,datetime,,2016-06-07 15:41:46 UTC,"","",Not mapped
CurrentCondition,created_by,CURRENT_CONDITION.CREATED_BY,string,32,CONVERSION,"","",Not mapped
CurrentCondition,update_date,CURRENT_CONDITION.UPDATE_DATE,datetime,,2016-06-16 11:26:13 UTC,"","",Not mapped
CurrentCondition,updated_by,CURRENT_CONDITION.UPDATED_BY,string,32,MCURRIE,"","",Not mapped
