model,field_name,MIMSY_field_name,field_type,field_length,field_example,emu_module,emu_column,migration_instructions
CurrentLegalStatus,catalog_id,CURRENT_LEGAL_STATUS.MKEY,integer,,2214,"","",Not mapped. Foreign key to Catalog.id
CurrentLegalStatus,legal_status,CURRENT_LEGAL_STATUS.LEGAL_STATUS,string,24,permanent collection,"","",Not mapped
CurrentLegalStatus,status_date,CURRENT_LEGAL_STATUS.STATUS_DATE,string,11,,"","",Not mapped
CurrentLegalStatus,owner,CURRENT_LEGAL_STATUS.OWNER,string,100,Canadian Museum of Nature,"","",Not mapped
CurrentLegalStatus,department,CURRENT_LEGAL_STATUS.DEPARTMENT,string,500,Annelid,"","",Not mapped
CurrentLegalStatus,collection,CURRENT_LEGAL_STATUS.COLLECTION,string,500,Fossils,"","",Not mapped
CurrentLegalStatus,notes,CURRENT_LEGAL_STATUS.NOTES,string,4000,,"","",Not mapped
CurrentLegalStatus,physical_holder,CURRENT_LEGAL_STATUS.PHYSICAL_HOLDER,string,100,Canadian Museum of Nature,"","",Not mapped
CurrentLegalStatus,current_record,CURRENT_LEGAL_STATUS.CURRENT_RECORD,boolean,,true,"","",Not mapped
CurrentLegalStatus,id,CURRENT_LEGAL_STATUS.ID,integer,,975,"","",Not mapped
