model,field_name,MIMSY_field_name,field_type,field_length,field_example,emu_module,emu_column,migration_instructions
CurrentLocation,location_id,CURRENT_LOCATION.LOC_ID,integer,,24330,"","",Not mapped. Foreign key to Location.id
CurrentLocation,catalog_id,CURRENT_LOCATION.M_ID,integer,,404210,"","",Not mapped. Foreign key to Catalog.id
CurrentLocation,facility_id,CURRENT_LOCATION.LOCKEY,integer,10,3,"","",Not mapped. Foreign key to Facility.id
CurrentLocation,current_record,CURRENT_LOCATION.CURRENT_RECORD,boolean,,true,"","",Not mapped
CurrentLocation,future_commit,CURRENT_LOCATION.FUTURE_COMMIT,boolean,,false,"","",Not mapped
CurrentLocation,location,CURRENT_LOCATION.LOCATION,string,500,Natural Heritage Building,"","",Not mapped
CurrentLocation,loc_level1,CURRENT_LOCATION.LOC_LEVEL1,string,50,Fossil Gallery,"","",Not mapped
CurrentLocation,loc_level2,CURRENT_LOCATION.LOC_LEVEL2,string,50,main hall,"","",Not mapped
CurrentLocation,loc_level3,CURRENT_LOCATION.LOC_LEVEL3,string,50,wall,"","",Not mapped
CurrentLocation,loc_level4,CURRENT_LOCATION.LOC_LEVEL4,string,50,south wall,"","",Not mapped
CurrentLocation,location_date,CURRENT_LOCATION.LOCATION_DATE,string,11,2008-02-27,"","",Not mapped
CurrentLocation,expected_end,CURRENT_LOCATION.EXPECTED_END,string,11,2010-10-06,"","",Not mapped
CurrentLocation,last_location,CURRENT_LOCATION.LAST_LOCATION,string,500,"LP2007-0111: Payette, Serge","","",Not mapped
CurrentLocation,last_level1,CURRENT_LOCATION.LAST_LEVEL1,string,50,"Cabinet 54, drawer 1","","",Not mapped
CurrentLocation,last_level2,CURRENT_LOCATION.LAST_LEVEL2,string,50,Upper mezzanine,"","",Not mapped
CurrentLocation,last_level3,CURRENT_LOCATION.LAST_LEVEL3,string,50,wall mount,"","",Not mapped
CurrentLocation,last_level4,CURRENT_LOCATION.LAST_LEVEL4,string,50,,"","",Not mapped
CurrentLocation,purpose,CURRENT_LOCATION.PURPOSE,string,100,regular storage,"","",Not mapped
CurrentLocation,inventory_status,CURRENT_LOCATION.INVENTORY_STATUS,string,100,located,"","",Not mapped
CurrentLocation,status_date,CURRENT_LOCATION.STATUS_DATE,string,11,2003-11-01,"","",Not mapped
CurrentLocation,requested_by,CURRENT_LOCATION.REQUESTED_BY,string,500,"Shepherd, Kieran M.","","",Not mapped
CurrentLocation,request_date,CURRENT_LOCATION.REQUEST_DATE,string,11,2008-02-27,"","",Not mapped
CurrentLocation,authorized_by,CURRENT_LOCATION.AUTHORIZED_BY,string,500,"Wong, Pak Yau","","",Not mapped
CurrentLocation,job_number,CURRENT_LOCATION.JOB_NUMBER,string,48,,"","",Not mapped
CurrentLocation,scheduled_date,CURRENT_LOCATION.SCHEDULED_DATE,string,11,2006-12-11,"","",Not mapped
CurrentLocation,moved_by,CURRENT_LOCATION.MOVED_BY,string,500,"Bouchard, Micheline","","",Not mapped
CurrentLocation,component_accessory,CURRENT_LOCATION.COMPONENT_ACCESSORY,string,500,skeleton and frill (not skull),"","",Not mapped
CurrentLocation,note,CURRENT_LOCATION.NOTE,string,4000,"Originally chosen for fossil gallery, but not installed","","",Not mapped
CurrentLocation,flag1,CURRENT_LOCATION.FLAG1,boolean,,false,"","",Not mapped
CurrentLocation,flag2,CURRENT_LOCATION.FLAG2,boolean,,false,"","",Not mapped
CurrentLocation,create_date,CURRENT_LOCATION.CREATE_DATE,datetime,,2007-05-28 09:40:07 UTC,"","",Not mapped
CurrentLocation,created_by,CURRENT_LOCATION.CREATED_BY,string,32,MFEUERSTACK,"","",Not mapped
CurrentLocation,update_date,CURRENT_LOCATION.UPDATE_DATE,datetime,,2005-07-19 13:33:48 UTC,"","",Not mapped
CurrentLocation,updated_by,CURRENT_LOCATION.UPDATED_BY,string,32,PFRANK,"","",Not mapped
