model,field_name,MIMSY_field_name,field_type,field_length,field_example,emu_module,emu_column,migration_instructions
Damage,id,DAMAGE.DKEY,integer,,6,"","",Not mapped
Damage,catalog_id,DAMAGE.M_ID,integer,,549186,"","",Not mapped. Foreign key to Catalog.id. Use this to create link to the Object
Damage,damage_date,DAMAGE.DAMAGE_DATE,string,11,2017-08-31,econdition,ConDateChecked,""
Damage,recorded_by,DAMAGE.RECORDED_BY,string,500,,"","",Not mapped
Damage,location,DAMAGE.LOCATION,string,500,surface,econdition,ConConditionDetails,"Append content to field prefixed by ""Location: "" when present"
Damage,damaged_by,DAMAGE.DAMAGED_BY,string,500,visitor?,econdition,ConConditionDetails,"Append content to field prefixed by ""Damaged by: "" when present"
Damage,cause,DAMAGE.CAUSE,string,500,visitor stepping up onto plinth area - possibly for a photo,econdition,ConConditionDetails,"Append content to field prefixed by ""Cause: "" when present"
Damage,description,DAMAGE.DESCRIPTION,string,4000,Damage occured during the Thursday evening extended visitor hours,econdition,ConConditionDetails,"Append content to field prefixed by ""Description: "" when present. Populate econdition::ConConditionStatus with ""unknown"" and econdition::ConEvidentDamage = ""Yes"" when present"
Damage,note,DAMAGE.NOTE,string,4000,"Exhibits staff at VMMB recommend securing the cast to its supports. Collections staff also suggested some type of modest barrier at the two 'entry' areas by this plinth, which, currently,  may encourage visitors to step up onto the plinth.",econdition,ConConditionDetails,"Append content to field prefixed by ""Note: "" when present"
Damage,action_taken,DAMAGE.ACTION_TAKEN,string,4000,conservation,econdition,ConConditionDetails,"Append content to field prefixed by ""Action Taken: "" when present"
Damage,create_date,DAMAGE.CREATE_DATE,datetime,,2017-09-07 12:11:35 UTC,"","",Not mapped
Damage,created_by,DAMAGE.CREATED_BY,string,32,MCURRIE,econdition,ConConditionDetails,"Append content to field prefixed by ""Created By: "" when present"
Damage,update_date,DAMAGE.UPDATE_DATE,datetime,,,"","",Not mapped
Damage,updated_by,DAMAGE.UPDATED_BY,string,32,,"","",Not mapped
Damage,option1,DAMAGE.OPTION1,string,4000,,"","",Not mapped
Damage,option2,DAMAGE.OPTION2,string,1000,,"","",Not mapped
Damage,date1,DAMAGE.DATE1,string,11,,"","",Not mapped
Damage,date2,DAMAGE.DATE2,string,11,,"","",Not mapped
Damage,number1,DAMAGE.NUMBER1,decimal,,,"","",Not mapped
Damage,number2,DAMAGE.NUMBER2,decimal,,,"","",Not mapped
Damage,flag1,DAMAGE.FLAG1,boolean,,false,"","",Not mapped
Damage,flag2,DAMAGE.FLAG2,boolean,,false,"","",Not mapped
Damage,external_file,DAMAGE.EXTERNAL_FILE,string,500,,"","",Not mapped
Damage,record_view,DAMAGE.RECORD_VIEW,decimal,,1.0,"","",Not mapped
