model,field_name,MIMSY_field_name,field_type,field_length,field_example,emu_module,emu_column,migration_instructions
DamageMedium,id,DAMAGE_MEDIA.ID,integer,,,"","",Not mapped
DamageMedium,medium_id,DAMAGE_MEDIA.MEDIAKEY,integer,,,"","",Not mapped. Foreign key to Medium.id
DamageMedium,media,DAMAGE_MEDIA.MEDIA,string,4000,,"","",Not mapped
DamageMedium,catalog_id,DAMAGE_MEDIA.M_ID,integer,,,"","",Not mapped. Foreign key to Catalog.id
DamageMedium,object,DAMAGE_MEDIA.OBJECT,string,4000,,"","",Not mapped
DamageMedium,damage_id,DAMAGE_MEDIA.DKEY,integer,,,"","",Not mapped. Foreign key to Damage.id
DamageMedium,damage,DAMAGE_MEDIA.DAMAGE,string,4000,,"","",Not mapped
DamageMedium,relationship,DAMAGE_MEDIA.RELATIONSHIP,string,500,,"","",Not mapped
DamageMedium,begin_date,DAMAGE_MEDIA.BEGIN_DATE,string,11,,"","",Not mapped
DamageMedium,end_date,DAMAGE_MEDIA.END_DATE,string,11,,"","",Not mapped
DamageMedium,sort,DAMAGE_MEDIA.STEP,integer,10,,"","",Not mapped
DamageMedium,note,DAMAGE_MEDIA.NOTE,string,4000,,"","",Not mapped
