model,field_name,MIMSY_field_name,field_type,field_length,field_example,emu_module,emu_column,migration_instructions
DisposalSource,id,DISPOSAL_SOURCES.ID,integer,,4924,"","",Not mapped
DisposalSource,disposal_id,DISPOSAL_SOURCES.AKEY,integer,,2818,"","",Not mapped. Foreign key to Disposal.id
DisposalSource,person_id,DISPOSAL_SOURCES.LINK_ID,integer,,2877,"","",Not mapped. Foreign key to Person.id
DisposalSource,person_variation_id,DISPOSAL_SOURCES.NVARKEY,integer,,11111,"","",Not mapped. Foreign key to PersonVariation.id
DisposalSource,source,DISPOSAL_SOURCES.SOURCE,string,4000,"Brook, Yvonne","","",Not mapped
DisposalSource,source_role,DISPOSAL_SOURCES.SOURCE_ROLE,string,100,donor; collector,"","",Not mapped
DisposalSource,contact,DISPOSAL_SOURCES.CONTACT,string,500,Chris Lewis,"","",Not mapped
DisposalSource,address,DISPOSAL_SOURCES.ADDRESS,string,500,"Royal Ontario Museum
Department of Zoology
100 Queen's Park
Toronto
Ontario
M5S 2C6
Canada","","",Not mapped
DisposalSource,amount_paid,DISPOSAL_SOURCES.AMOUNT_PAID,decimal,,,"","",Not mapped
DisposalSource,note,DISPOSAL_SOURCES.NOTE,string,4000,47 duplicates and 2 lichens are part of this acquisiton.,"","",Not mapped
DisposalSource,unlinked_value,DISPOSAL_SOURCES.UNLINKED_VALUE,string,500,geological survey,"","",Not mapped
