model,field_name,MIMSY_field_name,field_type,field_length,field_example,emu_module,emu_column,migration_instructions
DisposalCatalog,id,DISPOSAL_ITEMS.ID,integer,,303434,"","",Not mapped
DisposalCatalog,disposal_id,DISPOSAL_ITEMS.AKEY,integer,,26332,"","",Not mapped. Foreign key to Disposal.id
DisposalCatalog,catalog_id,DISPOSAL_ITEMS.M_ID,integer,,272088,"","",Not mapped. Foreign key to Catalog.id
DisposalCatalog,catalog_number,DISPOSAL_ITEMS.ID_NUMBER,string,48,CMNAV 3581,"","",Not mapped
DisposalCatalog,description,DISPOSAL_ITEMS.ITEM_SUMMARY,string,4000,"Esox
MacNeish, R.A.
1959-09","","",Not mapped
DisposalCatalog,status,DISPOSAL_ITEMS.STATUS,string,100,approved,"","",Not mapped
DisposalCatalog,status_date,DISPOSAL_ITEMS.STATUS_DATE,string,11,1918-01-30,"","",Not mapped
DisposalCatalog,deaccession_date,DISPOSAL_ITEMS.DEACCESSION_DATE,string,11,1912,"","",Not mapped
DisposalCatalog,disposal_method,DISPOSAL_ITEMS.DISPOSAL_METHOD,string,500,exchange,"","",Not mapped
DisposalCatalog,disposal_date,DISPOSAL_ITEMS.DISPOSAL_DATE,string,11,1930,"","",Not mapped
DisposalCatalog,title_transfer_requested,DISPOSAL_ITEMS.TITLE_TRANSFER_REQUESTED,boolean,,false,"","",Not mapped
DisposalCatalog,transfer_date,DISPOSAL_ITEMS.TRANSFER_DATE,string,11,1997-07-23,"","",Not mapped
DisposalCatalog,reproduction_requested,DISPOSAL_ITEMS.REPRODUCTION_REQUESTED,boolean,,false,"","",Not mapped
DisposalCatalog,dispatch_requested,DISPOSAL_ITEMS.DISPATCH_REQUESTED,boolean,,false,"","",Not mapped
DisposalCatalog,note,DISPOSAL_ITEMS.NOTE,string,4000,see site record,"","",Not mapped
DisposalCatalog,catalogued,DISPOSAL_ITEMS.CATALOGUED,boolean,,true,"","",Not mapped
DisposalCatalog,id_sort,DISPOSAL_ITEMS.ID_SORT,string,4000,CMNFI000197500005940000001,"","",Not mapped
DisposalCatalog,created_by,DISPOSAL_ITEMS.CREATED_BY,string,32,ANACTORIA,"","",Not mapped
DisposalCatalog,create_date,DISPOSAL_ITEMS.CREATE_DATE,datetime,,2013-03-19 14:06:04 UTC,"","",Not mapped
DisposalCatalog,updated_by,DISPOSAL_ITEMS.UPDATED_BY,string,32,PFRANK,"","",Not mapped
DisposalCatalog,update_date,DISPOSAL_ITEMS.UPDATE_DATE,datetime,,2013-02-05 14:27:50 UTC,"","",Not mapped
