model,field_name,MIMSY_field_name,field_type,field_length,field_example,emu_module,emu_column,migration_instructions
Disposal,id,DISPOSALS.AKEY,integer,,35380,"","",Not mapped
Disposal,reference_number,DISPOSALS.REF_NUMBER,string,48,1916-016,ecatalogue,DeaDeaccessionNotes,"Populate relevant Catalogue entry through the join table, DisposalCatalog. Prefix entry with ""Reference Number: "" when present."
Disposal,status,DISPOSALS.STATUS,string,100,final approval; closed,ecatalogue,DeaDeaccessionNotes,"Populate relevant Catalogue entry through the join table, DisposalCatalog. Prefix entry with ""Status: "" when present. Populate ecatalogue::ManLegalStatus = ""deaccessioned"" when present"
Disposal,status_date,DISPOSALS.STATUS_DATE,string,11,1921-04-27,"","",Not mapped
Disposal,requested_by,DISPOSALS.REQUESTED_BY,string,500,"Balkwill, Darlene",ecatalogue,DeaDeaccessionNotes,"Populate relevant Catalogue entry through the join table, DisposalCatalog. Prefix entry with ""Requested By: "" when present."
Disposal,request_date,DISPOSALS.REQUEST_DATE,string,11,1924,ecatalogue,DeaDeaccessionNotes,"Populate relevant Catalogue entry through the join table, DisposalCatalog. Prefix entry with ""Request Date: "" when present."
Disposal,authorized_by,DISPOSALS.AUTHORIZED_BY,string,500,"Ling, Frank",ecatalogue,DeaAuthorisedBy,Link and/or create Party record
Disposal,date_authorized,DISPOSALS.DATE_AUTHORIZED,string,11,1998-12-10,ecatalogue,DeaDateAuthorized,""
Disposal,method,DISPOSALS.METHOD,string,500,title transfer,ecatalogue,DeaDeaccessionMethod,"Populate relevant Catalogue entry through the join table, DisposalCatalog."
Disposal,legal_date,DISPOSALS.LEGAL_DATE,string,11,1997-10-09,ecatalogue,DeaDeaccessionDate,"Populate relevant Catalogue entry through the join table, DisposalCatalog."
Disposal,recipient,DISPOSALS.RECIPIENT,string,500,Fort Anne Museum,ecatalogue,DeaccessionNotes,"Populate relevant Catalogue entry through the join table, DisposalCatalog. Prefix entry with ""Recipient: "" when present. Also populate ecatalogue::LocCurrentLocation when present."
Disposal,reason,DISPOSALS.REASON,string,4000,In exchange for specimens received in Acquisition 1933-076.,ecatalogue,DeaDeaccessionNotes,"Populate relevant Catalogue entry through the join table, DisposalCatalog. Prefix entry with ""Reason: "" when present."
Disposal,total_requested,DISPOSALS.TOTAL_REQUESTED,string,4000,2,"","",Not mapped
Disposal,total_approved,DISPOSALS.TOTAL_APPROVED,integer,10,6,"","",Not mapped
Disposal,decision_reason,DISPOSALS.DECISION_REASON,string,4000,"The specimens were originally loaned to a post-doctoral fellow, Dr. Labbish N. Chao in Sept. 1976 and subsequently accidently catalogued into the CMN Ichthyology Collection.",ecatalogue,DeaDeaccessionNotes,"Populate relevant Catalogue entry through the join table, DisposalCatalog. Prefix entry with ""Decision Reason: "" when present."
Disposal,external_file,DISPOSALS.EXTERNAL_FILE,string,500,Registrar's Office,ecatalogue,DeaDeaccessionNotes,"Populate relevant Catalogue entry through the join table, DisposalCatalog. Prefix entry with ""External File: "" when present."
Disposal,note,DISPOSALS.NOTE,string,4000,Includes:  unaccessioned polar bear skull and mandible (CWS tag 1249) and unaccession Ovis aries skull (labelled AR351).,ecatalogue,DeaDeaccessionNotes,"Populate relevant Catalogue entry through the join table, DisposalCatalog. Prefix entry with ""Note: "" when present."
Disposal,flag1,DISPOSALS.FLAG1,boolean,,false,"","",Not mapped
Disposal,flag2,DISPOSALS.FLAG2,boolean,,false,"","",Not mapped
Disposal,created_by,DISPOSALS.CREATED_BY,string,32,PFRANK,"","",Not mapped
Disposal,create_date,DISPOSALS.CREATE_DATE,datetime,,2008-12-18 09:44:53 UTC,"","",Not mapped
Disposal,updated_by,DISPOSALS.UPDATED_BY,string,32,PFRANK,"","",Not mapped
Disposal,update_date,DISPOSALS.UPDATE_DATE,datetime,,2013-05-10 11:08:00 UTC,"","",Not mapped
