model,field_name,MIMSY_field_name,field_type,field_length,field_example,emu_module,emu_column,migration_instructions
DisposalMedium,id,DISPOSALS_MEDIA.ID,integer,,2360,"","",Not mapped
DisposalMedium,medium_id,DISPOSALS_MEDIA.MEDIAKEY,integer,,44990,"","",Not mapped. Foreign key to Medium.id
DisposalMedium,media,DISPOSALS_MEDIA.MEDIA,string,4000,ACQ2409_2412.jpg,"","",Not mapped
DisposalMedium,disposal_id,DISPOSALS_MEDIA.AKEY,integer,,35065,"","",Not mapped. Foreign key to Disposal.id
DisposalMedium,disposal,DISPOSALS_MEDIA.DISPOSAL,string,4000,1931-007,"","",Not mapped
