model,field_name,MIMSY_field_name,field_type,field_length,field_example,emu_module,emu_column,migration_instructions
EventPublication,id,EVENTS_PUBLICATIONS.AUTHLINKKEY,integer,,3038299,"","",Not mapped
EventPublication,event_id,EVENTS_PUBLICATIONS.VKEY,integer,,103,"","",Not mapped. Foreign key to Event.id
EventPublication,publication_id,EVENTS_PUBLICATIONS.PKEY,integer,,7938,"","",Not mapped. Foreign key to Publication.id
EventPublication,prior_attribution,EVENTS_PUBLICATIONS.PRIOR_ATTRIBUTION,boolean,,false,"","",Not mapped
EventPublication,illustrated,EVENTS_PUBLICATIONS.ILLUSTRATION,boolean,,false,"","",Not mapped
EventPublication,publication,EVENTS_PUBLICATIONS.PUBLICATION,string,4000,Lake St Clair 2004 trip report.pdf,eevents,EveBibliography_tab,Attach bibiographic record by following the Publication.id = EventPublication.publication_id association.
