model,field_name,MIMSY_field_name,field_type,field_length,field_example,emu_module,emu_column,migration_instructions
EventVariation,id,EVENT_VARIATIONS.VVARKEY,integer,,29,"","",Not mapped
EventVariation,event_id,EVENT_VARIATIONS.VKEY,integer,,21,"","",Not mapped. Foreign key to Event.id
EventVariation,variation,EVENT_VARIATIONS.VARIATION,string,500,Vegetation Survey along the Enterprise-Mackenzie River Highway,events,NotNotes,"Append to field in parent record where EventVariation.event_id = Event.id, prefix with ""Alternate Event Name: "" + EventVariation.variation + ""("" + EventVariation.variation_type + "")"""
EventVariation,type,EVENT_VARIATIONS.VARIATION_TYPE,string,100,preferred term,"","",See EventVariation.variation for instructions.
EventVariation,prior_attribution,EVENT_VARIATIONS.PRIOR_ATTRIBUTION,boolean,,false,"","",Not mapped
