model,field_name,MIMSY_field_name,field_type,field_length,field_example,emu_module,emu_column,migration_instructions
EventPerson,id,EVENTS_PEOPLE.AUTHLINKKEY,integer,,2473810,"","",Not mapped
EventPerson,event_id,EVENTS_PEOPLE.VKEY,integer,,21,"","",Not mapped. Foreign key to Event.id
EventPerson,person_id,EVENTS_PEOPLE.LINK_ID,integer,,2340,"","",Not mapped. Foreign key to Person.id
EventPerson,relationship,EVENTS_PEOPLE.RELATIONSHIP,string,500,sponsor,"","",Not mapped. But see EventPerson.name
EventPerson,begin_date,EVENTS_PEOPLE.BEGIN_DATE,string,11,1987,"","",Not mapped
EventPerson,end_date,EVENTS_PEOPLE.END_DATE,string,11,1990,"","",Not mapped
EventPerson,note,EVENTS_PEOPLE.NOTE,string,4000,Micromounts suite,"","",Not mapped
EventPerson,prior_attribution,EVENTS_PEOPLE.PRIOR_ATTRIBUTION,boolean,,false,"","",Not mapped
EventPerson,name,EVENTS_PEOPLE.NAME,string,4000,"Wright, Calvert","","","When Event.relationship = ""co-sponsor"" || ""sponsor"", create/link Party record for eevents::EveAssocFundEvent by following the Event.id = EventPerson.event_id association."
