model,field_name,MIMSY_field_name,field_type,field_length,field_example,emu_module,emu_column,migration_instructions
Event,id,EVENTS.VKEY,integer,,95,"","",Not mapped
Event,mev_id,EVENTS.MEV_ID,decimal,,102.0,"","",Not mapped
Event,language,EVENTS.LANGUAGE,string,3,eng,"","",Not mapped
Event,full_name,EVENTS.FULL_NAME,string,500,Canadian Arctic Expedition: Southern Party,eevents,EveEventTitle,"Also make eevents::EveInternalOrExternalEvent = ""Unknown"""
Event,brief_name,EVENTS.BRIEF_NAME,string,100,Pteranodon Launch,eevents,NotNotes,"Append to field, prefix with ""Short Name: """
Event,category,EVENTS.CATEGORY1,string,100,scientific,eevents,EveTypeOfEvent,""
Event,occurrence_type,EVENTS.OCCURENCE_TYPE,string,100,one-time,eevents,EveEventDescription,"Append to field after Event.description, prefix with ""Recurrence:"" "
Event,begin_date,EVENTS.BEGIN_DATE,string,11,1904,eevents,DatCommencementDate,""
Event,end_date,EVENTS.END_DATE,string,11,1924,eevents,DatCompletionDate,""
Event,duration,EVENTS.DURATION,integer,10,1,eevents,EveEventDescription,"Append to field after Event.description, prefix with ""Duration: "" Event.duration + "" "" + Event.duration_unit"
Event,duration_unit,EVENTS.DURATION_UNIT,string,100,year,"","",Not mapped. See Event.duration.
Event,current_status,EVENTS.CURRENT_STATUS,string,100,complete,"","",Not mapped
Event,description,EVENTS.DESCRIPTION,text,,"Expedition to Isle Royale, Michigan, 1930. 
Collectors: A.H. Povah, C.A. Brown, J.B. McFarlin, J.L. Lowe",events,EveEventDescription,Append to field
Event,publish,EVENTS.PUBLISH,boolean,,false,"","",Not mapped
Event,flag1,EVENTS.FLAG1,boolean,,false,"","",Not mapped
Event,flag2,EVENTS.FLAG2,boolean,,false,"","",Not mapped
Event,sort_name,EVENTS.SORT_NAME,string,500,ITER ARCTICUS ROALD AMUNDSEN (GJOA-EXPEDITION) 1903-1906.,"","",Not mapped
Event,created_by,EVENTS.CREATED_BY,string,32,MBOUCHARD,"","",Not mapped
Event,create_date,EVENTS.CREATE_DATE,datetime,,2003-05-12 00:00:00 UTC,"","",Not mapped
Event,updated_by,EVENTS.UPDATED_BY,string,32,JPRICE,"","",Not mapped
Event,update_date,EVENTS.UPDATE_DATE,datetime,,2000-11-02 00:00:00 UTC,"","",Not mapped
