model,field_name,MIMSY_field_name,field_type,field_length,field_example,emu_module,emu_column,migration_instructions
ExhibitionCatalog,id,EXHIBITION_ITEMS.EIKEY,integer,,144,"","",Not mapped
ExhibitionCatalog,exhibition_id,EXHIBITION_ITEMS.EKEY,integer,,7,"","",Not mapped. Foreign key to Exhibition.id
ExhibitionCatalog,catalog_id,EXHIBITION_ITEMS.M_ID,integer,,9539,"","",Not mapped. Foreign key to Catalog.id
ExhibitionCatalog,type,EXHIBITION_ITEMS.RECORD_TYPE,string,100,object,"","",Not mapped
ExhibitionCatalog,catalog_number,EXHIBITION_ITEMS.ID_NUMBER,string,48,CMNFV 8905,eevents,ObjEventCatalogueNumber_tab,""
ExhibitionCatalog,status,EXHIBITION_ITEMS.STATUS,string,100,approved,eevents,ObjAttachedObjectsNotes_tab,"Append to field, prefix with ""Status: """
ExhibitionCatalog,status_date,EXHIBITION_ITEMS.STATUS_DATE,string,11,2005-06-22,eevents,ObjAttachedObjectsNotes_tab,"Append to field, prefix with ""Status Date: """
ExhibitionCatalog,theme_section,EXHIBITION_ITEMS.THEME_SECTION,string,500,Life in the Ocean,eevents,ObjEventSection_tab,""
ExhibitionCatalog,theme_sub1,EXHIBITION_ITEMS.THEME_SUB1,string,500,The ocean is full of life: Canadian marine biodiversity,eevents,ObjAttachedObjectsNotes_tab,"Append to field when present, prefix with ""Subsection:"" "
ExhibitionCatalog,theme_sub2,EXHIBITION_ITEMS.THEME_SUB2,string,500,"Canada's rivers: moving water, impact of dams",eevents,ObjAttachedObjectsNotes_tab,"Append to field when present, prefix with ""Subsection:"" "
ExhibitionCatalog,theme_sub3,EXHIBITION_ITEMS.THEME_SUB3,string,500,"Canada's wetlands: provide crucial environmental services, loss of habitat",eevents,ObjAttachedObjectsNotes_tab,"Append to field when present, prefix with ""Subsection:"" "
ExhibitionCatalog,location,EXHIBITION_ITEMS.LOCATION,string,500,Case 4.2.6.1 - Molluscs,eevents,ObjAttachedObjectsNotes_tab,"Append to fields, prefix with ""Location: """
ExhibitionCatalog,catalogued_item,EXHIBITION_ITEMS.CATALOGUED_ITEM,boolean,,false,eevents,ObjAttachedObjectsNotes_tab,"Append to field when present, prefix with ""Catalogue #:"" "
ExhibitionCatalog,description,EXHIBITION_ITEMS.ITEM_SUMMARY,string,4000,"Pseudocycas dunkeriana
North America: Canada; British Columbia",eevents,ObjAttachedObjectsNotes_tab,"Append to fields, prefix with ""Description: """
ExhibitionCatalog,flag1,EXHIBITION_ITEMS.FLAG1,boolean,,false,"","",Not mapped
ExhibitionCatalog,flag2,EXHIBITION_ITEMS.FLAG2,boolean,,false,"","",Not mapped
ExhibitionCatalog,flag3,EXHIBITION_ITEMS.FLAG3,boolean,,false,"","",Not mapped
ExhibitionCatalog,flag4,EXHIBITION_ITEMS.FLAG4,boolean,,false,"","",Not mapped
ExhibitionCatalog,catalogued,EXHIBITION_ITEMS.CATALOGUED,boolean,,true,"","",Not mapped
ExhibitionCatalog,id_sort,EXHIBITION_ITEMS.ID_SORT,string,4000,CMNI00020090000007,"","",Not mapped
ExhibitionCatalog,created_by,EXHIBITION_ITEMS.CREATED_BY,string,32,PFRANK,"","",Not mapped
ExhibitionCatalog,create_date,EXHIBITION_ITEMS.CREATE_DATE,datetime,,2010-04-21 13:47:30 UTC,"","",Not mapped
ExhibitionCatalog,updated_by,EXHIBITION_ITEMS.UPDATED_BY,string,32,CONSERV1,"","",Not mapped
ExhibitionCatalog,update_date,EXHIBITION_ITEMS.UPDATE_DATE,datetime,,2012-06-05 10:54:40 UTC,"","",Not mapped
