model,field_name,MIMSY_field_name,field_type,field_length,field_example,emu_module,emu_column,migration_instructions
ExhibitionLoan,id,EXHIBITIONS_LOANS.ID,integer,,19265,"","",Not mapped
ExhibitionLoan,exhibition_id,EXHIBITIONS_LOANS.EKEY,integer,,7,"","",Not mapped. Foreign key to Exhibition.id
ExhibitionLoan,exhibition,EXHIBITIONS_LOANS.EXHIBITION,string,4000,Water Gallery,"","",Not mapped
ExhibitionLoan,loan_id,EXHIBITIONS_LOANS.LKEY,integer,,484,"","",Not mapped. Foreign key to Loan.id
ExhibitionLoan,loan,EXHIBITIONS_LOANS.LOAN,string,4000,LP2010-0065,"","",Not mapped
ExhibitionLoan,exhibition_catalog_id,EXHIBITIONS_LOANS.EIKEY,integer,,247,"","",Not mapped. Foreign key to ExhibitionCatalog.id
ExhibitionLoan,loan_catalog_id,EXHIBITIONS_LOANS.LITMKEY,decimal,,16579.0,"","",Not mapped. Foreign key to LoanCatalog.id
