model,field_name,MIMSY_field_name,field_type,field_length,field_example,emu_module,emu_column,migration_instructions
ExhibitionLocation,id,EXHIBITIONS_LOCATION.ID,integer,,932,"","",Not mapped
ExhibitionLocation,location_id,EXHIBITIONS_LOCATION.LOC_ID,integer,,4928,"","",Not mapped. Foreign key to Location.id
ExhibitionLocation,location,EXHIBITIONS_LOCATION.LOCATION,string,4000,Natural Heritage Building/ Fossil Collection/ B4-115,"","",Not mapped
ExhibitionLocation,exhibition_id,EXHIBITIONS_LOCATION.EKEY,integer,,5,"","",Not mapped. Foreign key to Exhibition.id
ExhibitionLocation,exhibition,EXHIBITIONS_LOCATION.EXHIBITION,string,4000,Fossil Gallery,"","",Not mapped
ExhibitionLocation,exhibition_catalog_id,EXHIBITIONS_LOCATION.EIKEY,integer,,110,"","",Not mapped. Foreign key to ExhibitionCatalog.id
