model,field_name,MIMSY_field_name,field_type,field_length,field_example,emu_module,emu_column,migration_instructions
Exhibition,pexh_id,EXHIBITIONS.PEXH_ID,integer,,4,"","",Not mapped
Exhibition,id,EXHIBITIONS.EKEY,integer,,5,eevents,EveEventNumber,"Prefix with ""Exhibition:"""
Exhibition,language,EXHIBITIONS.LANGUAGE,string,3,eng,"","",Not mapped
Exhibition,full_name,EXHIBITIONS.FULL_NAME,string,500,Earth Gallery,eevents,EveEventTitle,"Also populate eevents::EveTypeOfEvent = ""Exhibition"""
Exhibition,brief_name,EXHIBITIONS.BRIEF_NAME,string,100,Fossil Gallery,"","",Not mapped
Exhibition,exhibit_start,EXHIBITIONS.EXHIBIT_START,string,11,2010-05-21,eevents,DatCommencementDate,""
Exhibition,exhibit_end,EXHIBITIONS.EXHIBIT_END,string,11,,eevents,DatCompletionDate,""
Exhibition,description,EXHIBITIONS.DESCRIPTION,string,4000,"The vision or intent of this exhibit is to:
•	To re-awaken Canadian’s interest in and appreciation for water
•	Invite visitors to explore the wonders and mysteries of water and to understand the connections between water, the planet, and all living things – including human beings
•	Importance of featuring the wonder and beauty of water 
•	The idea of the ‘wonder of water’ became the backbone of the Gallery concept
•	The Hall of Wonder (where you are observers) and the Hall of Connections  (where you participate)
•	The permanent Water Gallery in Ottawa will anchor the Museum’s national Water Project
o	Travelling exhibits
o	Educational activities
o	Public programs
o	Will feature updated and recent material
•	Through this suite of water-related programs, the Museum will reach Canadians across the country, reawakening in them a sense of awe for water and an increased awareness of its importance, connections and relevance",eevents,EveEventDescription,""
Exhibition,status,EXHIBITIONS.STATUS,string,100,open,eevents,NotNotes,"Append to field, prefix with ""Status: """
Exhibition,status_date,EXHIBITIONS.STATUS_DATE,string,11,2005-06-17,eevents,NotNotes,"Append to field, prefix with ""Status Date: """
Exhibition,authorized_by,EXHIBITIONS.AUTHORIZED_BY,string,500,,eevents,DatPreparationRequirements,"Append to field, prefix with ""Authorized By: """
Exhibition,date_authorized,EXHIBITIONS.DATE_AUTHORIZED,string,11,,eevents,DatPreparationRequirements,"Append to field, prefix with ""Authorization Date: """
Exhibition,initiated_by,EXHIBITIONS.INITIATED_BY,string,500,Peter Frank,"","",Not mapped
Exhibition,date_initiated,EXHIBITIONS.DATE_INITIATED,string,11,,"","",Not mapped
Exhibition,venues,EXHIBITIONS.VENUES,string,4000,Canadian Museum of Nature,eevents,VenVenueName,"Attach AND/OR create Party record with eparties::NamPartyType = ""Organization"""
Exhibition,total_venues,EXHIBITIONS.TOTAL_VENUES,integer,4,1,"","",Not mapped
Exhibition,total_cost,EXHIBITIONS.TOTAL_COST,string,13,0.00,eevents,FinTotalCost,""
Exhibition,reference_number,EXHIBITIONS.REFERENCE_NUMBER,string,48,Unnumbered 3,eevents,NotNotes,"Append to field, prefix with ""Reference Number: """
Exhibition,publish,EXHIBITIONS.PUBLISH,boolean,,false,"","",Not mapped
Exhibition,flag1,EXHIBITIONS.FLAG1,boolean,,false,"","",Not mapped
Exhibition,flag2,EXHIBITIONS.FLAG2,boolean,,false,"","",Not mapped
Exhibition,create_date,EXHIBITIONS.CREATE_DATE,datetime,,2010-05-10 10:50:00 UTC,"","",Not mapped
Exhibition,created_by,EXHIBITIONS.CREATED_BY,string,32,MFEUERSTACK,"","",Not mapped
Exhibition,update_date,EXHIBITIONS.UPDATE_DATE,datetime,,2017-02-06 11:15:36 UTC,"","",Not mapped
Exhibition,updated_by,EXHIBITIONS.UPDATED_BY,string,32,DSHORTHOUSE,"","",Not mapped
