model,field_name,MIMSY_field_name,field_type,field_length,field_example,emu_module,emu_column,migration_instructions
ExhibitionTheme,id,EXHIBITION_THEMES.ID,integer,,10,"","",Not mapped
ExhibitionTheme,exhibition_id,EXHIBITION_THEMES.EKEY,integer,,7,"","",Not mapped. Foreign key to Exhibition.id
ExhibitionTheme,theme_section,EXHIBITION_THEMES.THEME_SECTION,string,500,Water and Life,eevents,NotNotes,"Use Exhibition.id = ExhibitionTheme.event_id association. Append to field and prefix with ""Theme: "" when present"
ExhibitionTheme,theme_sub1,EXHIBITION_THEMES.THEME_SUB1,string,500,Earth is unique because of water,eevents,NotNotes,"Use Exhibition.id = ExhibitionTheme.event_id association. Append to field and prefix with ""Subtheme: "" when present"
ExhibitionTheme,theme_sub2,EXHIBITION_THEMES.THEME_SUB2,string,500,"Canada's rivers: moving water, impact of dams",eevents,NotNotes,"Use Exhibition.id = ExhibitionTheme.event_id association. Append to field and prefix with ""Subtheme: "" when present"
ExhibitionTheme,theme_sub3,EXHIBITION_THEMES.THEME_SUB3,string,500,Climate change,eevents,NotNotes,"Use Exhibition.id = ExhibitionTheme.event_id association. Append to field and prefix with ""Subtheme: "" when present"
ExhibitionTheme,theme_sub4,EXHIBITION_THEMES.THEME_SUB4,string,500,All living things need to meet their water needs,eevents,NotNotes,"Use Exhibition.id = ExhibitionTheme.event_id association. Append to field and prefix with ""Subtheme: "" when present"
ExhibitionTheme,theme_sub5,EXHIBITION_THEMES.THEME_SUB5,string,500,Earth has always had the same amount because of the water cycle,eevents,NotNotes,"Use Exhibition.id = ExhibitionTheme.event_id association. Append to field and prefix with ""Subtheme: "" when present"
ExhibitionTheme,description,EXHIBITION_THEMES.DESCRIPTION,string,4000,,"","",Not mapped
ExhibitionTheme,location,EXHIBITION_THEMES.LOCATION,string,500,,"","",Not mapped
