model,field_name,MIMSY_field_name,field_type,field_length,field_example,emu_module,emu_column,migration_instructions
Facility,id,FACILITIES.LOCKEY,integer,,40,"","",Not mapped
Facility,location,FACILITIES.LOCATION,string,500,Cabinet 6 (NU Archaeology),"","",""
Facility,type,FACILITIES.LOC_TYPE,string,100,permanent storage,"","",""
Facility,sort_name,FACILITIES.SORT_NAME,string,500,VERTEBRATE COLLECTIONS,"","",""
Facility,address_line1,FACILITIES.ADDRESS1,string,100,Metcalfe and McLeod St.,"","",""
Facility,city,FACILITIES.CITY,string,100,Ottawa,"","",""
Facility,state_province,FACILITIES.STATE_PROVINCE,string,100,Ontario,"","",""
Facility,country,FACILITIES.COUNTRY,string,100,Canada,"","",""
Facility,postal_code,FACILITIES.POSTAL_CODE,string,24,J9H 5E1,"","",""
Facility,description,FACILITIES.DESCRIPTION,string,4000,Contains artifacts and specimens from sites related to the final Arctic expedition undertaken by Sir John Franklin (1846-1848).,"","",""
Facility,parent_id,FACILITIES.BROADER_LOCKEY,integer,10,1,"","",""
Facility,broader_text,FACILITIES.BROADER_TEXT,string,4000,Natural Heritage Building; Vertebrate Collections; Skeleton Collection,"","",""
Facility,hierarchy_level,FACILITIES.HIERARCHY_LEVEL,integer,10,2,"","",""
Facility,insured,FACILITIES.INSURED,boolean,,false,"","",""
Facility,networked,FACILITIES.NETWORKED,boolean,,false,"","",""
Facility,computer_onsite,FACILITIES.COMPUTER_ONSITE,boolean,,false,"","",""
Facility,freight_elevator,FACILITIES.FREIGHT_ELEVATOR,boolean,,false,"","",""
Facility,loading_dock,FACILITIES.LOADING_DOCK,boolean,,false,"","",""
Facility,number_of_exits,FACILITIES.NUMBER_OF_EXITS,integer,2,1,"","",""
Facility,available,FACILITIES.AVAILABLE,boolean,,true,"","",""
Facility,publish,FACILITIES.PUBLISH,boolean,,false,elocations,AdmPublishWebNoPassword,"If value is false or null, mark both Publish on Internet and Intranet as No; if value is true, mark both as Yes."
Facility,flag1,FACILITIES.FLAG1,boolean,,false,"","",""
Facility,flag2,FACILITIES.FLAG2,boolean,,false,"","",""
Facility,create_date,FACILITIES.CREATE_DATE,datetime,,2012-09-25 15:02:30 UTC,"","",Not mapped
Facility,created_by,FACILITIES.CREATED_BY,string,32,PFRANK,"","",Not mapped
Facility,update_date,FACILITIES.UPDATE_DATE,datetime,,2016-07-27 14:33:31 UTC,"","",Not mapped
Facility,updated_by,FACILITIES.UPDATED_BY,string,32,XGVIEWS,"","",Not mapped
