model,field_name,MIMSY_field_name,field_type,field_length,field_example,emu_module,emu_column,migration_instructions
Group,id,GROUPS.GROUP_ID,integer,,3277,"","",Not mapped
Group,module,GROUPS.LINK_TYPE,integer,,1,"","",Not mapped
Group,group_area,GROUPS.GROUP_AREA,string,4000,catalogue,egroups,GroupDescription,"Append to field, prefix with ""Group Area: """
Group,name,GROUPS.GROUP_NAME,string,100,Yu-Wen 1,"","",Not mapped. See full_title
Group,private_public,GROUPS.PRIVATE_PUBLIC,string,10,PUBLIC,egroups,GroupStatus,""
Group,group_type,GROUPS.GROUP_TYPE,string,100,Loan,egroups,GroupPurpose,""
Group,group_owner,GROUPS.GROUP_OWNER,string,32,MBOUCHARD,egroups,UserName,Map only if this can be done. full_title will include the MIMSY-specific username as a prefix
Group,department,GROUPS.DEPARTMENT,string,100,Research and Collections (Palaeobiology Section),"","",Not mapped
Group,note,GROUPS.NOTE,string,4000,To help demonstrate search effort for Tortula porteri,egroups,GroupDescription,""
Group,create_date,GROUPS.CREATE_DATE,datetime,,2017-08-10 10:22:04 UTC,"","",Not mapped
Group,updated_by,GROUPS.UPDATED_BY,string,30,STESSIER,"","",Not mapped
Group,update_date,GROUPS.UPDATE_DATE,datetime,,2015-07-09 10:52:01 UTC,"","",Not mapped
