model,field_name,MIMSY_field_name,field_type,field_length,field_example,emu_module,emu_column,migration_instructions
Instruction,id,INSTRUCTIONS.INSTRUCTKEY,integer,,677,"","",Not mapped
Instruction,table_key,INSTRUCTIONS.TABLE_KEY,integer,,447,"","","Not mapped. Foreign key to Catalog.id (if table_name = ""CATALOGUE"") or LoanItem.id (if table_name = ""LOAN_ITEMS"")"
Instruction,table_name,INSTRUCTIONS.TABLE_NAME,string,32,LOAN_ITEMS,"","",Not mapped
Instruction,type,INSTRUCTIONS.INSTRUCTION_TYPE,string,100,loan item packing,"","","If table_name = ""CATALOGUE"", and instruction = ""no loan"", ecatalogue::ManLoanAllowed = ""No""; If table_name = ""CATALOGUE"" and instruction = ""short-term loan"" || instruction = ""loan requires Director's approval"" then append to ecatalogue::NotNotes as ""Loan Restriction: """
Instruction,instruction_date,INSTRUCTIONS.INSTRUCTION_DATE,string,11,1999-12-01,"","",Not mapped
Instruction,instruction,INSTRUCTIONS.INSTRUCTION,string,4000,radon emissions,"","",See Instruction.type for instructions
Instruction,note,INSTRUCTIONS.NOTE,string,4000,Access only to RCI until 2003,"","",Not mapped
Instruction,flag1,INSTRUCTIONS.FLAG1,boolean,,false,"","",Not mapped
Instruction,regarding,INSTRUCTIONS.CARRYOVER,string,4000,"CMNC 1986-0551
Alona intermedia
Chengalath, Ramachendron
North America: Canada; British Columbia, Vancouver I.
1979-08-14","","",Not mapped
