model,field_name,MIMSY_field_name,field_type,field_length,field_example,emu_module,emu_column,migration_instructions
Insurance,id,INSURANCE.INSKEY,integer,,,"","",Not mapped
Insurance,record_view,INSURANCE.RECORD_VIEW,decimal,,,"","",Not mapped
Insurance,record_type,INSURANCE.RECORD_TYPE,string,100,,"","",Not mapped
Insurance,policy_number,INSURANCE.POLICY_NUMBER,string,48,,"","",Not mapped
Insurance,person_id,INSURANCE.LINK_ID,decimal,,,"","",Not mapped. Foreign key to Person.id
Insurance,nvarkey,INSURANCE.NVARKEY,decimal,,,"","",Not mapped
Insurance,insured_by,INSURANCE.INSURED_BY,string,4000,,"","",Not mapped
Insurance,contact,INSURANCE.CONTACT,string,500,,"","",Not mapped
Insurance,address,INSURANCE.ADDRESS,string,500,,"","",Not mapped
Insurance,phone,INSURANCE.PHONE,string,50,,"","",Not mapped
Insurance,fax,INSURANCE.FAX,string,50,,"","",Not mapped
Insurance,email,INSURANCE.EMAIL,string,100,,"","",Not mapped
Insurance,request_by,INSURANCE.REQUEST_BY,string,500,,"","",Not mapped
Insurance,request_date,INSURANCE.REQUEST_DATE,string,11,,"","",Not mapped
Insurance,authorized_by,INSURANCE.AUTHORIZED_BY,string,500,,"","",Not mapped
Insurance,date_authorized,INSURANCE.DATE_AUTHORIZED,string,11,,"","",Not mapped
Insurance,begin_date,INSURANCE.BEGIN_DATE,string,11,,"","",Not mapped
Insurance,end_date,INSURANCE.END_DATE,string,11,,"","",Not mapped
Insurance,status,INSURANCE.STATUS,string,100,,"","",Not mapped
Insurance,status_date,INSURANCE.STATUS_DATE,string,11,,"","",Not mapped
Insurance,insurance_reason,INSURANCE.INSURANCE_REASON,string,100,,"","",Not mapped
Insurance,general_liability,INSURANCE.GENERAL_LIABILITY,decimal,,,"","",Not mapped
Insurance,general_currency,INSURANCE.GENERAL_CURRENCY,string,100,,"","",Not mapped
Insurance,minimum_liability,INSURANCE.MINIMUM_LIABILITY,decimal,,,"","",Not mapped
Insurance,minimum_currency,INSURANCE.MINIMUM_CURRENCY,string,100,,"","",Not mapped
Insurance,renewal_history,INSURANCE.RENEWAL_HISTORY,string,4000,,"","",Not mapped
Insurance,external_file,INSURANCE.EXTERNAL_FILE,string,500,,"","",Not mapped
Insurance,note,INSURANCE.NOTE,string,4000,,"","",Not mapped
Insurance,option1,INSURANCE.OPTION1,string,4000,,"","",Not mapped
Insurance,option2,INSURANCE.OPTION2,string,1000,,"","",Not mapped
Insurance,number1,INSURANCE.NUMBER1,decimal,,,"","",Not mapped
Insurance,number2,INSURANCE.NUMBER2,decimal,,,"","",Not mapped
Insurance,date1,INSURANCE.DATE1,string,11,,"","",Not mapped
Insurance,date2,INSURANCE.DATE2,string,11,,"","",Not mapped
Insurance,flag1,INSURANCE.FLAG1,boolean,,,"","",Not mapped
Insurance,flag2,INSURANCE.FLAG2,boolean,,,"","",Not mapped
Insurance,created_by,INSURANCE.CREATED_BY,string,32,,"","",Not mapped
Insurance,create_date,INSURANCE.CREATE_DATE,datetime,,,"","",Not mapped
Insurance,updated_by,INSURANCE.UPDATED_BY,string,32,,"","",Not mapped
Insurance,update_date,INSURANCE.UPDATE_DATE,datetime,,,"","",Not mapped
