model,field_name,MIMSY_field_name,field_type,field_length,field_example,emu_module,emu_column,migration_instructions
List,list_key,LISTS.LIST_KEY,integer,,5013,"","",Not mapped
List,field,LISTS.FIELD,string,100,SITE_DATES.CENTURY,"","",Not mapped
List,view_value,LISTS.VIEW_VALUE,integer,,1,"","",Not mapped
List,term1,LISTS.TERM1,string,500,Curatorial,"","",Not mapped
List,term2,LISTS.TERM2,string,500,framing,"","",Not mapped
List,term3,LISTS.TERM3,string,500,GENUS,"","",Not mapped
List,note,LISTS.NOTE,string,4000,,"","",Not mapped
