model,field_name,MIMSY_field_name,field_type,field_length,field_example,emu_module,emu_column,migration_instructions
LoanMedium,id,LOANS_MEDIA.ID,integer,,2851,"","",Not mapped
LoanMedium,medium_id,LOANS_MEDIA.MEDIAKEY,integer,,45827,"","",Not mapped. Foreign key to Medium.id
LoanMedium,media,LOANS_MEDIA.MEDIA,string,4000,LP2013-0017-15.jpg,eloans,MulMultiMediaRef_tab,Attach multimedia record to loan through the Medium.id = LoanMedium.medium_id and Loan.id = LoanMedium.loan_id associations
LoanMedium,loan_id,LOANS_MEDIA.LKEY,integer,,955,"","",Not mapped. Foreign key to Loan.id
LoanMedium,loan,LOANS_MEDIA.LOAN,string,4000,LP2013-0017,"","",Not mapped
