model,field_name,MIMSY_field_name,field_type,field_length,field_example,emu_module,emu_column,migration_instructions
Loan,id,LOANS.LKEY,integer,,1192,"","",Not mapped
Loan,direction,LOANS.DIRECTION,string,3,OUT,"","",""
Loan,loan_number,LOANS.LOAN_NUMBER,string,48,LP2015-0119,"","",""
Loan,person_id,LOANS.LINK_ID,integer,,19590,"","",Not mapped. Foreign key to Person.id
Loan,person_variation_id,LOANS.NVARKEY,integer,,29428,"","",Not mapped. Foreign key to PersonVariation.id
Loan,institution,LOANS.NAME,string,4000,"Josso, Jean-François","","",""
Loan,contact,LOANS.CONTACT,string,500,"McWilliams, Wanda","","",""
Loan,address,LOANS.ADDRESS,string,500,"Carnegie Museum of Natural History
Vertebrate Palaeontology
4400 Forbes Avenue
Pittsburgh
Pennsylvania
15213-4080
USA","","",""
Loan,phone,LOANS.PHONE,string,50,613-566-4771,"","",""
Loan,fax,LOANS.FAX,string,50,(314) 577-0820,"","",""
Loan,email,LOANS.EMAIL,string,100,grouse@ucsd.edu,"","",""
Loan,requested_by,LOANS.REQUESTED_BY,string,500,"Picard, Michel","","",""
Loan,request_date,LOANS.REQUEST_DATE,datetime,,2012-12-06 00:00:00 UTC,"","",""
Loan,authorized_by,LOANS.AUTHORIZED_BY,string,500,"Doubt, Jennifer","","",""
Loan,date_authorized,LOANS.DATE_AUTHORIZED,string,11,2016-07-14,"","",""
Loan,status,LOANS.STATUS,string,100,cancelled,"","",""
Loan,status_date,LOANS.STATUS_DATE,string,11,2016-12-07,"","",""
Loan,handled_by,LOANS.HANDLED_BY,string,500,"Khidas, Kamal","","",""
Loan,purpose,LOANS.PURPOSE,string,500,research,"","",""
Loan,loan_start,LOANS.LOAN_START,string,11,2013-01-21,"","",""
Loan,loan_end,LOANS.LOAN_END,string,11,2015-12-01,"","",""
Loan,total_items,LOANS.TOTAL_ITEMS,integer,10,5,"","",""
Loan,total_requested,LOANS.TOTAL_REQUESTED,string,4000,0,"","",""
Loan,renewal_history,LOANS.RENEWAL_HISTORY,string,4000,"October 2015 - renewed until July 2016.
April 2017 - renewed until 2017-12-29.","","",""
Loan,acknowledge_date,LOANS.ACKNOWLEDGE_DATE,datetime,,2012-06-18 00:00:00 UTC,"","",""
Loan,prelim_agree_date,LOANS.PRELIM_AGREE_DATE,datetime,,2013-08-20 00:00:00 UTC,"","",""
Loan,approval_date,LOANS.APPROVAL_DATE,datetime,,2007-02-24 00:00:00 UTC,"","",""
Loan,reject_date,LOANS.REJECT_DATE,datetime,,2000-06-08 00:00:00 UTC,"","",""
Loan,cancel_date,LOANS.CANCEL_DATE,datetime,,2000-08-21 00:00:00 UTC,"","",""
Loan,contract_date,LOANS.CONTRACT_DATE,datetime,,2009-05-01 00:00:00 UTC,"","",""
Loan,contract_terms,LOANS.CONTRACT_TERMS,text,,"","","",""
Loan,prelim_conditions,LOANS.PRELIM_CONDITIONS,string,4000,Loan of type material is made for 6 months only with  no possibility of renewal.  Dissections or any alterations to the specimens are not allowed.,"","",""
Loan,actual_cost,LOANS.ACTUAL_COST,string,13,0.00,"","",""
Loan,projected_cost,LOANS.PROJECTED_COST,string,13,0.00,"","",""
Loan,insurance_paid_by,LOANS.INSURANCE_PAID_BY,string,500,Royal Tyrrell Museum of Palaeontology,"","",""
Loan,shipping_paid_by,LOANS.SHIPPING_PAID_BY,string,500,Royal Tyrrell Museum of Palaeontology,"","",""
Loan,reviewed_by,LOANS.REVIEWED_BY,string,500,Micheline B.-Bouchard,"","",""
Loan,review_date,LOANS.REVIEW_DATE,datetime,,2000-06-08 00:00:00 UTC,"","",""
Loan,review_comments,LOANS.REVIEW_COMMENTS,string,4000,The paper substrate was returned with a portion ripped off thus removing part of the original label information.  Fortunately a photograph was taken prior to sending the specimen out on loan.,"","",""
Loan,external_file,LOANS.EXTERNAL_FILE,string,500,Registrar's Office,"","",""
Loan,note,LOANS.NOTE,string,4000,This transaction is a gift.,"","",""
Loan,option1,LOANS.OPTION1,string,4000,"Various species of Saxifragaceae, Grossulariaceae, Cornaceae, Onagraceae, Apiaceae & Araliaceae for University of Ottawa course","","",""
Loan,date1,LOANS.DATE1,datetime,,2008-12-22 00:00:00 UTC,"","",""
Loan,flag1,LOANS.FLAG1,boolean,,false,"","",""
Loan,flag2,LOANS.FLAG2,boolean,,false,"","",""
Loan,created_by,LOANS.CREATED_BY,string,32,NBOASE,"","",Not mapped
Loan,create_date,LOANS.CREATE_DATE,datetime,,2010-11-09 11:21:13 UTC,"","",Not mapped
Loan,update_date,LOANS.UPDATE_DATE,datetime,,2017-11-15 10:15:47 UTC,"","",Not mapped
Loan,updated_by,LOANS.UPDATED_BY,string,32,XGVIEWS,"","",Not mapped
