model,field_name,MIMSY_field_name,field_type,field_length,field_example,emu_module,emu_column,migration_instructions
Location,id,LOCATION.LOC_ID,integer,,5113,"","",Not mapped
Location,catalog_id,LOCATION.M_ID,integer,,163472,"","",Not mapped. Foreign key to Catalog.id
Location,facility_id,LOCATION.LOCKEY,integer,,31,"","",Not mapped. Foreign key to Facility.id
Location,current_record,LOCATION.CURRENT_RECORD,boolean,,false,"","",""
Location,future_commit,LOCATION.FUTURE_COMMIT,boolean,,false,"","",""
Location,location,LOCATION.LOCATION,string,500,University of Bristol,"","",""
Location,loc_level1,LOCATION.LOC_LEVEL1,string,50,rolling cabinets,"","",""
Location,loc_level2,LOCATION.LOC_LEVEL2,string,50,Stored in rolling cabinet in swing space,"","",""
Location,loc_level3,LOCATION.LOC_LEVEL3,string,50,west end (freshwater exhibit),"","",""
Location,loc_level4,LOCATION.LOC_LEVEL4,string,50,in recessed box,"","",""
Location,location_date,LOCATION.LOCATION_DATE,string,11,2006-10-23,"","",""
Location,expected_end,LOCATION.EXPECTED_END,string,11,2006-11,"","",""
Location,last_location,LOCATION.LAST_LOCATION,string,500,"NHB, B4-115","","",""
Location,last_level1,LOCATION.LAST_LEVEL1,string,50,Fossil Gallery,"","",""
Location,last_level2,LOCATION.LAST_LEVEL2,string,50,main hall,"","",""
Location,last_level3,LOCATION.LAST_LEVEL3,string,50,drawer 3,"","",""
Location,last_level4,LOCATION.LAST_LEVEL4,string,50,,"","",""
Location,purpose,LOCATION.PURPOSE,string,100,research,"","",""
Location,inventory_status,LOCATION.INVENTORY_STATUS,string,100,located,"","",""
Location,status_date,LOCATION.STATUS_DATE,string,11,2006-10-25,"","",""
Location,requested_by,LOCATION.REQUESTED_BY,string,500,"Shepherd, Kieran M.","","",""
Location,request_date,LOCATION.REQUEST_DATE,string,11,2006-10-21,"","",""
Location,authorized_by,LOCATION.AUTHORIZED_BY,string,500,"Shepherd, Kieran M.","","",""
Location,job_number,LOCATION.JOB_NUMBER,string,48,,"","",""
Location,scheduled_date,LOCATION.SCHEDULED_DATE,string,11,2006-07-21,"","",""
Location,moved_by,LOCATION.MOVED_BY,string,500,Palaeo collections staff,"","",""
Location,component_accessory,LOCATION.COMPONENT_ACCESSORY,string,500,skull,"","",""
Location,note,LOCATION.NOTE,string,4000,Specimen suspended from collection room ceiling by Clayton Kennedy,"","",""
Location,flag1,LOCATION.FLAG1,boolean,,false,"","",Not mapped
Location,flag2,LOCATION.FLAG2,boolean,,false,"","",Not mapped
Location,create_date,LOCATION.CREATE_DATE,datetime,,2006-10-23 11:29:45 UTC,"","",Not mapped
Location,created_by,LOCATION.CREATED_BY,string,32,NBOASE,"","",Not mapped
Location,update_date,LOCATION.UPDATE_DATE,datetime,,2016-07-27 10:42:35 UTC,"","",Not mapped
Location,updated_by,LOCATION.UPDATED_BY,string,32,XGVIEWS,"","",Not mapped
