model,field_name,MIMSY_field_name,field_type,field_length,field_example,emu_module,emu_column,migration_instructions
LossMedium,id,LOSS_MEDIA.ID,integer,,,"","",Not mapped
LossMedium,medium_id,LOSS_MEDIA.MEDIAKEY,integer,,,"","",Not mapped. Foreign key to Medium.id
LossMedium,media,LOSS_MEDIA.MEDIA,string,4000,,"","",Not mapped
LossMedium,catalog_id,LOSS_MEDIA.M_ID,integer,,,"","",Not mapped. Foreign key to Catalog.id
LossMedium,object,LOSS_MEDIA.OBJECT,string,4000,,"","",Not mapped
LossMedium,loss_id,LOSS_MEDIA.LOSSKEY,integer,,,"","",Not mapped. Foreign key to Loss.id
LossMedium,loss,LOSS_MEDIA.LOSS,string,4000,,"","",Not mapped
LossMedium,relationship,LOSS_MEDIA.RELATIONSHIP,string,500,,"","",Not mapped
LossMedium,begin_date,LOSS_MEDIA.BEGIN_DATE,string,11,,"","",Not mapped
LossMedium,end_date,LOSS_MEDIA.END_DATE,string,11,,"","",Not mapped
LossMedium,sort,LOSS_MEDIA.STEP,integer,10,,"","",Not mapped
LossMedium,note,LOSS_MEDIA.NOTE,string,4000,,"","",Not mapped
