model,field_name,MIMSY_field_name,field_type,field_length,field_example,emu_module,emu_column,migration_instructions
Loss,id,LOSS.LOSSKEY,integer,,4,"","",Not mapped
Loss,catalog_id,LOSS.M_ID,integer,,90215,"","",Not mapped. Foreign key to Catalog.id
Loss,loss_date,LOSS.LOSS_DATE,string,11,1999-07-16,ecatalogue,DeaDeaccessionDate,"Also make ecatalogue::DeaDeaccessionMethod = ""Lost"""
Loss,reported_by,LOSS.REPORTED_BY,string,500,Michèle Steigerwald,ecatalogue,DeaDeaccessionNotes,"Append to field, prefix with ""Reported By: """
Loss,last_seen_by,LOSS.LAST_SEEN_BY,string,500,Dr. Gordon Ultsch,ecatalogue,DeaDeaccessionNotes,"Append to field, prefix with ""Last Seen By: """
Loss,location,LOSS.LOCATION,string,500,University of Alabama,"","",Not mapped
Loss,date_last_seen,LOSS.DATE_LAST_SEEN,string,11,1999-06-02,ecatalogue,DeaDeaccessionNotes,"Append to field, prefix with ""Date Last Seen: """
Loss,object_found,LOSS.OBJECT_FOUND,boolean,,false,"","",Not mapped
Loss,description,LOSS.DESCRIPTION,string,4000,"One of two specimens was sent on loan(LP1999-0105) to Dr. G. Ultsch, University of Alabama:  while being returned(1999-06-02), the specimen was lost in transit, probably at the Customs offices because the box had been opened and upon reception of the parcel at the CMN, we noted that the box was partially empty.",ecatalogue,DeaDeaccessionNotes,"Append to field, prefix with ""Description: """
Loss,create_date,LOSS.CREATE_DATE,datetime,,2000-05-30 00:00:00 UTC,"","",Not mapped
Loss,created_by,LOSS.CREATED_BY,string,32,MSTEIGERWA,"","",Not mapped
Loss,update_date,LOSS.UPDATE_DATE,datetime,,2000-05-30 00:00:00 UTC,"","",Not mapped
Loss,updated_by,LOSS.UPDATED_BY,string,32,MSTEIGERWA,"","",Not mapped
Loss,flag1,LOSS.FLAG1,boolean,,false,"","",Not mapped
Loss,flag2,LOSS.FLAG2,boolean,,false,"","",Not mapped
