model,field_name,MIMSY_field_name,field_type,field_length,field_example,emu_module,emu_column,migration_instructions
MadeDate,id,DATE_MADE.TIMEKEY,integer,,586472,"","",Not mapped
MadeDate,catalog_id,DATE_MADE.MKEY,integer,,580226,"","",Not mapped. Foreign key to Catalog.id
MadeDate,prior_date,DATE_MADE.PRIOR_DATE,boolean,,false,"","",Not mapped
MadeDate,date_text,DATE_MADE.DATE_TEXT,string,500,1865-1888,ecatalogue,NotNotes,"Append to field, prefix with ""Date Made: """
MadeDate,earliest_year,DATE_MADE.EARLIEST_YEAR,integer,10,1880,"","",Not mapped
MadeDate,latest_year,DATE_MADE.LATEST_YEAR,integer,10,1871,"","",Not mapped
MadeDate,bp,DATE_MADE.BP,boolean,,false,"","",Not mapped
