model,field_name,MIMSY_field_name,field_type,field_length,field_example,emu_module,emu_column,migration_instructions
MediumPublication,id,MEDIA_PUBLICATIONS.AUTHLINKKEY,integer,,3038286,"","",Not mapped
MediumPublication,publication_id,MEDIA_PUBLICATIONS.PKEY,integer,,7935,"","",Not mapped. Foreign key to Publication.id
MediumPublication,medium_id,MEDIA_PUBLICATIONS.MEDIAKEY,integer,,3366,"","",Not mapped. Foreign key to Medium.id
MediumPublication,prior_attribution,MEDIA_PUBLICATIONS.PRIOR_ATTRIBUTION,boolean,,false,"","",Not mapped
MediumPublication,illustration,MEDIA_PUBLICATIONS.ILLUSTRATION,boolean,,false,"","",Not mapped
MediumPublication,publication,MEDIA_PUBLICATIONS.PUBLICATION,string,4000,Lake St Clair 2004 trip report.pdf,ebibliography,MulMultiMediaRef_tab,Attach multimedia record(s) through Medium.id = MediumPublication.medium_id and Publication.id = MediumPublication.publication_id associations.
MediumPublication,publication_date,MEDIA_PUBLICATIONS.PUBLICATION_DATE,string,4000,2011,"","",Not mapped
