model,field_name,MIMSY_field_name,field_type,field_length,field_example,emu_module,emu_column,migration_instructions
MediumDescriptor,id,MEDIA_DESCRIPTORS.ID,integer,,2780,"","",Not mapped
MediumDescriptor,medium_id,MEDIA_DESCRIPTORS.MEDIAKEY,integer,,6093,"","",Not mapped. Foreign key to Medium.id
MediumDescriptor,component,MEDIA_DESCRIPTORS.COMPONENT,string,100,JPEG,emultimedia,NotNotes,"Append single line to field as ""Component:"" + MediumDescriptor.component + ""; Descriptor:"" + MediumDescriptor.descriptor + ""; Term:"" + MediumDescriptor.term. For example, the single line entry for one record should appear like ""Component:IPTC; Descriptor:Directory Version; Term:2"""
MediumDescriptor,descriptor,MEDIA_DESCRIPTORS.DESCRIPTOR,string,100,Component 1,"","",Not mapped but see MediumDescriptor.component for details
MediumDescriptor,term,MEDIA_DESCRIPTORS.TERM,string,500,1000 pixels,"","",Not mapped but see MediumDescriptor.component for details
