model,field_name,MIMSY_field_name,field_type,field_length,field_example,emu_module,emu_column,migration_instructions
MediumTaxon,id,MEDIA_TAXONOMY.AUTHLINKKEY,integer,,3245579,"","",Not mapped
MediumTaxon,medium_id,MEDIA_TAXONOMY.MEDIAKEY,integer,,45856,"","","Not directly mapped. Foreign key to Medium.id. Once Multimedia and Taxonomy entries are created, attach the Multimedia item to the Taxon record."
MediumTaxon,taxon_id,MEDIA_TAXONOMY.SPECKEY,integer,,1162965,"","","Not directly mapped. Foreign key to Taxon.id. Once Multimedia and Taxonomy entries are created, attach the Multimedia item to the Taxon record."
MediumTaxon,prior_attribution,MEDIA_TAXONOMY.PRIOR_ATTRIBUTION,boolean,,false,"","",Not mapped
MediumTaxon,taxonomy,MEDIA_TAXONOMY.TAXONOMY,string,4000,Alces americana,"","",Not mapped
MediumTaxon,broader_text,MEDIA_TAXONOMY.BROADER_TEXT,string,4000,Animalia; Chordata; Vertebrata; Mammalia; Artiodactyla; Cervidae; Alces,"","",Not mapped
