model,field_name,MIMSY_field_name,field_type,field_length,field_example,emu_module,emu_column,migration_instructions
Notepad,id,NOTEPAD.ID,decimal,,,"","",Not mapped
Notepad,table_key,NOTEPAD.TABLE_KEY,integer,10,,"","",Not mapped
Notepad,table_name,NOTEPAD.TABLE_NAME,string,30,,"","",Not mapped
Notepad,column_name,NOTEPAD.COLUMN_NAME,string,32,,"","",Not mapped
Notepad,module,NOTEPAD.MODULE,string,32,,"","",Not mapped
Notepad,subject,NOTEPAD.SUBJECT,string,100,,"","",Not mapped
Notepad,contributor,NOTEPAD.CONTRIBUTOR,string,100,,"","",Not mapped
Notepad,contribution_date,NOTEPAD.CONTRIBUTION_DATE,string,11,,"","",Not mapped
Notepad,note,NOTEPAD.NOTE,text,,,"","",Not mapped
Notepad,url,NOTEPAD.URL,string,500,,"","",Not mapped
Notepad,private,NOTEPAD.PRIVATE,boolean,,,"","",Not mapped
Notepad,created_by,NOTEPAD.CREATED_BY,string,32,,"","",Not mapped
Notepad,create_date,NOTEPAD.CREATE_DATE,datetime,,,"","",Not mapped
Notepad,carryover,NOTEPAD.CARRYOVER,string,4000,,"","",Not mapped
