model,field_name,MIMSY_field_name,field_type,field_length,field_example,emu_module,emu_column,migration_instructions
PersonPublication,id,PEOPLE_PUBLICATIONS.AUTHLINKKEY,integer,,3315779,"","",Not mapped
PersonPublication,person_id,PEOPLE_PUBLICATIONS.LINK_ID,integer,,31052,"","",Not mapped. Foreign key to Person.id
PersonPublication,publication_id,PEOPLE_PUBLICATIONS.PKEY,integer,,8577,"","",Not mapped. Foreign key to Publication.id
PersonPublication,relationship,PEOPLE_PUBLICATIONS.RELATIONSHIP,string,500,author,ebibliography,Role_tab,"Column name depends on publication type. Values in data are: [""author"", ""editor"", ""author (1st)"", ""co-author""]"
PersonPublication,prior_attribution,PEOPLE_PUBLICATIONS.PRIOR_ATTRIBUTION,boolean,,false,"","",Not mapped
PersonPublication,illustration,PEOPLE_PUBLICATIONS.ILLUSTRATION,boolean,,false,"","",Not mapped
PersonPublication,publication,PEOPLE_PUBLICATIONS.PUBLICATION,string,4000,"Sedimentology and Taphonomy of the Oldman formation (Campanian), Dinosaur Provincial Park, Alberta (Canada)","","",Not mapped
PersonPublication,publication_date,PEOPLE_PUBLICATIONS.PUBLICATION_DATE,string,4000,1861,"","",Not mapped
