model,field_name,MIMSY_field_name,field_type,field_length,field_example,emu_module,emu_column,migration_instructions
PersonTaxon,id,PEOPLE_TAXONOMY.AUTHLINKKEY,integer,,3123248,"","",Not mapped
PersonTaxon,person_id,PEOPLE_TAXONOMY.LINK_ID,integer,,30324,"","",Not mapped. Foreign key to Person.id
PersonTaxon,taxon_id,PEOPLE_TAXONOMY.SPECKEY,integer,,1196505,"","",Not mapped. Foreign key to Taxon.id
PersonTaxon,relationship,PEOPLE_TAXONOMY.RELATIONSHIP,string,500,author,"","",Not mapped
PersonTaxon,prior_attribution,PEOPLE_TAXONOMY.PRIOR_ATTRIBUTION,boolean,,false,"","",Not mapped
PersonTaxon,taxonomy,PEOPLE_TAXONOMY.TAXONOMY,string,4000,Kimurachelys slobodae,"","",Not mapped
PersonTaxon,broader_text,PEOPLE_TAXONOMY.BROADER_TEXT,string,4000,Animalia; Chordata; Vertebrata; Reptilia; Archosauria; Dinosauria; Ornithischia; Ceratopsia; Neoceratopsia; Ceratopsidae; Chasmosaurinae,"","",Not mapped
