model,field_name,MIMSY_field_name,field_type,field_length,field_example,emu_module,emu_column,migration_instructions
Publication,id,PUBLICATIONS.PKEY,integer,,5138,"","",Not mapped
Publication,language,PUBLICATIONS.LANGUAGE,string,3,eng,ebibliography,"","Column for language dependent on the publication_type. For example, a publication_type = ""journal article"", the mapped field would be ""JouPublicationLanguage"""
Publication,publication_type,PUBLICATIONS.PUB_TYPE,string,100,journal article,ebibliography,BibRecordType,"Map to existing BibRecordType as best as possible. Anything not remotely similar, choose ""Other"""
Publication,exhibit_catalogue,PUBLICATIONS.EXHIBIT_CATALOGUE,boolean,,false,"","",Not mapped
Publication,title,PUBLICATIONS.TITLE,string,500,Relationships of the Triassic Maleri fauna.,ebibliography,ArtTitle,"Mapped field depends on value of publication_type. For example, a publication_type = ""book"", the mapped field is instead ebibliography::BooTitle"
Publication,brief_title,PUBLICATIONS.BRIEF_TITLE,string,100,New Genera and Species from the Belly River Series (Mid-Cretaceous),ebibliography,BooAbbreviatedTitle,"Mapped field depends on value of publication_type where option exists. For example, a publication_type = ""book"", the mapped field is instead ebibliography::BooAbbreviatedTitle"
Publication,sort_name,PUBLICATIONS.SORT_NAME,string,500,"BIBLIOGRAPHY AND CATALOGUE OF THE FOSSIL VERTEBRATA OF NORTH AMERICA BY HAY, O. P.","","",Not mapped
Publication,title_statement,PUBLICATIONS.TITLE_STATEMENT,string,100,Athlon: Essays on Palaeontology in Honour of Loris Shano Russell,ebibliography,NotNotes,"Append to field and prefix with ""Title Statement: """
Publication,series_title,PUBLICATIONS.SERIES_TITLE,string,500,Field Museum of Natural History Technique Series,ebibliography,ArtParent,"Mapped field depends on value of publication_type. There are no pre-existing journal entries here. So for example, if the series title is that of a journal title, then a Bibliography record must be created and/or mapped as a type Journal."
Publication,author,PUBLICATIONS.AUTHOR,string,500,"McGrew, Paul O.",ebibliography,ArtAuthors_tab,"Parse entries here with semicolons and ampersands used as separator and create/link Party records as required. The first author in the list should have ArtRole_tab = ""First Author"" (field depends on the publication type of course)"
Publication,editor,PUBLICATIONS.EDITOR,string,500,Richard P. Strong,ebibliography,ArtAuthors_tab,"Parse entries here with semicolons and ampersands used as separator and create/link Party records as required. Authors in the list should have ArtRole_tab = ""Editor"" (field depends on the publication type of course)"
Publication,published,PUBLICATIONS.PUBLISHED,boolean,,true,ebibliography,NotNotes,"If published = false, append to field with statement ""Not published"""
Publication,publisher,PUBLICATIONS.PUBLISHER,string,500,Canadian Museum of Nature,ebibliography,BooPublishedBy,"Mapped field depends on value of publication_type. Mapping here is provided for publication_type = ""book"", but this mapping will be different for publication_type = ""article""."
Publication,publication_date,PUBLICATIONS.PUBLICATION_DATE,string,100,1985,ebibliography,BooPublicationDate,Mapped field depends on value of publication_type.
Publication,year_published,PUBLICATIONS.YEAR_PUBLISHED,integer,10,,"","",Not mapped
Publication,place_published,PUBLICATIONS.PLACE_PUBLISHED,string,500,University of Toronto Press,ebibliography,BooPublicationCity,"Mapped field depends on value of publication_type and where a destination field exists for the publication_type. If none exists for a publication_type, append to ebibliography::NotNotes with ""Place Published:"" "
Publication,citation,PUBLICATIONS.CITATION,string,500,Fisheries and Marine Services,ebibliography,NotNotes,"Append to field, prefix with ""Citation: """
Publication,volume,PUBLICATIONS.VOLUME,string,10,100,ebibliography,ArtVolume,"Mapped field depends on value of publication_type. For example, a publication_type = ""book"", the mapped field is instead ebibliography::BooVolume"
Publication,issue,PUBLICATIONS.ISSUE,string,10,art. 4,ebibliography,ArtIssue,Mapped field depends on value of publication_type and where a destination field exists for that publication_type.
Publication,edition,PUBLICATIONS.EDITION,string,10,"June, 1880",ebibliography,BooEdition,Mapped field depends on value of publication_type and where a destination field exists for that publication_type.
Publication,volumes,PUBLICATIONS.VOLUMES,integer,10,,ebibliography,NotNotes,"Append to field, prefix with ""Total Volumes: """
Publication,section,PUBLICATIONS.SECTION,string,100,G-H,ebibliography,NotNotes,"Append to field, prefix with ""Section: """
Publication,pages_tracks,PUBLICATIONS.PAGES_TRACKS,string,100,191-196,ebibliography,BooPages,Mapped field depends on value of publication_type and where a destination field exists for that publication_type.
Publication,illustrated,PUBLICATIONS.ILLUSTRATED,string,,N,ebibliography,NotNotes,"Append to field, prefix with ""Illustrated: """
Publication,subject_headings,PUBLICATIONS.SUBJECT_HEADINGS,string,4000,Part 2: On Vertebrata of the Mid-Cretaceous of the North West Territory,ebibliography,NotNotes,"Append to field, prefix with ""Subject Headings: """
Publication,description,PUBLICATIONS.DESCRIPTION,string,4000,memoir,ebibliography,NotNotes,"Append to field, prefix with ""Description: """
Publication,abstract,PUBLICATIONS.ABSTRACT,string,4000,"Laubitz & Mills, 1972",ebibliography,NotNotes,"Append to field, prefix with ""Abstract: """
Publication,url,PUBLICATIONS.URL,string,500,http://science.peru.edu/COPA/ProcHelmSocWash_V48_N2_1981I.pdf,ebibliography,NotNotes,"Append to field, prefix with ""URL: """
Publication,issn_isbn,PUBLICATIONS.ISSN_ISBN,string,48,978-3-89937-080-5,ebibliography,BooISBN,Mapped field depends on value of publication_type and where a destination field exists for that publication_type.
Publication,on_site,PUBLICATIONS.ON_SITE,boolean,,true,ebibliography,NotNotes,"Append to field, prefix with ""On Site: """
Publication,location,PUBLICATIONS.LOCATION,string,100,Sternberg Library,ebibliography,NotNotes,"Append to field, prefix with ""Location: """
Publication,locator_number,PUBLICATIONS.LOCATOR_NUMBER,string,100,doi: 10.1002/ece3.347,ebibliography,NotNotes,"Append to field, prefix with ""Call Number: """
Publication,system_number,PUBLICATIONS.SYSTEM_NUMBER,string,100,,ebibliography,NotNotes,"Append to field, prefix with ""Other Number: """
Publication,note,PUBLICATIONS.NOTE,string,4000,"Extracted from American Naturalist for January, 1889.",ebibliography,NotNotes,"Append to field, prefix with ""Note: """
Publication,publish,PUBLICATIONS.PUBLISH,boolean,,false,ebibliography,AdmPublishWebNoPassword,"If value is false or null, mark both Publish on Internet and Intranet as No; if value is true, mark both as Yes."
Publication,option1,PUBLICATIONS.OPTION1,string,4000,"
















































































































































































































","","",Not mapped
Publication,flag1,PUBLICATIONS.FLAG1,boolean,,false,"","",Not mapped
Publication,flag2,PUBLICATIONS.FLAG2,boolean,,false,"","",Not mapped
Publication,created_by,PUBLICATIONS.CREATED_BY,string,32,JHAUGHTON,"","",Not mapped
Publication,create_date,PUBLICATIONS.CREATE_DATE,datetime,,2005-08-25 00:00:00 UTC,"","",Not mapped
Publication,updated_by,PUBLICATIONS.UPDATED_BY,string,32,MCURRIE,"","",Not mapped
Publication,update_date,PUBLICATIONS.UPDATE_DATE,datetime,,2016-09-30 09:31:53 UTC,"","",Not mapped
