model,field_name,MIMSY_field_name,field_type,field_length,field_example,emu_module,emu_column,migration_instructions
Right,id,RIGHTS.RIGHTSKEY,integer,,1231,"","",Not mapped. Primary key.
Right,table_key,RIGHTS.TABLE_KEY,integer,,3058,"","",Not mapped. Foreign key to Media.id
Right,table_name,RIGHTS.TABLE_NAME,string,30,MEDIA,"","","All records in this table relate to the table_name = ""MEDIA"". As a result, table_key is the foreign key to Media.id."
Right,rights_type,RIGHTS.RIGHTS_TYPE,string,100,copyright,emultimedia,DetRights,"Append to field, prefix with ""Rights Type: "" when present"
Right,begin_date,RIGHTS.BEGIN_DATE,string,11,2006-04-12,emultimedia,DetRights,"Append to field, prefix with ""Begin Date: "" when present"
Right,right,RIGHTS.RIGHTS_TEXT,string,4000,© CMN,emultimedia,DetRights,"Append to field, prefix with ""Begin Date: "" when present"
Right,person_id,RIGHTS.LINK_ID,integer,,2,"","",Not mapped
Right,holder,RIGHTS.RIGHTS_HOLDER,string,4000,Canadian Museum of Nature,emultimedia,DetRights,"Append to field, prefix with ""Rights Holder: "" when present"
Right,granting_status,RIGHTS.GRANTING_STATUS,string,100,approved,emultimedia,DetRights,"Append to field, prefix with ""Granting Status: "" when present"
Right,flag1,RIGHTS.FLAG1,boolean,,false,"","",Not mapped
Right,flag2,RIGHTS.FLAG2,boolean,,false,"","",Not mapped
Right,flag3,RIGHTS.FLAG3,boolean,,false,"","",Not mapped
Right,flag4,RIGHTS.FLAG4,boolean,,false,"","",Not mapped
Right,flag5,RIGHTS.FLAG5,boolean,,false,"","",Not mapped
Right,flag6,RIGHTS.FLAG6,boolean,,false,"","",Not mapped
Right,flag7,RIGHTS.FLAG7,boolean,,false,"","",Not mapped
Right,flag8,RIGHTS.FLAG8,boolean,,false,"","",Not mapped
Right,flag9,RIGHTS.FLAG9,boolean,,false,"","",Not mapped
Right,flag10,RIGHTS.FLAG10,boolean,,false,"","",Not mapped
Right,regarding,RIGHTS.CARRYOVER,string,4000,"JGOughton1967_46s.jpg
\\n-nas1.mus-nature.ca\dept\MIMSY\mmimage\Documents\fieldnote\
JPEG","","",Not mapped
