model,field_name,MIMSY_field_name,field_type,field_length,field_example,emu_module,emu_column,migration_instructions
SiteCollection,site_id,SITE_COLLECTIONS.SKEY,integer,,575908,"","",Not mapped. Foreign key to Site.id
SiteCollection,count_number,SITE_COLLECTIONS.COUNT_NUMBER,integer,10,1,ecollectionevents,NotNotes,"Append single row containing concatenation of fields expressed as ""Collection Type: "" + SiteCollection.collection_type + ""; Repository: "" + SiteCollection.repository + ""; Count Type: "" + SiteCollection.count_type + ""; Count Number: "" + SiteCollection.count_number + ""; Note: "" + SiteCollection.note"
SiteCollection,count_type,SITE_COLLECTIONS.COUNT_TYPE,string,100,objects,"","",Not mapped. See SiteCollection.count_number for instructions
SiteCollection,collection_type,SITE_COLLECTIONS.COLLECTION_TYPE,string,100,artifact,"","",Not mapped. See SiteCollection.count_number for instructions
SiteCollection,repository,SITE_COLLECTIONS.REPOSITORY,string,500,Canadian Museum of Nature,"","",Not mapped. See SiteCollection.count_number for instructions
SiteCollection,note,SITE_COLLECTIONS.NOTE,string,4000,Number of objects at the PWNHC not recorded in the CMH Archaeological Sites Database.,"","",Not mapped. See SiteCollection.count_number for instructions
SiteCollection,id,SITE_COLLECTIONS.ID,integer,,58,"","",Not mapped
