model,field_name,MIMSY_field_name,field_type,field_length,field_example,emu_module,emu_column,migration_instructions
SiteDescription,id,SITE_DESCRIPTIONS.ID,integer,,,"","",Not mapped
SiteDescription,site_id,SITE_DESCRIPTIONS.SKEY,integer,,,"","",Not mapped. Foreign key to Site.id
SiteDescription,prior_attribution,SITE_DESCRIPTIONS.PRIOR_ATTRIBUTION,boolean,,,"","",Not mapped
SiteDescription,description_type,SITE_DESCRIPTIONS.DESCRIPTION_TYPE,string,100,,"","",Not mapped
SiteDescription,description,SITE_DESCRIPTIONS.DESCRIPTION,string,4000,,"","",Not mapped
SiteDescription,descript_source,SITE_DESCRIPTIONS.DESCRIPT_SOURCE,string,500,,"","",Not mapped
SiteDescription,descript_date,SITE_DESCRIPTIONS.DESCRIPT_DATE,string,11,,"","",Not mapped
SiteDescription,attrib_type,SITE_DESCRIPTIONS.ATTRIB_TYPE,string,100,,"","",Not mapped
SiteDescription,attributor,SITE_DESCRIPTIONS.ATTRIBUTOR,string,500,,"","",Not mapped
SiteDescription,attrib_date,SITE_DESCRIPTIONS.ATTRIB_DATE,string,11,,"","",Not mapped
SiteDescription,attrib_source,SITE_DESCRIPTIONS.ATTRIB_SOURCE,string,500,,"","",Not mapped
SiteDescription,attrib_comment,SITE_DESCRIPTIONS.ATTRIB_COMMENT,string,4000,,"","",Not mapped
SiteDescription,certainty,SITE_DESCRIPTIONS.CERTAINTY,string,500,,"","",Not mapped
SiteDescription,step,SITE_DESCRIPTIONS.STEP,decimal,,,"","",Not mapped
SiteDescription,note,SITE_DESCRIPTIONS.NOTE,string,4000,,"","",Not mapped
