model,field_name,MIMSY_field_name,field_type,field_length,field_example,emu_module,emu_column,migration_instructions
SiteFeature,site_id,SITE_FEATURES.SKEY,integer,,564621,"","",Not mapped. Foreign key to Site.id
SiteFeature,feature_type,SITE_FEATURES.FEATURE_TYPE,string,100,Tent Ring,esites,NotNotes,"Append to field, prefix with ""Site Feature: "" + SiteFeature.feature_type + ""; Note: "" + SiteFeature.note"
SiteFeature,note,SITE_FEATURES.NOTE,string,4000,Located at southwest end of site.,"","",Not mapped. See SiteFeature.feature_type for mapping instructions
SiteFeature,id,SITE_FEATURES.ID,integer,,210,"","",Not mapped
