model,field_name,MIMSY_field_name,field_type,field_length,field_example,emu_module,emu_column,migration_instructions
SiteSurvey,site_id,SITE_SURVEYS.SKEY,integer,,1157,"","",Not mapped. Foreign key to Site.id
SiteSurvey,surveyor,SITE_SURVEYS.SURVEYOR,string,500,"Bousfield, E.L.",esites,NotNotes,"Append single line on corresponding site record through Site.id = SiteSurvey.site_id association as follows: ""Surveyor:"" SiteSurvey.surveyor; Survey Date: SiteSurvey.begin_date - SiteSurvey.end_date; Survey Note: SiteSurvey.note"
SiteSurvey,begin_date,SITE_SURVEYS.BEGIN_DATE,string,11,1950-08-18,"","",Not mapped. See SiteSurvey.surveyor for instructions
SiteSurvey,end_date,SITE_SURVEYS.END_DATE,string,11,1959-08-19,"","",Not mapped. See SiteSurvey.surveyor for instructions
SiteSurvey,note,SITE_SURVEYS.NOTE,string,4000,"drag, 8","","",Not mapped. See SiteSurvey.surveyor for instructions
SiteSurvey,id,SITE_SURVEYS.ID,integer,,33,"","",Not mapped
