model,field_name,MIMSY_field_name,field_type,field_length,field_example,emu_module,emu_column,migration_instructions
SiteMedium,id,SITES_MEDIA.AUTHLINKKEY,integer,,2481170,"","",Not mapped
SiteMedium,medium_id,SITES_MEDIA.MEDIAKEY,integer,,2293,"","",Not mapped. Foreign key to Medium.id
SiteMedium,site_id,SITES_MEDIA.SKEY,integer,,384765,"","",Not mapped. Foreign key to Site.id
SiteMedium,prior_attribution,SITES_MEDIA.PRIOR_ATTRIBUTION,boolean,,false,"","",Not mapped
SiteMedium,media,SITES_MEDIA.MEDIA,string,4000,Clarke1965_12s.jpg,esites,MulMultiMediaRef_tab,Attach multimedia record(s) through SiteMedium.id = Site.id and SiteMedium.medium_id = Medium.id associations
