model,field_name,MIMSY_field_name,field_type,field_length,field_example,emu_module,emu_column,migration_instructions
SiteCoordinate,id,SITE_COORDINATES.ID,integer,,2502,"","",Not mapped
SiteCoordinate,site_id,SITE_COORDINATES.SKEY,integer,,2494,"","",Not mapped. Foreign key to Site.id
SiteCoordinate,type,SITE_COORDINATES.COORD_TYPE,string,100,start latitude,"","",Not mapped
SiteCoordinate,degrees,SITE_COORDINATES.PART1,integer,10,47,"","",Not mapped
SiteCoordinate,minutes,SITE_COORDINATES.PART2,decimal,,18.0,"","",Not mapped
SiteCoordinate,seconds,SITE_COORDINATES.PART3,decimal,,9.0,"","",Not mapped
SiteCoordinate,direction,SITE_COORDINATES.DIRECTION,string,,N,"","",Not mapped
SiteCoordinate,decimal_degrees,SITE_COORDINATES.DECIMAL_COORDINATE,decimal,,43.83,"","",Not mapped
SiteCoordinate,decimal_is_primary,SITE_COORDINATES.DECIMAL_IS_PRIMARY,boolean,,false,"","",Not mapped
SiteCoordinate,note,SITE_COORDINATES.NOTE,string,4000,,"","",Not mapped
