model,field_name,MIMSY_field_name,field_type,field_length,field_example,emu_module,emu_column,migration_instructions
SiteEvent,id,SITES_EVENTS.AUTHLINKKEY,integer,,2474308,"","",Not mapped
SiteEvent,event_id,SITES_EVENTS.VKEY,integer,,90,"","",Not mapped. Foreign key to Event.id
SiteEvent,site_id,SITES_EVENTS.SKEY,integer,,442957,"","",Not mapped. Foreign key to Site.id
SiteEvent,prior_attribution,SITES_EVENTS.PRIOR_ATTRIBUTION,boolean,,false,"","",Not mapped
SiteEvent,event,SITES_EVENTS.EVENT,string,4000,Vegetation Survey along the Enterprise-Mackenzie River Highway,esites,NotNotes,"Append to field, prefix with ""Event: """
