model,field_name,MIMSY_field_name,field_type,field_length,field_example,emu_module,emu_column,migration_instructions
SitePermit,site_id,SITE_PERMITS.SKEY,integer,,511906,"","",Not mapped. Foreign key to Site.id
SitePermit,permit_number,SITE_PERMITS.PERMIT_NUMBER,string,100,2013-039A,erights,RigPermitNumber,Also attach to ecollectionevents::ColPermitNumber_tab
SitePermit,permit_type,SITE_PERMITS.PERMIT_TYPE,string,100,NU (class 2),erights,PerPermissionType,""
SitePermit,issued_to,SITE_PERMITS.ISSUED_TO,string,500,"Linnamae, Urve",erights,SitAuthorisedCollectors_tab,Create/attach Party record
SitePermit,issued_by,SITE_PERMITS.ISSUED_BY,string,500,Government of Nunavut,erights,PerIssuedBy,Create/attach Party record
SitePermit,date_issued,SITE_PERMITS.DATE_ISSUED,string,11,2013-04-01,erights,PerDateIssued,""
SitePermit,begin_date,SITE_PERMITS.BEGIN_DATE,string,11,2012-04-01,erights,RigCommencementDate,""
SitePermit,end_date,SITE_PERMITS.END_DATE,string,11,2011-03-31,erights,RigExpiryDate,""
SitePermit,note,SITE_PERMITS.NOTE,string,4000,Assessment and salvage work for Sabina Gold and Silver Corporation.,erights,NotNotes,""
SitePermit,id,SITE_PERMITS.ID,integer,,1068,"","",Not mapped
