model,field_name,MIMSY_field_name,field_type,field_length,field_example,emu_module,emu_column,migration_instructions
SiteMeasurement,id,SITE_MEASUREMENTS.ID,integer,,94,"","",Not mapped
SiteMeasurement,site_id,SITE_MEASUREMENTS.SKEY,integer,,10240,"","",Not mapped. Foreign key to Site.id
SiteMeasurement,measure_type,SITE_MEASUREMENTS.MEASURE_TYPE,string,100,Water/substrate temperature,esites,"","Populate aquatic details panel when measure_type corresponds to each element, paying attention to the units provided in length_unit, width_unit, and depth_unit. When measure_type does not logically correspond to any options in the Habitat tab, these measures likely corresond to entries in a Collection Event."
SiteMeasurement,measure_length,SITE_MEASUREMENTS.MEASURE_LENGTH,decimal,,22.0,"","",See SiteMeasurement.measure_type for instructions
SiteMeasurement,measure_width,SITE_MEASUREMENTS.MEASURE_WIDTH,decimal,,122.0,"","",See SiteMeasurement.measure_type for instructions
SiteMeasurement,measure_depth,SITE_MEASUREMENTS.MEASURE_DEPTH,decimal,,5.0,"","",See SiteMeasurement.measure_type for instructions
SiteMeasurement,length_unit,SITE_MEASUREMENTS.LENGTH_UNIT,string,10,ºC,"","",See SiteMeasurement.measure_type for instructions
SiteMeasurement,width_unit,SITE_MEASUREMENTS.WIDTH_UNIT,string,10,m,"","",See SiteMeasurement.measure_type for instructions
SiteMeasurement,depth_unit,SITE_MEASUREMENTS.DEPTH_UNIT,string,10,m,"","",See SiteMeasurement.measure_type for instructions
SiteMeasurement,note,SITE_MEASUREMENTS.NOTE,string,4000,seine,esites,HabHabitatRemarks,"Append to field, separate multiple notes with pipe, "" | """
SiteMeasurement,display,SITE_MEASUREMENTS.DISPLAY,string,500,collection depth: 64,"","",Not mapped
SiteMeasurement,prior_attribution,SITE_MEASUREMENTS.PRIOR_ATTRIBUTION,boolean,,false,"","",Not mapped
