model,field_name,MIMSY_field_name,field_type,field_length,field_example,emu_module,emu_column,migration_instructions
SitePhoto,site_id,SITE_PHOTOS.SKEY,integer,,438044,"","",Not mapped. Foreign key to Site.id
SitePhoto,photo_number,SITE_PHOTOS.PHOTO_NUMBER,string,100,35149,esites,NotNotes,"Append to field in corresponding Site record through SitePhoto.site_id = Site.id relationship, prefix with ""Photo Number: "" when present"
SitePhoto,photo_type,SITE_PHOTOS.PHOTO_TYPE,string,100,black-and-white,esites,NotNotes,"Append to field in corresponding Site record through SitePhoto.site_id = Site.id relationship, prefix with ""Photo Type: "" when present"
SitePhoto,photo_date,SITE_PHOTOS.PHOTO_DATE,string,11,1914,esites,NotNotes,"Append to field in corresponding Site record through SitePhoto.site_id = Site.id relationship, prefix with ""Photo Date: "" when present"
SitePhoto,source,SITE_PHOTOS.SOURCE,string,500,CMN,esites,NotNotes,"Append to field in corresponding Site record through SitePhoto.site_id = Site.id relationship, prefix with ""Photo Number: "" when present"
SitePhoto,note,SITE_PHOTOS.NOTE,string,4000,Upturned beds of lower Pennsylvanian at Gilbert's Cliff,esites,NotNotes,"Append to field in corresponding Site record through SitePhoto.site_id = Site.id relationship, prefix with ""Photo Note: "" when present"
SitePhoto,id,SITE_PHOTOS.ID,integer,,200,"","",Not mapped
