model,field_name,MIMSY_field_name,field_type,field_length,field_example,emu_module,emu_column,migration_instructions
SiteCulture,site_id,SITE_CULTURES.SKEY,integer,,590727,"","",Not mapped. Foreign key to Site.id
SiteCulture,culture,SITE_CULTURES.CULTURE,string,500,Prehistoric (Undetermined),esites,NotNotes,"Append to field, prefix with ""Culture: "" + SiteCulture.culture + ""; Phase: "" + SiteCulture.phase + ""; Period: "" + SiteCulture.period + ""; Note: "" + SiteCulture.note + "" when present"
SiteCulture,phase,SITE_CULTURES.PHASE,string,500,c. AD 1848-1849,"","",Not mapped. See SiteCulture.culture for instructions.
SiteCulture,period,SITE_CULTURES.PERIOD,string,500,?-?,"","",Not mapped. See SiteCulture.culture for instructions.
SiteCulture,note,SITE_CULTURES.NOTE,string,4000,Britsh naval exploration party.,"","",Not mapped. See SiteCulture.culture for instructions.
SiteCulture,id,SITE_CULTURES.ID,integer,,152,"","",Not mapped
