model,field_name,MIMSY_field_name,field_type,field_length,field_example,emu_module,emu_column,migration_instructions
SiteExcavation,site_id,SITE_EXCAVATIONS.SKEY,integer,,574004,"","",Not mapped. Foreign key to Site.id
SiteExcavation,excavator,SITE_EXCAVATIONS.EXCAVATOR,string,500,"Pinard, Claude",esites,NotNotes,"Append to field as follows: ""Excavation: "" + SiteExcavation.excavator + "" (excavator); "" + SiteExcavation.sponsor + "" (sponsor); Date: "" + SiteExcavation.begin_date + ""-"" + SiteExcavation.end_date + ""; Note: "" + SiteExcavation.note"
SiteExcavation,sponsor,SITE_EXCAVATIONS.SPONSOR,string,500,Baffinland Iron Mine Corporation,"","",Not mapped. See SiteExcavation.excavator for instructions
SiteExcavation,begin_date,SITE_EXCAVATIONS.BEGIN_DATE,string,11,2013,"","",Not mapped. See SiteExcavation.excavator for instructions
SiteExcavation,end_date,SITE_EXCAVATIONS.END_DATE,string,11,2013,"","",Not mapped. See SiteExcavation.excavator for instructions
SiteExcavation,note,SITE_EXCAVATIONS.NOTE,string,4000," time 0830-1030, temp. 13C","","",Not mapped. See SiteExcavation.excavator for instructions
SiteExcavation,id,SITE_EXCAVATIONS.ID,integer,,14,"","",Not mapped
