model,field_name,MIMSY_field_name,field_type,field_length,field_example,emu_module,emu_column,migration_instructions
Subject,id,SUBJECTS.SUBKEY,integer,,-9999,"","",Not mapped
Subject,language,SUBJECTS.LANGUAGE,string,3,eng,"","",Not mapped
Subject,candidate,SUBJECTS.CANDIDATE,boolean,,false,"","",Not mapped
Subject,subject,SUBJECTS.SUBJECT,string,500,Destructive sampling - G. Allen March 2008,"","",Not mapped
Subject,sort_name,SUBJECTS.SORT_NAME,string,500,DESTRUCTIVE SAMPLING - G. ALLEN MARCH 2008,"","",Not mapped
Subject,subject_category,SUBJECTS.SUBJECT_CATEGORY,string,500,DNA extraction,"","",Not mapped
Subject,description,SUBJECTS.DESCRIPTION,string,4000,"Description of subsampling:
Subsampling by removing small amounts of leaf material (1 leaf or less) per specimen from specimens collected in northern Canada, from which DNA will be extracted for sequencing of selected gene regions.

Project:  
Phylogeography of Oxyria digyna (mountain-sorrel) in North America: A survey of molecular variation in O. digyna throughout its North American distribution to 1) determine patterns of past-glacial migration and distpersal, and 2) identify areas of high genetic diversity that may indicate refugial areas.  

Technique:
DNA will be extracted for sequencing of selected gene regions (especially 2 chloroplast spacer regions: psbA-trutt and turT-L) to survey fine-scale genetic variation.  The extracted DNA from all samples will be stored and made available for study of other DNA regions in the future.","","",Not mapped
Subject,note,SUBJECTS.NOTE,string,4000,Outgoing transaction #,"","",Not mapped
Subject,publish,SUBJECTS.PUBLISH,boolean,,false,"","",Not mapped
Subject,date1,SUBJECTS.DATE1,string,11,2008-03-07,"","",Not mapped
Subject,flag1,SUBJECTS.FLAG1,boolean,,false,"","",Not mapped
Subject,flag2,SUBJECTS.FLAG2,boolean,,false,"","",Not mapped
Subject,created_by,SUBJECTS.CREATED_BY,string,32,MIGRATION,"","",Not mapped
Subject,create_date,SUBJECTS.CREATE_DATE,datetime,,2008-03-07 12:03:16 UTC,"","",Not mapped
Subject,updated_by,SUBJECTS.UPDATED_BY,string,32,JDOUBT,"","",Not mapped
Subject,update_date,SUBJECTS.UPDATE_DATE,datetime,,2008-03-07 14:22:38 UTC,"","",Not mapped
