model,field_name,MIMSY_field_name,field_type,field_length,field_example,emu_module,emu_column,migration_instructions
TaxonPublication,id,TAXONOMY_PUBLICATIONS.AUTHLINKKEY,integer,,3289878,"","",Not mapped
TaxonPublication,publication_id,TAXONOMY_PUBLICATIONS.PKEY,integer,,1201,"","",Not mapped. Foreign key to Publication.id
TaxonPublication,taxon_id,TAXONOMY_PUBLICATIONS.SPECKEY,integer,,1016388,"","",Not mapped. Foreign key to Taxon.id
TaxonPublication,relationship,TAXONOMY_PUBLICATIONS.RELATIONSHIP,string,500,Travassostrongylus,etaxonomy,CitRemarks_tab,"Append to field with prefix ""Relationship: "" when present"
TaxonPublication,note,TAXONOMY_PUBLICATIONS.NOTE,string,4000,nomen nudum,etaxonomy,CitRemarks_tab,"Append to field with prefix ""Note: "" when present"
TaxonPublication,prior_attribution,TAXONOMY_PUBLICATIONS.PRIOR_ATTRIBUTION,boolean,,true,"","",Not mapped
TaxonPublication,illustration,TAXONOMY_PUBLICATIONS.ILLUSTRATION,boolean,,false,etaxonomy,CitRemalrs_tab,"When true, append to field with statement: ""includes illustation"""
TaxonPublication,taxon_variation_id,TAXONOMY_PUBLICATIONS.TAXVARKEY,integer,,171995,"","",Not mapped. Foreign key to TaxonVariation.id
TaxonPublication,publication,TAXONOMY_PUBLICATIONS.PUBLICATION,string,4000,Some undescribed trematodes.,etaxonomy,CitCitedIn_tab,"Not mapped. However, attach bibliographic record through the TaxonPublication.publication_id = Publication.id association."
TaxonPublication,publication_date,TAXONOMY_PUBLICATIONS.PUBLICATION_DATE,string,4000,1987,"","",Not mapped
