model,field_name,MIMSY_field_name,field_type,field_length,field_example,emu_module,emu_column,migration_instructions
TaxonVariation,id,TAXONOMY_VARIATIONS.TAXVARKEY,integer,,4628,"","",Not mapped
TaxonVariation,taxon_id,TAXONOMY_VARIATIONS.SPECKEY,integer,,1000430,"","",Not mapped. Foreign key to Taxon.id
TaxonVariation,scientific_name,TAXONOMY_VARIATIONS.VARIATION,string,200,Agrostis canina var. montana,etaxonomy,SynName_tab,"All taxa in TaxonVariation must also have Taxonony records and linked as synonyms to the related Taxon record through their TaxonVariation.taxon_id = Taxon.id association. So, this field is also etaxonomy::ClaScientificName and when the Taxon record is created, etaxonomy::ClaCurrentlyAccepted  = false and the accepted Taxon record linked through taxon_id is link to populate etaxonomy::ClaCurrentName."
TaxonVariation,variation_type,TAXONOMY_VARIATIONS.VAR_TYPE,string,100,synonym,etaxonomy,SynKind_tab,Specify this synonym type for the accepted/valid name
TaxonVariation,attribution_type,TAXONOMY_VARIATIONS.ATTRIB_TYPE,string,100,,etaxonomy,NotNotes,"When creating the currently unaccepted Taxon record for this entry, append with the prefix ""Attribution Type: """
TaxonVariation,attributor,TAXONOMY_VARIATIONS.ATTRIBUTOR,string,500,,etaxonomy,NotNotes,"When creating the currently unaccepted Taxon record for this entry, append with the prefix ""Attributor: """
TaxonVariation,attribution_date,TAXONOMY_VARIATIONS.ATTRIB_DATE,string,11,,etaxonomy,NotNotes,"When creating the currently unaccepted Taxon record for this entry, append with the prefix ""Attribution Date: """
TaxonVariation,attribution_source,TAXONOMY_VARIATIONS.ATTRIB_SOURCE,string,500,,etaxonomy,NotNotes,"When creating the currently unaccepted Taxon record for this entry, append with the prefix ""Attribution Source: """
TaxonVariation,attribution_comment,TAXONOMY_VARIATIONS.ATTRIB_COMMENT,string,4000,,etaxonomy,NotNotes,"When creating the currently unaccepted Taxon record for this entry, append with the prefix ""Attribution Comment: """
TaxonVariation,note,TAXONOMY_VARIATIONS.NOTE,string,4000,now included under Prodinoceras,etaxonomy,NotNotes,"When creating the currently unaccepted Taxon record for this entry, append with the prefix ""Note: """
TaxonVariation,prior_attribution,TAXONOMY_VARIATIONS.PRIOR_ATTRIBUTION,boolean,,false,"","",Not mapped
TaxonVariation,authority,TAXONOMY_VARIATIONS.AUTHORITY,string,125,(Nyl.) Tuck.,etaxonomy,SynAuthority_tab,"When creating the currently unaccepted Taxon record for this entry, parse and populate fields in the Authors tab is done for Taxon.authority"
