model,field_name,MIMSY_field_name,field_type,field_length,field_example,emu_module,emu_column,migration_instructions
Taxon,id,TAXONOMY.SPECKEY,integer,,503022,"","",Not mapped
Taxon,language,TAXONOMY.LANGUAGE,string,3,eng,"","",Not mapped
Taxon,collection,TAXONOMY.TAXON_NAME,string,100,Zoology,etaxonomy,ClaApplicableCode,"If taxon.collection = ""Zoology"", make this = ""ICZN""; if taxon.collection = ""Botany"", make this = ""ICNAFP"""
Taxon,reference_number,TAXONOMY.REFERENCE_NUMBER,string,48,,etaxonomy,DesDescrition0,"Use ""Reference Number"" for etaxonomy::DesLabel0 when value present."
Taxon,scientific_name,TAXONOMY.SCIENTIFIC_NAME,string,200,Agave hiemiflora,etaxonomy,ClaScientificName,If is a hybrid formula containing symbol × then see other fields for instructions.
Taxon,parent_path,TAXONOMY.MALE_SINGLE_PARENT,string,4000,Animalia; Chordata; Vertebrata; Aves; Passeriformes; Icteridae,"","",Not mapped
Taxon,parent_id,TAXONOMY.BROADER_KEY1,integer,,1001862,etaxonomy,RanParent,"Populate link to Parent by using this self-referential, foreign key to Taxon.id. If Taxon.scientific_name contains a hybrid symbol then etaxonomy::ClaHybridParent1Sex = ""Male"" and use parent_id as self-referential foreign key to Taxon.id & create link for etaxonomy::ClaHybridParent1Name."
Taxon,second_parent_path,TAXONOMY.FEMALE_MULTI_PARENT,string,4000,,etaxonomy,NotNotes,"If Taxonomy.scientific_name is not a hybrid, containing the hybrid formula symbol ×, then append second_parent_path to this field when present, prefix with ""Second Parent: """
Taxon,broader_key2,TAXONOMY.BROADER_KEY2,decimal,,,"","","If Taxonomy.scientific_name is a hybrid combination and this is populated, make etaxonomy::ClaHybridParent2Sex = ""Female"" and use this broader_key2 as self-referential foreign key to Taxon.id & then create link for etaxonomy::ClaHybridParent2Name."
Taxon,hierarchy_level,TAXONOMY.HIERARCHY_LEVEL,integer,,29,"","",Not mapped
Taxon,rank,TAXONOMY.LEVEL_TEXT,string,100,species,etaxonomy,ClaRank,""
Taxon,authority,TAXONOMY.SOURCE,string,500,Kinberg  1867,etaxonomy,"","Requires parsing here into either etaxonomy::AutCombAuthors_tab + etaxonomy::AutCombYear (when brackets present in string) AND/OR etaxonomy::AutBasionymAuthors_tab + etaxonomy::AutBasionymYear (when no brackets present), being very careful to preserve ordering. Instances of etaxonomy::AutCombAuthorsRole_tab AND/OR etaxonomy::AutBasionymAuthorsRole_tab are all designated as ""author"". Please also create Party records and link."
Taxon,source_date,TAXONOMY.SOURCE_DATE,string,100,,"","","Can ordinarily be ignored, but should be equal to the year used in either etaxonomy::AutCombYear OR etaxonomy::AutBasionymYear. If there is no year to be found in Taxon.authority then use this as etaxonomy::AutCombYear OR etaxonomy::AutBasionymYear."
Taxon,identification,TAXONOMY.IDENTIFICATION,string,4000,†,extaxonomy,DesDescription0,"Use ""Identification"" for etaxonomy::DesLabel0 when populating this value"
Taxon,description,TAXONOMY.DESCRIPTION,string,4000,"EXTINCT SPECIES of canid (FOSSIL) - Pleistocene, N.A.
Replaces the previous designation 'Cuon'  (for North American fossil specimens only)",extaxonomy,DesDescription0,"Use ""Description"" for etaxonomy::DesLabel0 when populating this value"
Taxon,habitat,TAXONOMY.HABITAT,string,4000,,etaxonomy,DesDescription0,"Use ""Habitat"" for etaxonomy::DesLabel0 when populating this value"
Taxon,range_distribution,TAXONOMY.RANGE_DISTRIBUTION,string,4000,,etaxonomy,DesDescription0,"Use ""Range Distribution"" for etaxonomy::DesLabel0 when populating this value"
Taxon,endangered_status,TAXONOMY.ENDANGERED_STATUS,string,100,Rare in Ontario,etaxonomy,DesDescription0,"Use ""Endangered Status"" for etaxonomy::DesLabel0 when populating this value"
Taxon,status_note,TAXONOMY.STATUS_NOTE,string,4000,,etaxonomy,DescDescription0,"Use ""Status Note"" for etaxonomy::DesLabel0 when populating this value"
Taxon,remarks,TAXONOMY.REMARKS,string,4000,(Clapar}de  1870),etaxonomy,NotNotes,Append to field when present
Taxon,note,TAXONOMY.NOTE,string,4000,Rare in Canada,etaxonomy,NotNotes,Append to field when present
Taxon,info_history,TAXONOMY.INFO_HISTORY,string,4000,"Lutzoni, F.M., 1994, The Bryologist 97(2): 393",etaxonomy,DescDescription0,"Use ""Information History"" for etaxonomy::DesLabel0 when populating this value"
Taxon,modified,TAXONOMY.MODIFIED,boolean,,false,"","",Not mapped
Taxon,guide_term,TAXONOMY.GUIDE_TERM,boolean,,false,"","",Not mapped
Taxon,publish,TAXONOMY.PUBLISH,boolean,,false,etaxonomy,AdmPublishWebNoPassword,"If value is false or null, mark both Publish on Internet and Intranet as No; if value is true, mark both as Yes."
Taxon,sort_number,TAXONOMY.SORT_NUMBER,decimal,,19.0,etaxonomy,DescDescription0,"Use ""C Number"" for etaxonomy::DesLabel0 when populating this value"
Taxon,option1,TAXONOMY.OPTION1,string,500,238 Plumbaginaceae,etaxonomy,DescDescription0,"Use ""Shelf Aid"" for etaxonomy::DesLabel0 when populating this value"
Taxon,flag1,TAXONOMY.FLAG1,boolean,,false,"","",Not mapped
Taxon,flag2,TAXONOMY.FLAG2,boolean,,false,"","",Not mapped
Taxon,created_by,TAXONOMY.CREATED_BY,string,30,CONVERSION,"","",Not mapped
Taxon,create_date,TAXONOMY.CREATE_DATE,datetime,,1999-04-22 13:18:20 UTC,"","",Not mapped
Taxon,updated_by,TAXONOMY.UPDATED_BY,string,30,XGVIEWS,"","",Not mapped
Taxon,update_date,TAXONOMY.UPDATE_DATE,datetime,,2016-07-29 09:23:03 UTC,"","",Not mapped
