model,field_name,MIMSY_field_name,field_type,field_length,field_example,emu_module,emu_column,migration_instructions
Thesaurus,id,THESAURUS.CLASS_ID,integer,,1179058,"","",Not mapped
Thesaurus,language,THESAURUS.LANGUAGE,string,3,eng,"","",Not mapped
Thesaurus,thesaurus_system,THESAURUS.THES_SYSTEM,string,48,Archaeology,ethesaurus,HieThesaurus,""
Thesaurus,term,THESAURUS.TERM1_1,string,500,Basketry Bodkin,ethesaurus,TerTerm,""
Thesaurus,alternate1,THESAURUS.TERM2_1,string,500,Bulrush Leaf,ethesaurus,TerAlternateTerms_tab,""
Thesaurus,alternate2,THESAURUS.TERM3_1,string,500,Scouring Stick,ethesaurus,TerAlternateTerms_tab,""
Thesaurus,level,THESAURUS.HIERARCHY_LEVEL,integer,2,4,"","",Not mapped
Thesaurus,parent_id,THESAURUS.BROADER_ID,integer,,1177989,ethesaurus,HieBroaderTerms_tab,Follow this parent_id through a self-referential association to another Thesaurus.id to get the parent term
Thesaurus,broader_text,THESAURUS.BROADER_TEXT,string,4000,Artifacts; Artifacts of Uncertain or Varied Use; Multipurpose Artifacts,"","",Not mapped.
Thesaurus,note,THESAURUS.NOTE,string,4000,"Case, often cylindrical in shape, made to hold sewing needles.",ethesaurus,TerScopeNotes,""
Thesaurus,comments,THESAURUS.COMMENTS,string,4000,Category added to the framework adopted from the preliminary Canadian Museum of History object thesaurus to provide greater specification of botanical remains.  Would be classified under Category 5 (Tools and Equipment for Science and Technology>Biological  Tools and Equipment>Biospecimen>Plant Specimen) of Chenhall's System for Classifying Man-Made Objects (third edition).,ethesaurus,NoteNotes,""
Thesaurus,modified,THESAURUS.MODIFIED,boolean,,false,"","",Not mapped
Thesaurus,guide_term,THESAURUS.GUIDE_TERM,boolean,,false,"","",Not mapped
Thesaurus,source,THESAURUS.SOURCE,string,500,Created for the CMN archaeology database by S. Rufolo.,ethesaurus,HisSource_tab,Append to field
Thesaurus,source_date,THESAURUS.SOURCE_DATE,string,11,2015-02-26,ethesaurus,HisSource_tab,"Append to field, prefix with ""Date: "" when present"
Thesaurus,sort1,THESAURUS.SORT1,string,500,TUFF,"","",Not mapped
Thesaurus,publish,THESAURUS.PUBLISH,boolean,,false,"","",Not mapped
Thesaurus,flag1,THESAURUS.FLAG1,boolean,,false,"","",Not mapped
Thesaurus,flag2,THESAURUS.FLAG2,boolean,,false,"","",Not mapped
Thesaurus,created_by,THESAURUS.CREATED_BY,string,32,SRUFOLO,ethesaurus,HisAuthor_tab,""
Thesaurus,create_date,THESAURUS.CREATE_DATE,datetime,,2014-07-04 11:02:24 UTC,ethesaurus,HisDateChanged0,""
Thesaurus,updated_by,THESAURUS.UPDATED_BY,string,32,XGVIEWS,ethesaurus,HisAuthor_tab,""
Thesaurus,update_date,THESAURUS.UPDATE_DATE,datetime,,2016-07-29 10:23:42 UTC,ethesaurus,HisDateChanged0,""
