model,field_name,MIMSY_field_name,field_type,field_length,field_example,emu_module,emu_column,migration_instructions
ThesaurusVariation,id,THESAURUS_VARIATIONS.THESVARKEY,integer,,191573,"","",Not mapped
ThesaurusVariation,thesaurus_id,THESAURUS_VARIATIONS.CLASS_ID,integer,,1178251,"","",Not mapped. Foreign key to Thesaurus.id
ThesaurusVariation,variation_type,THESAURUS_VARIATIONS.VARIATION_TYPE,string,100,synonym,ethesaurus,RelRelationshipType_tab,""
ThesaurusVariation,variation,THESAURUS_VARIATIONS.VARIATION,string,500,Remnant of Unknown Artifact,ethesaurus,RelRelatedTerms,"As is done with TaxonVariation, must create Thesaurus terms in ThesaurusVariation.variation and then specify the relatedness by following Thesaurus.id = ThesaurusVariation.thesaurus_id relationship. So, the term specified here must also be created in ethesaurus::TerTerm and ethesaurus::HieThesaurus will be that of the parent term."
ThesaurusVariation,prior_attribution,THESAURUS_VARIATIONS.PRIOR_ATTRIBUTION,boolean,,false,"","",Not mapped
