model,field_name,MIMSY_field_name,field_type,field_length,field_example,emu_module,emu_column,migration_instructions
Valuation,catalog_id,VALUATION.M_ID,integer,,340639,"","",Not mapped. Foreign key to Catalog.id
Valuation,id,VALUATION.TRANS_ID,integer,,4,"","",Not mapped
Valuation,current_record,VALUATION.CURRENT_RECORD,boolean,,true,"","",Not mapped
Valuation,valuation,VALUATION.VALUATION,decimal,,2000000.0,ecatalogue,ValValuationAmount,""
Valuation,valuation_date,VALUATION.VALUATION_DATE,string,11,1996-08-06,ecatalogue,ValDateValued,""
Valuation,valuation_purpose,VALUATION.VALUATION_PURPOSE,string,100,,ecatalogue,ValReasonForValuation,Not mapped
Valuation,valuation_by,VALUATION.VALUATION_BY,string,500,,ecatalogue,ValValuedBy,Create/link to Party record when present
Valuation,valuation_source,VALUATION.VALUATION_SOURCE,string,500,,"","",Not mapped
Valuation,external_file,VALUATION.EXTERNAL_FILE,string,500,,"","",Not mapped
Valuation,note,VALUATION.NOTE,string,4000,,"","",Not mapped
Valuation,flag1,VALUATION.FLAG1,boolean,,false,"","",Not mapped
Valuation,flag2,VALUATION.FLAG2,boolean,,false,"","",Not mapped
Valuation,create_date,VALUATION.CREATE_DATE,datetime,,1998-06-16 00:00:00 UTC,"","",Not mapped
Valuation,created_by,VALUATION.CREATED_BY,string,32,KSHEPHERD,"","",Not mapped
Valuation,update_date,VALUATION.UPDATE_DATE,datetime,,2016-04-08 15:57:50 UTC,"","",Not mapped
Valuation,updated_by,VALUATION.UPDATED_BY,string,32,MCURRIE,"","",Not mapped
