model,field_name,MIMSY_field_name,field_type,field_length,field_example,emu_module,emu_column,migration_instructions
AcquisitionSource,id,ACQUISITION_SOURCES.ID,integer,,2163,"","",Not mapped
AcquisitionSource,acquisition_id,ACQUISITION_SOURCES.AKEY,integer,,23581,"","",Not mapped. Foreign key to Acquisition.id
AcquisitionSource,person_id,ACQUISITION_SOURCES.LINK_ID,integer,,351,"","",Not mapped. Foreign key to Person.id
AcquisitionSource,person_variation_id,ACQUISITION_SOURCES.NVARKEY,integer,10,46840,"","",""
AcquisitionSource,source,ACQUISITION_SOURCES.SOURCE,string,4000,"Epp, Mark","","",""
AcquisitionSource,source_role,ACQUISITION_SOURCES.SOURCE_ROLE,string,100,donor; collector,"","",""
AcquisitionSource,contact,ACQUISITION_SOURCES.CONTACT,string,500,Serge Payette,"","",""
AcquisitionSource,address,ACQUISITION_SOURCES.ADDRESS,string,500,"Canadian Museum of Nature
Collection Services Division
P.O. Box 3443, Station D
Ottawa
Ontario
K1P 6P4
Canada","","",""
AcquisitionSource,amount_paid,ACQUISITION_SOURCES.AMOUNT_PAID,decimal,,,"","",""
AcquisitionSource,note,ACQUISITION_SOURCES.NOTE,string,4000,"Original accession form attributes the donation to ""Mrs. J. Gorham, Browns Flat, NB""","","",""
AcquisitionSource,unlinked_value,ACQUISITION_SOURCES.UNLINKED_VALUE,string,500,1950 Expedition,"","",""
