model,field_name,MIMSY_field_name,field_type,field_length,field_example,emu_module,emu_column,migration_instructions
AcquisitionMedium,id,ACQUISITIONS_MEDIA.ID,integer,,396,"","",Not mapped
AcquisitionMedium,medium_id,ACQUISITIONS_MEDIA.MEDIAKEY,integer,,19173,"","",Not mapped. Foreign key to Medium.id
AcquisitionMedium,media,ACQUISITIONS_MEDIA.MEDIA,string,4000,ACQ5003_5062.jpg,"","",""
AcquisitionMedium,acquisition_id,ACQUISITIONS_MEDIA.AKEY,integer,,4964,"","",Not mapped. Foreign key to Acquisition.id
AcquisitionMedium,acquisition,ACQUISITIONS_MEDIA.ACQUISITION,string,4000,1913-037,"","",""
AcquisitionMedium,note,ACQUISITIONS_MEDIA.NOTE,string,4000,"GSC photo 30823, May 3, 1915","","",""
