model,field_name,MIMSY_field_name,field_type,field_length,field_example,emu_module,emu_column,migration_instructions
CatalogUsage,id,ITEM_USAGE.USEKEY,integer,,,"","",Not mapped
CatalogUsage,catalog_id,ITEM_USAGE.MKEY,integer,,,"","",Not mapped. Foreign key to Catalog.id
CatalogUsage,prior_use,ITEM_USAGE.PRIOR_USE,boolean,,,"","",""
CatalogUsage,type,ITEM_USAGE.USE_TYPE,string,100,,"","",""
CatalogUsage,begin_date,ITEM_USAGE.BEGIN_DATE,string,11,,"","",""
CatalogUsage,end_date,ITEM_USAGE.END_DATE,string,11,,"","",""
CatalogUsage,description,ITEM_USAGE.DESCRIPTION,string,4000,,"","",""
CatalogUsage,attribution_type,ITEM_USAGE.ATTRIB_TYPE,string,100,,"","",""
CatalogUsage,attributor,ITEM_USAGE.ATTRIBUTOR,string,100,,"","",""
CatalogUsage,attribution_source,ITEM_USAGE.ATTRIB_SOURCE,string,500,,"","",""
CatalogUsage,attribution_date,ITEM_USAGE.ATTRIB_DATE,string,11,,"","",""
CatalogUsage,certainty,ITEM_USAGE.CERTAINTY,string,500,,"","",""
CatalogUsage,attribution_comment,ITEM_USAGE.ATTRIB_COMMENT,string,4000,,"","",""
CatalogUsage,sort,ITEM_USAGE.STEP,integer,10,,"","",""
CatalogUsage,note,ITEM_USAGE.NOTE,string,4000,,"","",""
CatalogUsage,option1,ITEM_USAGE.OPTION1,string,4000,,"","",""
CatalogUsage,option2,ITEM_USAGE.OPTION2,string,1000,,"","",""
CatalogUsage,option3,ITEM_USAGE.OPTION3,string,500,,"","",""
CatalogUsage,option4,ITEM_USAGE.OPTION4,string,500,,"","",""
