model,field_name,MIMSY_field_name,field_type,field_length,field_example,emu_module,emu_column,migration_instructions
CatalogName,id,ITEM_NAMES.ID,integer,,1035,"","",Not mapped
CatalogName,catalog_id,ITEM_NAMES.MKEY,integer,,1300,"","",Not mapped. Foreign key to Catalog.id
CatalogName,prior_name,ITEM_NAMES.PRIOR_NAME,boolean,,false,"","",""
CatalogName,type,ITEM_NAMES.TNA_TYPE,string,100,scientific name,"","",""
CatalogName,scientific_name,ITEM_NAMES.ITEM_NAME,string,500,Lecanactis premnea v.  chloroconia Tuck.,"","",""
CatalogName,attribution_type,ITEM_NAMES.ATTRIB_TYPE,string,100,,"","",""
CatalogName,attributor,ITEM_NAMES.ATTRIBUTOR,string,500,"Solstad, Heidi; Elven, Reidar","","",""
CatalogName,attribution_date,ITEM_NAMES.ATTRIB_DATE,string,11,1965-00-00,"","",""
CatalogName,attribution_source,ITEM_NAMES.ATTRIB_SOURCE,string,500,Studies in ARMERIA Wild.,"","",""
CatalogName,certainty,ITEM_NAMES.CERTAINTY,string,500,,"","",""
CatalogName,attribution_comment,ITEM_NAMES.ATTRIB_COMMENT,string,,"sensu lato, or a small-flowered P. cornwallisensis","","",""
CatalogName,note,ITEM_NAMES.NOTE,string,4000,specimens marked c,"","",""
