model,field_name,MIMSY_field_name,field_type,field_length,field_example,emu_module,emu_column,migration_instructions
CatalogFacility,id,ITEMS_FACILITIES.AUTHLINKKEY,integer,,,"","",Not mapped
CatalogFacility,catalog_id,ITEMS_FACILITIES.MKEY,integer,,,"","",Not mapped. Foreign key to Catalog.id
CatalogFacility,facility_id,ITEMS_FACILITIES.LOCKEY,integer,,,"","",Not mapped. Foreign key to Facility.id
CatalogFacility,prior_attribution,ITEMS_FACILITIES.PRIOR_ATTRIBUTION,boolean,,,"","",""
CatalogFacility,facility,ITEMS_FACILITIES.FACILITY,string,4000,,"","",""
CatalogFacility,broader_text,ITEMS_FACILITIES.BROADER_TEXT,string,4000,,"","",""
