model,field_name,MIMSY_field_name,field_type,field_length,field_example,emu_module,emu_column,migration_instructions
CatalogAccessory,id,ACCESSORIES.ID,integer,,678,"","",Not mapped
CatalogAccessory,catalog_id,ACCESSORIES.MKEY,integer,,585622,"","",Not mapped. Foreign key to Catalog.id
CatalogAccessory,accessory,ACCESSORIES.ACCESSORY,string,500,site photo,"","",""
CatalogAccessory,quantity,ACCESSORIES.QUANTITY,integer,10,1,"","",""
CatalogAccessory,location,ACCESSORIES.LOCATION,string,200,Natural Heritage Building/ Vertebrate Collections/ Fish Collection,"","",""
CatalogAccessory,location_date,ACCESSORIES.LOCATION_DATE,string,11,2014-07-15,"","",""
CatalogAccessory,condition_date,ACCESSORIES.CONDITION_DATE,string,11,1979-08-31,"","",""
CatalogAccessory,note,ACCESSORIES.NOTE,string,4000,"by Charles D. Douglas, 1977","","",""
