model,field_name,MIMSY_field_name,field_type,field_length,field_example,emu_module,emu_column,migration_instructions
CatalogCollector,id,ITEMS_COLLECTORS.AUTHLINKKEY,integer,,2683089,"","",Not mapped
CatalogCollector,catalog_id,ITEMS_COLLECTORS.MKEY,integer,,770741,"","",Not mapped. Foreign key to Catalog.id
CatalogCollector,person_id,ITEMS_COLLECTORS.LINK_ID,integer,,16603,"","",Not mapped. Foreign key to Person.id
CatalogCollector,relationship,ITEMS_COLLECTORS.RELATIONSHIP,string,500,collector,"","",""
CatalogCollector,affiliation,ITEMS_COLLECTORS.AFFILIATION,string,500,collector,"","",""
CatalogCollector,position,ITEMS_COLLECTORS.POSITION,string,500,,"","",""
CatalogCollector,attributor,ITEMS_COLLECTORS.ATTRIBUTOR,string,500,,"","",""
CatalogCollector,attribution_date,ITEMS_COLLECTORS.ATTRIB_DATE,string,11,,"","",""
CatalogCollector,attribution_comment,ITEMS_COLLECTORS.ATTRIB_COMMENT,string,4000,,"","",""
CatalogCollector,note,ITEMS_COLLECTORS.NOTE,string,4000,via D.Monty Wood,"","",""
CatalogCollector,option1,ITEMS_COLLECTORS.OPTION1,string,4000,,"","",""
CatalogCollector,prior_attribution,ITEMS_COLLECTORS.PRIOR_ATTRIBUTION,boolean,,false,"","",""
CatalogCollector,person_variation_id,ITEMS_COLLECTORS.NVARKEY,integer,,39308,"","",""
CatalogCollector,name,ITEMS_COLLECTORS.NAME,string,4000,"Ahti, Teuvo T.","","",""
