model,field_name,MIMSY_field_name,field_type,field_length,field_example,emu_module,emu_column,migration_instructions
CatalogLegalStatus,id,LEGAL_STATUS.ID,integer,,921,"","",Not mapped
CatalogLegalStatus,catalog_id,LEGAL_STATUS.MKEY,integer,,621,"","",Not mapped. Foreign key to Catalog.id
CatalogLegalStatus,current_record,LEGAL_STATUS.CURRENT_RECORD,boolean,,true,"","",""
CatalogLegalStatus,legal_status,LEGAL_STATUS.LEGAL_STATUS,string,24,permanent collection,ecatalogue,ManLegalStatus,""
CatalogLegalStatus,status_date,LEGAL_STATUS.STATUS_DATE,string,11,,"","",""
CatalogLegalStatus,owner,LEGAL_STATUS.OWNER,string,100,Canadian Museum of Nature,"","",""
CatalogLegalStatus,physical_holder,LEGAL_STATUS.PHYSICAL_HOLDER,string,100,Canadian Museum of Nature,"","",""
CatalogLegalStatus,department,LEGAL_STATUS.DEPARTMENT,string,500,Annelid,"","",""
CatalogLegalStatus,collection,LEGAL_STATUS.COLLECTION,string,500,Fossils,"","",""
CatalogLegalStatus,note,LEGAL_STATUS.NOTE,string,4000,,"","",""
