model,field_name,MIMSY_field_name,field_type,field_length,field_example,emu_module,emu_column,migration_instructions
ConditionConservation,id,CONDITION_CONSERVATION.ID,integer,,27,"","",Not mapped
ConditionConservation,catalog_id,CONDITION_CONSERVATION.M_ID,integer,,238413,"","",Not mapped. Foreign key to Catalog.id
ConditionConservation,condition_id,CONDITION_CONSERVATION.CONDKEY,integer,,348,"","",ot mapped. Foreign key to Condition.id
ConditionConservation,condition,CONDITION_CONSERVATION.CONDITION,string,4000,broken/repaired,"","",""
ConditionConservation,conservation_id,CONDITION_CONSERVATION.CONSKEY,integer,,21386,"","",Not mapped. Foreign key to Conservation.id
ConditionConservation,conservation,CONDITION_CONSERVATION.CONSERVATION,string,4000,preparation,"","",""
