model,field_name,MIMSY_field_name,field_type,field_length,field_example,emu_module,emu_column,migration_instructions
Condition,catalog_id,CONDITION.M_ID,integer,,242887,"","",Not mapped. Foreign key to Catalog.id
Condition,id,CONDITION.CONDKEY,integer,,353,"","",Not mapped
Condition,current_record,CONDITION.CURRENT_RECORD,boolean,,true,"","",""
Condition,condition,CONDITION.CONDITION,string,100,good,"","",""
Condition,condition_date,CONDITION.CONDITION_DATE,string,11,2016-06-07,"","",""
Condition,examined_by,CONDITION.EXAMINED_BY,string,500,"Mottus, Tania","","",""
Condition,purpose,CONDITION.PURPOSE,string,100,post-treatment,"","",""
Condition,component_accessory,CONDITION.COMPONENT_ACCESSORY,string,500,coracoid,"","",""
Condition,conservation_request_date,CONDITION.CONSERVATION_REQUEST_DATE,string,11,2005-03-04,"","",""
Condition,status,CONDITION.STATUS,string,100,open,"","",""
Condition,status_date,CONDITION.STATUS_DATE,string,11,2008-12-01,"","",""
Condition,priority_flag1,CONDITION.PRIORITY_FLAG1,boolean,,false,"","",""
Condition,priority_flag2,CONDITION.PRIORITY_FLAG2,boolean,,false,"","",""
Condition,summary,CONDITION.SUMMARY,text,,"Areas previously repaired using polyester resin are currently stable, but should be monitored for possible degradation of the resin.","","",""
Condition,note,CONDITION.NOTE,string,4000,"This is one of approx. 200 Mammoth molars that were, at one time (possibly the 1980's), repaired using polyester resin. Some have remained stable, but it has been noted that some of them are showing signs of degradation of the resin (where the resin has become slightly sticky). All should be regularly checked for their condition.","","",""
Condition,audit_by,CONDITION.AUDIT_BY,string,500,"Currie, Margaret","","",""
Condition,audit_date,CONDITION.AUDIT_DATE,string,11,2013-10-11,"","",""
Condition,flag1,CONDITION.FLAG1,boolean,,false,"","",""
Condition,flag2,CONDITION.FLAG2,boolean,,false,"","",""
Condition,flag3,CONDITION.FLAG3,boolean,,false,"","",""
Condition,flag4,CONDITION.FLAG4,boolean,,false,"","",""
Condition,create_date,CONDITION.CREATE_DATE,datetime,,2015-11-30 14:04:43 UTC,"","",Not mapped
Condition,created_by,CONDITION.CREATED_BY,string,32,MCURRIE,"","",Not mapped
Condition,update_date,CONDITION.UPDATE_DATE,datetime,,2015-08-19 16:45:28 UTC,"","",Not mapped
Condition,updated_by,CONDITION.UPDATED_BY,string,32,CONSERV1,"","",Not mapped
