model,field_name,MIMSY_field_name,field_type,field_length,field_example,emu_module,emu_column,migration_instructions
ConditionMedium,id,CONDITION_MEDIA.ID,integer,,1586,"","",Not mapped
ConditionMedium,medium_id,CONDITION_MEDIA.MEDIAKEY,integer,,21427,"","",Not mapped. Foreign key to Medium.id
ConditionMedium,media,CONDITION_MEDIA.MEDIA,string,4000,CMNI1989-0255_Condition_Reports_2010-04-12.pdf,"","",""
ConditionMedium,catalog_id,CONDITION_MEDIA.M_ID,integer,,585660,"","",Not mapped. Foreign key to Catalog.id
ConditionMedium,object,CONDITION_MEDIA.OBJECT,string,4000,CMNML 059194,"","",""
ConditionMedium,condition_id,CONDITION_MEDIA.CONDKEY,integer,,557,"","",Not mapped. Foreign key to Condition.id
ConditionMedium,condition,CONDITION_MEDIA.CONDITION,string,4000,very good,"","",""
