model,field_name,MIMSY_field_name,field_type,field_length,field_example,emu_module,emu_column,migration_instructions
Conservation,catalog_id,CONSERVATION.M_ID,integer,,40541,"","",Not mapped. Foreign key to Catalog.id
Conservation,id,CONSERVATION.CONSKEY,integer,,809,"","",Not mapped
Conservation,process,CONSERVATION.PROCESS,string,100,treatment,"","",""
Conservation,portion,CONSERVATION.PORTION,string,100,skull,"","",""
Conservation,component_accessory,CONSERVATION.COMPONENT_ACCESSORY,string,500,,"","",""
Conservation,purpose,CONSERVATION.PURPOSE,string,100,repo for gallery,"","",""
Conservation,requested_by,CONSERVATION.REQUESTED_BY,string,500,,"","",""
Conservation,request_date,CONSERVATION.REQUEST_DATE,string,11,,"","",""
Conservation,authorized_by,CONSERVATION.AUTHORIZED_BY,string,500,"Fitzgerald, Gerald R.","","",""
Conservation,conservator,CONSERVATION.PERFORMED_BY,string,500,"Shepherd, Kieran M.","","",""
Conservation,status,CONSERVATION.STATUS,string,100,,"","",""
Conservation,status_date,CONSERVATION.STATUS_DATE,string,11,,"","",""
Conservation,projected_start,CONSERVATION.PROJECTED_START,string,11,,"","",""
Conservation,actual_start,CONSERVATION.ACTUAL_START,string,11,,"","",""
Conservation,actual_end,CONSERVATION.ACTUAL_END,string,11,,"","",""
Conservation,summary,CONSERVATION.SUMMARY,string,4000,,"","",""
Conservation,condition_id,CONSERVATION.CONDKEY,string,4000,,"","",""
Conservation,linked_condition,CONSERVATION.LINKED_CONDITION,string,4000,,"","",""
Conservation,post_treat_condition,CONSERVATION.POST_TREAT_CONDITION,string,100,,"","",""
Conservation,flag1,CONSERVATION.FLAG1,boolean,,false,"","",""
Conservation,flag2,CONSERVATION.FLAG2,boolean,,false,"","",""
Conservation,flag3,CONSERVATION.FLAG3,boolean,,false,"","",""
Conservation,flag4,CONSERVATION.FLAG4,boolean,,false,"","",""
Conservation,created_by,CONSERVATION.CREATED_BY,string,32,CONVERSION,"","",Not mapped
Conservation,create_date,CONSERVATION.CREATE_DATE,datetime,,1999-07-15 00:00:00 UTC,"","",Not mapped
Conservation,updated_by,CONSERVATION.UPDATED_BY,string,32,KSHEPHERD,"","",Not mapped
Conservation,update_date,CONSERVATION.UPDATE_DATE,datetime,,2016-07-27 10:32:51 UTC,"","",Not mapped
