model,field_name,MIMSY_field_name,field_type,field_length,field_example,emu_module,emu_column,migration_instructions
CurrentLocation,location_id,CURRENT_LOCATION.LOC_ID,integer,,30050,"","",Not mapped. Foreign key to Location.id
CurrentLocation,catalog_id,CURRENT_LOCATION.M_ID,integer,,517530,"","",Not mapped. Foreign key to Catalog.id
CurrentLocation,facility_id,CURRENT_LOCATION.LOCKEY,integer,10,3,"","",Not mapped. Foreign key to Facility.id
CurrentLocation,current_record,CURRENT_LOCATION.CURRENT_RECORD,boolean,,true,"","",""
CurrentLocation,future_commit,CURRENT_LOCATION.FUTURE_COMMIT,boolean,,false,"","",""
CurrentLocation,location,CURRENT_LOCATION.LOCATION,string,500,Natural Heritage Building/ Herbarium,"","",""
CurrentLocation,loc_level1,CURRENT_LOCATION.LOC_LEVEL1,string,50,B4-112,"","",""
CurrentLocation,loc_level2,CURRENT_LOCATION.LOC_LEVEL2,string,50,Lower mezzanine,"","",""
CurrentLocation,loc_level3,CURRENT_LOCATION.LOC_LEVEL3,string,50,tooth comparison exhibit (magnifyer cases),"","",""
CurrentLocation,loc_level4,CURRENT_LOCATION.LOC_LEVEL4,string,50,(wall panel),"","",""
CurrentLocation,location_date,CURRENT_LOCATION.LOCATION_DATE,string,11,2006-04-08,"","",""
CurrentLocation,expected_end,CURRENT_LOCATION.EXPECTED_END,string,11,2010-10-06,"","",""
CurrentLocation,last_location,CURRENT_LOCATION.LAST_LOCATION,string,500,Natural Heritage Building/ Fossil Collection/ Fossil Collection B4-115,"","",""
CurrentLocation,last_level1,CURRENT_LOCATION.LAST_LEVEL1,string,50,"Cabinet 54, drawer 1","","",""
CurrentLocation,last_level2,CURRENT_LOCATION.LAST_LEVEL2,string,50,Cabinet 54,"","",""
CurrentLocation,last_level3,CURRENT_LOCATION.LAST_LEVEL3,string,50,wall mount,"","",""
CurrentLocation,last_level4,CURRENT_LOCATION.LAST_LEVEL4,string,50,,"","",""
CurrentLocation,purpose,CURRENT_LOCATION.PURPOSE,string,100,regular storage,"","",""
CurrentLocation,inventory_status,CURRENT_LOCATION.INVENTORY_STATUS,string,100,located,"","",""
CurrentLocation,status_date,CURRENT_LOCATION.STATUS_DATE,string,11,2004-08-04,"","",""
CurrentLocation,requested_by,CURRENT_LOCATION.REQUESTED_BY,string,500,"Shepherd, Kieran M.","","",""
CurrentLocation,request_date,CURRENT_LOCATION.REQUEST_DATE,string,11,2008-02-27,"","",""
CurrentLocation,authorized_by,CURRENT_LOCATION.AUTHORIZED_BY,string,500,"Doubt, Jennifer","","",""
CurrentLocation,job_number,CURRENT_LOCATION.JOB_NUMBER,string,48,,"","",""
CurrentLocation,scheduled_date,CURRENT_LOCATION.SCHEDULED_DATE,string,11,2006-12-11,"","",""
CurrentLocation,moved_by,CURRENT_LOCATION.MOVED_BY,string,500,"Bouchard, Micheline","","",""
CurrentLocation,component_accessory,CURRENT_LOCATION.COMPONENT_ACCESSORY,string,500,skeleton only (skull at NHB),"","",""
CurrentLocation,note,CURRENT_LOCATION.NOTE,string,4000,Originally the wrong cat. number was listed (CMNPB 00038),"","",""
CurrentLocation,flag1,CURRENT_LOCATION.FLAG1,boolean,,false,"","",""
CurrentLocation,flag2,CURRENT_LOCATION.FLAG2,boolean,,false,"","",""
CurrentLocation,create_date,CURRENT_LOCATION.CREATE_DATE,datetime,,2006-10-25 11:51:20 UTC,"","",""
CurrentLocation,created_by,CURRENT_LOCATION.CREATED_BY,string,32,PFRANK,"","",""
CurrentLocation,update_date,CURRENT_LOCATION.UPDATE_DATE,datetime,,2009-01-15 10:36:39 UTC,"","",""
CurrentLocation,updated_by,CURRENT_LOCATION.UPDATED_BY,string,32,XGVIEWS,"","",""
