model,field_name,MIMSY_field_name,field_type,field_length,field_example,emu_module,emu_column,migration_instructions
CurrentLegalStatus,catalog_id,CURRENT_LEGAL_STATUS.MKEY,integer,,1791,"","",Not mapped. Foreign key to Catalog.id
CurrentLegalStatus,legal_status,CURRENT_LEGAL_STATUS.LEGAL_STATUS,string,24,permanent collection,"","",""
CurrentLegalStatus,status_date,CURRENT_LEGAL_STATUS.STATUS_DATE,string,11,,"","",""
CurrentLegalStatus,owner,CURRENT_LEGAL_STATUS.OWNER,string,100,Canadian Museum of Nature,"","",""
CurrentLegalStatus,department,CURRENT_LEGAL_STATUS.DEPARTMENT,string,500,Annelid,"","",""
CurrentLegalStatus,collection,CURRENT_LEGAL_STATUS.COLLECTION,string,500,Fossils,"","",""
CurrentLegalStatus,notes,CURRENT_LEGAL_STATUS.NOTES,string,4000,,"","",""
CurrentLegalStatus,physical_holder,CURRENT_LEGAL_STATUS.PHYSICAL_HOLDER,string,100,Canadian Museum of Nature,"","",""
CurrentLegalStatus,current_record,CURRENT_LEGAL_STATUS.CURRENT_RECORD,boolean,,true,"","",""
CurrentLegalStatus,id,CURRENT_LEGAL_STATUS.ID,integer,,2145,"","",Not mapped
