model,field_name,MIMSY_field_name,field_type,field_length,field_example,emu_module,emu_column,migration_instructions
DisposalSource,id,DISPOSAL_SOURCES.ID,integer,,1677,"","",Not mapped
DisposalSource,disposal_id,DISPOSAL_SOURCES.AKEY,integer,,22896,"","",Not mapped. Foreign key to Disposal.id
DisposalSource,person_id,DISPOSAL_SOURCES.LINK_ID,integer,,5409,"","",Not mapped. Foreign key to Person.id
DisposalSource,person_variation_id,DISPOSAL_SOURCES.NVARKEY,integer,,13020,"","",Not mapped. Foreign key to PersonVariation.id
DisposalSource,source,DISPOSAL_SOURCES.SOURCE,string,4000,"Maciolek, John A.","","",""
DisposalSource,source_role,DISPOSAL_SOURCES.SOURCE_ROLE,string,100,donor,"","",""
DisposalSource,contact,DISPOSAL_SOURCES.CONTACT,string,500,Chris Lewis,"","",""
DisposalSource,address,DISPOSAL_SOURCES.ADDRESS,string,500,"University of Helsinki
Finnish Museum of Natural History, Botanical Museum
P.O. Box 7
FI-00014 Helsinki
Finland","","",""
DisposalSource,amount_paid,DISPOSAL_SOURCES.AMOUNT_PAID,decimal,,,"","",""
DisposalSource,note,DISPOSAL_SOURCES.NOTE,string,4000,See Note re Macrophthalmus specimens.,"","",""
DisposalSource,unlinked_value,DISPOSAL_SOURCES.UNLINKED_VALUE,string,500,NMC staff,"","",""
