model,field_name,MIMSY_field_name,field_type,field_length,field_example,emu_module,emu_column,migration_instructions
Disposal,id,DISPOSALS.AKEY,integer,,35062,"","",Not mapped
Disposal,reference_number,DISPOSALS.REF_NUMBER,string,48,1935-011,"","",""
Disposal,status,DISPOSALS.STATUS,string,100,final approval; closed,"","",""
Disposal,status_date,DISPOSALS.STATUS_DATE,string,11,1917-03-09,"","",""
Disposal,requested_by,DISPOSALS.REQUESTED_BY,string,500,"Balkwill, Darlene","","",""
Disposal,request_date,DISPOSALS.REQUEST_DATE,string,11,1936-03-28,"","",""
Disposal,authorized_by,DISPOSALS.AUTHORIZED_BY,string,500,"Waller, Robert R.","","",""
Disposal,date_authorized,DISPOSALS.DATE_AUTHORIZED,string,11,1924,"","",""
Disposal,method,DISPOSALS.METHOD,string,500,exchange,"","",""
Disposal,legal_date,DISPOSALS.LEGAL_DATE,string,11,1915-11-30,"","",""
Disposal,recipient,DISPOSALS.RECIPIENT,string,500,"Baker, D.H.","","",""
Disposal,reason,DISPOSALS.REASON,string,4000,"Specimens sent in exchange, balance previous specimens received, in part.","","",""
Disposal,total_requested,DISPOSALS.TOTAL_REQUESTED,string,4000,2,"","",""
Disposal,total_approved,DISPOSALS.TOTAL_APPROVED,integer,10,15,"","",""
Disposal,decision_reason,DISPOSALS.DECISION_REASON,string,4000,"The specimens were originally loaned to a post-doctoral fellow, Dr. Labbish N. Chao in Sept. 1976 and subsequently accidently catalogued into the CMN Ichthyology Collection.","","",""
Disposal,external_file,DISPOSALS.EXTERNAL_FILE,string,500,Registrar's Office,"","",""
Disposal,note,DISPOSALS.NOTE,string,4000,See also Acquisition 1933-076.,"","",""
Disposal,flag1,DISPOSALS.FLAG1,boolean,,false,"","",""
Disposal,flag2,DISPOSALS.FLAG2,boolean,,false,"","",""
Disposal,created_by,DISPOSALS.CREATED_BY,string,32,PFRANK,"","",Not mapped
Disposal,create_date,DISPOSALS.CREATE_DATE,datetime,,2012-11-19 10:46:44 UTC,"","",Not mapped
Disposal,updated_by,DISPOSALS.UPDATED_BY,string,32,PFRANK,"","",Not mapped
Disposal,update_date,DISPOSALS.UPDATE_DATE,datetime,,2013-01-11 10:20:54 UTC,"","",Not mapped
