model,field_name,MIMSY_field_name,field_type,field_length,field_example,emu_module,emu_column,migration_instructions
DisposalMedium,id,DISPOSALS_MEDIA.ID,integer,,3008,"","",Not mapped
DisposalMedium,medium_id,DISPOSALS_MEDIA.MEDIAKEY,integer,,19245,"","",Not mapped. Foreign key to Medium.id
DisposalMedium,media,DISPOSALS_MEDIA.MEDIA,string,4000,ACQ2241_2244.jpg,"","",""
DisposalMedium,disposal_id,DISPOSALS_MEDIA.AKEY,integer,,34934,"","",Not mapped. Foreign key to Disposal.id
DisposalMedium,disposal,DISPOSALS_MEDIA.DISPOSAL,string,4000,1922-042,"","",""
