model,field_name,MIMSY_field_name,field_type,field_length,field_example,emu_module,emu_column,migration_instructions
Dispatch,id,DISPATCH.DISPKEY,integer,10,,"","",Not mapped
Dispatch,record_view,DISPATCH.RECORD_VIEW,decimal,,,"","",""
Dispatch,dispatch_number,DISPATCH.DISPATCH_NUMBER,string,48,,"","",""
Dispatch,dispatcher,DISPATCH.DISPATCHER,string,500,,"","",""
Dispatch,dispatch_date,DISPATCH.DISPATCH_DATE,string,11,,"","",""
Dispatch,dispatch_reason,DISPATCH.DISPATCH_REASON,string,500,,"","",""
Dispatch,lockey,DISPATCH.LOCKEY,decimal,,,"","",Not mapped. Foreign key to Facility.id
Dispatch,dispatch_location,DISPATCH.DISPATCH_LOCATION,string,4000,,"","",""
Dispatch,dispatch_contact,DISPATCH.DISPATCH_CONTACT,string,500,,"","",""
Dispatch,dispatch_address,DISPATCH.DISPATCH_ADDRESS,string,500,,"","",""
Dispatch,dispatch_phone,DISPATCH.DISPATCH_PHONE,string,50,,"","",""
Dispatch,dispatch_fax,DISPATCH.DISPATCH_FAX,string,50,,"","",""
Dispatch,dispatch_email,DISPATCH.DISPATCH_EMAIL,string,100,,"","",""
Dispatch,link_id,DISPATCH.LINK_ID,decimal,,,"","",""
Dispatch,nvarkey,DISPATCH.NVARKEY,decimal,,,"","",""
Dispatch,recipient,DISPATCH.RECIPIENT,string,4000,,"","",""
Dispatch,contact,DISPATCH.CONTACT,string,500,,"","",""
Dispatch,address,DISPATCH.ADDRESS,string,500,,"","",""
Dispatch,phone,DISPATCH.PHONE,string,50,,"","",""
Dispatch,fax,DISPATCH.FAX,string,50,,"","",""
Dispatch,email,DISPATCH.EMAIL,string,100,,"","",""
Dispatch,status,DISPATCH.STATUS,string,100,,"","",""
Dispatch,status_date,DISPATCH.STATUS_DATE,string,11,,"","",""
Dispatch,authorized_by,DISPATCH.AUTHORIZED_BY,string,500,,"","",""
Dispatch,date_authorized,DISPATCH.DATE_AUTHORIZED,string,11,,"","",""
Dispatch,shipper,DISPATCH.SHIPPER,string,500,,"","",""
Dispatch,courier,DISPATCH.COURIER,string,500,,"","",""
Dispatch,total_pkg_count,DISPATCH.TOTAL_PKG_COUNT,decimal,,,"","",""
Dispatch,total_weight,DISPATCH.TOTAL_WEIGHT,decimal,,,"","",""
Dispatch,weight_unit,DISPATCH.WEIGHT_UNIT,string,10,,"","",""
Dispatch,shipping_agent,DISPATCH.SHIPPING_AGENT,string,500,,"","",""
Dispatch,broker1,DISPATCH.BROKER1,string,500,,"","",""
Dispatch,broker2,DISPATCH.BROKER2,string,500,,"","",""
Dispatch,estimated_cost,DISPATCH.ESTIMATED_COST,decimal,,,"","",""
Dispatch,actual_cost,DISPATCH.ACTUAL_COST,decimal,,,"","",""
Dispatch,estimated_dispatch_date,DISPATCH.ESTIMATED_DISPATCH_DATE,string,11,,"","",""
Dispatch,estimated_delivery_date,DISPATCH.ESTIMATED_DELIVERY_DATE,string,11,,"","",""
Dispatch,delivery_date,DISPATCH.DELIVERY_DATE,string,11,,"","",""
Dispatch,insured_by,DISPATCH.INSURED_BY,string,100,,"","",""
Dispatch,insured_amount,DISPATCH.INSURED_AMOUNT,decimal,,,"","",""
Dispatch,dispatch_count,DISPATCH.DISPATCH_COUNT,integer,10,,"","",""
Dispatch,total_requested,DISPATCH.TOTAL_REQUESTED,string,4000,,"","",""
Dispatch,external_file,DISPATCH.EXTERNAL_FILE,string,500,,"","",""
Dispatch,note,DISPATCH.NOTE,string,4000,,"","",""
Dispatch,option1,DISPATCH.OPTION1,string,4000,,"","",""
Dispatch,option2,DISPATCH.OPTION2,string,1000,,"","",""
Dispatch,number1,DISPATCH.NUMBER1,decimal,,,"","",""
Dispatch,number2,DISPATCH.NUMBER2,decimal,,,"","",""
Dispatch,date1,DISPATCH.DATE1,string,11,,"","",""
Dispatch,date2,DISPATCH.DATE2,string,11,,"","",""
Dispatch,flag1,DISPATCH.FLAG1,boolean,,,"","",""
Dispatch,flag2,DISPATCH.FLAG2,boolean,,,"","",""
Dispatch,created_by,DISPATCH.CREATED_BY,string,32,,"","",Not mapped
Dispatch,create_date,DISPATCH.CREATE_DATE,datetime,,,"","",Not mapped
Dispatch,updated_by,DISPATCH.UPDATED_BY,string,32,,"","",Not mapped
Dispatch,update_date,DISPATCH.UPDATE_DATE,datetime,,,"","",Not mapped
