model,field_name,MIMSY_field_name,field_type,field_length,field_example,emu_module,emu_column,migration_instructions
DisposalCatalog,id,DISPOSAL_ITEMS.ID,integer,,305847,"","",Not mapped
DisposalCatalog,disposal_id,DISPOSAL_ITEMS.AKEY,integer,,31087,"","",Not mapped. Foreign key to Disposal.id
DisposalCatalog,catalog_id,DISPOSAL_ITEMS.M_ID,integer,,492349,"","",Not mapped. Foreign key to Catalog.id
DisposalCatalog,catalog_number,DISPOSAL_ITEMS.ID_NUMBER,string,48,CMNAR 13533,"","",""
DisposalCatalog,description,DISPOSAL_ITEMS.ITEM_SUMMARY,string,4000,"Unidentified Specimen
Wager, W.; Rampley, J.
1974-06-20
poor condition","","",""
DisposalCatalog,status,DISPOSAL_ITEMS.STATUS,string,100,approved,"","",""
DisposalCatalog,status_date,DISPOSAL_ITEMS.STATUS_DATE,string,11,1912,"","",""
DisposalCatalog,deaccession_date,DISPOSAL_ITEMS.DEACCESSION_DATE,string,11,1912,"","",""
DisposalCatalog,disposal_method,DISPOSAL_ITEMS.DISPOSAL_METHOD,string,500,returned to loan institution,"","",""
DisposalCatalog,disposal_date,DISPOSAL_ITEMS.DISPOSAL_DATE,string,11,1931-04-20,"","",""
DisposalCatalog,title_transfer_requested,DISPOSAL_ITEMS.TITLE_TRANSFER_REQUESTED,boolean,,false,"","",""
DisposalCatalog,transfer_date,DISPOSAL_ITEMS.TRANSFER_DATE,string,11,1997-07-23,"","",""
DisposalCatalog,reproduction_requested,DISPOSAL_ITEMS.REPRODUCTION_REQUESTED,boolean,,false,"","",""
DisposalCatalog,dispatch_requested,DISPOSAL_ITEMS.DISPATCH_REQUESTED,boolean,,false,"","",""
DisposalCatalog,note,DISPOSAL_ITEMS.NOTE,string,4000,see site record,"","",""
DisposalCatalog,catalogued,DISPOSAL_ITEMS.CATALOGUED,boolean,,true,"","",""
DisposalCatalog,id_sort,DISPOSAL_ITEMS.ID_SORT,string,4000,CMNAR0027506,"","",""
DisposalCatalog,created_by,DISPOSAL_ITEMS.CREATED_BY,string,32,ANACTORIA,"","",""
DisposalCatalog,create_date,DISPOSAL_ITEMS.CREATE_DATE,datetime,,2013-02-18 11:59:17 UTC,"","",""
DisposalCatalog,updated_by,DISPOSAL_ITEMS.UPDATED_BY,string,32,PFRANK,"","",""
DisposalCatalog,update_date,DISPOSAL_ITEMS.UPDATE_DATE,datetime,,2013-04-03 15:03:14 UTC,"","",""
