model,field_name,MIMSY_field_name,field_type,field_length,field_example,emu_module,emu_column,migration_instructions
EventVariation,id,EVENT_VARIATIONS.VVARKEY,integer,,9,"","",Not mapped
EventVariation,event_id,EVENT_VARIATIONS.VKEY,integer,,85,"","",Not mapped. Foreign key to Event.id
EventVariation,variation,EVENT_VARIATIONS.VARIATION,string,500,EXPEDITION DE L'ARCTIC INSTITUTE; THE CATHOLIC UNIVERSITY OF AMERICA,"","",""
EventVariation,type,EVENT_VARIATIONS.VARIATION_TYPE,string,100,preferred term,"","",""
EventVariation,prior_attribution,EVENT_VARIATIONS.PRIOR_ATTRIBUTION,boolean,,false,"","",""
