model,field_name,MIMSY_field_name,field_type,field_length,field_example,emu_module,emu_column,migration_instructions
ExhibitionLocation,id,EXHIBITIONS_LOCATION.ID,integer,,988,"","",Not mapped
ExhibitionLocation,location_id,EXHIBITIONS_LOCATION.LOC_ID,integer,,4945,"","",Not mapped. Foreign key to Location.id
ExhibitionLocation,location,EXHIBITIONS_LOCATION.LOCATION,string,4000,Victoria Memorial Museum Building/ Fossil Gallery,"","",""
ExhibitionLocation,exhibition_id,EXHIBITIONS_LOCATION.EKEY,integer,,5,"","",Not mapped. Foreign key to Exhibition.id
ExhibitionLocation,exhibition,EXHIBITIONS_LOCATION.EXHIBITION,string,4000,Fossil Gallery,"","",""
ExhibitionLocation,exhibition_catalog_id,EXHIBITIONS_LOCATION.EIKEY,integer,,161,"","",Not mapped. Foreign key to ExhibitionCatalog.id
