model,field_name,MIMSY_field_name,field_type,field_length,field_example,emu_module,emu_column,migration_instructions
FacilityLevel,facility_id,FACILITY_LEVELS.LOCKEY,integer,,1,"","",Not mapped. Foreign key to Facility.id
FacilityLevel,level1,FACILITY_LEVELS.LEVEL1,string,50,Cabinet 83,"","",""
FacilityLevel,level2,FACILITY_LEVELS.LEVEL2,string,50,233,"","",""
FacilityLevel,unavailable,FACILITY_LEVELS.UNAVAILABLE,boolean,,false,"","",""
FacilityLevel,id,FACILITY_LEVELS.ID,integer,,7,"","",Not mapped
