model,field_name,MIMSY_field_name,field_type,field_length,field_example,emu_module,emu_column,migration_instructions
Group,id,GROUPS.GROUP_ID,integer,,3167,"","",Not mapped
Group,module,GROUPS.LINK_TYPE,integer,,1,"","",""
Group,group_area,GROUPS.GROUP_AREA,string,4000,catalogue,"","",""
Group,name,GROUPS.GROUP_NAME,string,100,HBL and DRBB Import,"","",""
Group,private_public,GROUPS.PRIVATE_PUBLIC,string,10,PUBLIC,egroups,GroupStatus,""
Group,group_type,GROUPS.GROUP_TYPE,string,100,Exhibition,"","",""
Group,group_owner,GROUPS.GROUP_OWNER,string,32,CROBILLARD,"","",""
Group,department,GROUPS.DEPARTMENT,string,100,Fossils,"","",""
Group,note,GROUPS.NOTE,string,4000,Loan James Blake (2017-07-27),egroups,GroupDescription,""
Group,create_date,GROUPS.CREATE_DATE,datetime,,2007-08-15 13:55:51 UTC,"","",Not mapped
Group,updated_by,GROUPS.UPDATED_BY,string,30,KMADGE,"","",Not mapped
Group,update_date,GROUPS.UPDATE_DATE,datetime,,2016-06-01 13:08:32 UTC,"","",Not mapped
