model,field_name,MIMSY_field_name,field_type,field_length,field_example,emu_module,emu_column,migration_instructions
Loan,id,LOANS.LKEY,integer,,917,"","",Not mapped
Loan,direction,LOANS.DIRECTION,string,3,OUT,"","",""
Loan,loan_number,LOANS.LOAN_NUMBER,string,48,LP2010-0238,"","",""
Loan,person_id,LOANS.LINK_ID,integer,,30370,"","",Not mapped. Foreign key to Person.id
Loan,person_variation_id,LOANS.NVARKEY,integer,,29428,"","",Not mapped. Foreign key to PersonVariation.id
Loan,institution,LOANS.NAME,string,4000,"Thiers, Barbara M.","","",""
Loan,contact,LOANS.CONTACT,string,500,"Ott, Bruce","","",""
Loan,address,LOANS.ADDRESS,string,500,"Treguen
56190 Nuzillac
France","","",""
Loan,phone,LOANS.PHONE,string,50,613-562-5800 x 6357,"","",""
Loan,fax,LOANS.FAX,string,50,785 532-6653,"","",""
Loan,email,LOANS.EMAIL,string,100,david.m.green@mcgill.ca,"","",""
Loan,requested_by,LOANS.REQUESTED_BY,string,500,"Doubt, Jennifer","","",""
Loan,request_date,LOANS.REQUEST_DATE,datetime,,2010-09-17 00:00:00 UTC,"","",""
Loan,authorized_by,LOANS.AUTHORIZED_BY,string,500,"Doubt, Jennifer","","",""
Loan,date_authorized,LOANS.DATE_AUTHORIZED,string,11,2014-02-25,"","",""
Loan,status,LOANS.STATUS,string,100,open,"","",""
Loan,status_date,LOANS.STATUS_DATE,string,11,2017-05-29,"","",""
Loan,handled_by,LOANS.HANDLED_BY,string,500,"Bouchard, Micheline","","",""
Loan,purpose,LOANS.PURPOSE,string,500,research,"","",""
Loan,loan_start,LOANS.LOAN_START,string,11,2011-12-08,"","",""
Loan,loan_end,LOANS.LOAN_END,string,11,2012-03-03,"","",""
Loan,total_items,LOANS.TOTAL_ITEMS,integer,10,52,"","",""
Loan,total_requested,LOANS.TOTAL_REQUESTED,string,4000,918,"","",""
Loan,renewal_history,LOANS.RENEWAL_HISTORY,string,4000,May 2016 - renewed through 2016-12-31.,"","",""
Loan,acknowledge_date,LOANS.ACKNOWLEDGE_DATE,datetime,,2012-11-05 00:00:00 UTC,"","",""
Loan,prelim_agree_date,LOANS.PRELIM_AGREE_DATE,datetime,,2005-07-05 00:00:00 UTC,"","",""
Loan,approval_date,LOANS.APPROVAL_DATE,datetime,,2007-03-15 00:00:00 UTC,"","",""
Loan,reject_date,LOANS.REJECT_DATE,datetime,,2000-06-08 00:00:00 UTC,"","",""
Loan,cancel_date,LOANS.CANCEL_DATE,datetime,,2000-08-21 00:00:00 UTC,"","",""
Loan,contract_date,LOANS.CONTRACT_DATE,datetime,,2009-05-01 00:00:00 UTC,"","",""
Loan,contract_terms,LOANS.CONTRACT_TERMS,text,,"","","",""
Loan,prelim_conditions,LOANS.PRELIM_CONDITIONS,string,4000,For use by Jon Sweetman.,"","",""
Loan,actual_cost,LOANS.ACTUAL_COST,string,13,0.00,"","",""
Loan,projected_cost,LOANS.PROJECTED_COST,string,13,0.00,"","",""
Loan,insurance_paid_by,LOANS.INSURANCE_PAID_BY,string,500,Royal Tyrrell Museum of Palaeontology,"","",""
Loan,shipping_paid_by,LOANS.SHIPPING_PAID_BY,string,500,Royal Tyrrell Museum of Palaeontology,"","",""
Loan,reviewed_by,LOANS.REVIEWED_BY,string,500,Micheline B.-Bouchard,"","",""
Loan,review_date,LOANS.REVIEW_DATE,datetime,,2000-06-08 00:00:00 UTC,"","",""
Loan,review_comments,LOANS.REVIEW_COMMENTS,string,4000,The paper substrate was returned with a portion ripped off thus removing part of the original label information.  Fortunately a photograph was taken prior to sending the specimen out on loan.,"","",""
Loan,external_file,LOANS.EXTERNAL_FILE,string,500,Registrar's Office,"","",""
Loan,note,LOANS.NOTE,string,4000,Registered mail RR 180 611 40X CA,"","",""
Loan,option1,LOANS.OPTION1,string,4000,Various species of Conifers and Ferns,"","",""
Loan,date1,LOANS.DATE1,datetime,,2009-03-25 00:00:00 UTC,"","",""
Loan,flag1,LOANS.FLAG1,boolean,,false,"","",""
Loan,flag2,LOANS.FLAG2,boolean,,false,"","",""
Loan,created_by,LOANS.CREATED_BY,string,32,PFRANK,"","",Not mapped
Loan,create_date,LOANS.CREATE_DATE,datetime,,2013-02-18 13:20:08 UTC,"","",Not mapped
Loan,update_date,LOANS.UPDATE_DATE,datetime,,2016-08-15 10:53:21 UTC,"","",Not mapped
Loan,updated_by,LOANS.UPDATED_BY,string,32,XGVIEWS,"","",Not mapped
