model,field_name,MIMSY_field_name,field_type,field_length,field_example,emu_module,emu_column,migration_instructions
LoanVenue,id,LOAN_VENUES.ID,integer,,17,"","",Not mapped
LoanVenue,loan_id,LOAN_VENUES.LKEY,integer,,31,"","",Not mapped. Foreign key to Loan.id
LoanVenue,person_id,LOAN_VENUES.LINK_ID,integer,,2,"","",Not mapped. Foreign key to Person.id
LoanVenue,venue,LOAN_VENUES.VENUE,string,4000,Universitaet Osnabrueck,"","",""
LoanVenue,contact,LOAN_VENUES.CONTACT,string,500,Mary-Rose Saccu,"","",""
LoanVenue,begin_date,LOAN_VENUES.BEGIN_DATE,string,11,2011-06,"","",""
LoanVenue,end_date,LOAN_VENUES.END_DATE,string,11,2003-01-07,"","",""
