model,field_name,MIMSY_field_name,field_type,field_length,field_example,emu_module,emu_column,migration_instructions
MadeDate,id,DATE_MADE.TIMEKEY,integer,,587014,"","",Not mapped
MadeDate,catalog_id,DATE_MADE.MKEY,integer,,580011,"","",Not mapped. Foreign key to Catalog.id
MadeDate,prior_date,DATE_MADE.PRIOR_DATE,boolean,,false,"","",""
MadeDate,date_text,DATE_MADE.DATE_TEXT,string,500,1880s,"","",""
MadeDate,earliest_year,DATE_MADE.EARLIEST_YEAR,integer,10,1871,"","",""
MadeDate,latest_year,DATE_MADE.LATEST_YEAR,integer,10,1823,"","",""
MadeDate,bp,DATE_MADE.BP,boolean,,false,"","",""
