model,field_name,MIMSY_field_name,field_type,field_length,field_example,emu_module,emu_column,migration_instructions
MediumDescriptor,id,MEDIA_DESCRIPTORS.ID,integer,,340,"","",Not mapped
MediumDescriptor,medium_id,MEDIA_DESCRIPTORS.MEDIAKEY,integer,,6077,"","",Not mapped. Foreign key to Medium.id
MediumDescriptor,component,MEDIA_DESCRIPTORS.COMPONENT,string,100,EXIF,"","",""
MediumDescriptor,descriptor,MEDIA_DESCRIPTORS.DESCRIPTOR,string,100,Component 2,"","",""
MediumDescriptor,term,MEDIA_DESCRIPTORS.TERM,string,500,"Top, left side (Horizontal / normal)","","",""
