model,field_name,MIMSY_field_name,field_type,field_length,field_example,emu_module,emu_column,migration_instructions
Medium,id,MEDIA.MEDIAKEY,integer,,1906,"","",Not mapped
Medium,language,MEDIA.LANGUAGE,string,3,eng,emultimedia,DetLanguage_tab,en = English; fr = Français
Medium,media_id,MEDIA.MEDIA_ID,string,100,CMNAR992.jpg,emultimedia,MulTitle,""
Medium,locator,MEDIA.LOCATOR,string,500,\\n-nas1.mus-nature.ca\dept\MIMSY\MMImage\Botany\VascPlant\,"","",Windows file path. Not mapped.
Medium,record_type,MEDIA.RECORD_TYPE,string,50,IMAGE,emultimedia,DetResourceType,""
Medium,repro_allowed,MEDIA.REPRO_ALLOWED,boolean,,true,emultimedia,DetRights,"If value is false, append: ""Reproduction not permitted"". There are other fields with this destination."
Medium,branded,MEDIA.BRANDED,boolean,,false,"","",Not mapped
Medium,media,MEDIA.MEDIA,string,100,digital image,emultimedia,DetCoverage,""
Medium,format,MEDIA.FORMAT,string,100,JPEG,emultimedia,ChaMediaForm,""
Medium,thumbnail,MEDIA.THUMBNAIL,boolean,,true,"","",Not mapped
Medium,publish,MEDIA.PUBLISH,boolean,,true,emultimedia,AdmPublishWebNoPassword,"If value is false or null, mark both Publish on Internet and Intranet as No; if value is true, mark both as Yes."
Medium,primary,MEDIA.PRIMARY,integer,,1,"","",Not mapped
Medium,parent_id,MEDIA.BROADER_KEY,integer,10,1769,"","",Not mapped
Medium,larger_file,MEDIA.LARGER_FILE,string,4000,\\n-nas1.mus-nature.ca\dept\MIMSY\MMImage\Botany\VascPlant\CAN 25033xs.jpg,"","",Not mapped
Medium,stereo,MEDIA.STEREO,boolean,,false,"","",Not mapped
Medium,color,MEDIA.COLOR,boolean,,false,emultimedia,ChaImageColorDepth,Populate along with Medium.bitdepth_image color count only if this field cannot be computed from image file upon import.
Medium,bitdepth_image,MEDIA.BITDEPTH_IMAGE,integer,2,24,emultimedia,ChaImageColorDepth,Populate along with Medium.color only if this field cannot be computed from image file upon import.
Medium,media_type,MEDIA.MEDIA_TYPE,string,100,digital,emultimedia,NotNotes,"Append to field when present and prefix with ""Media Type:"""
Medium,physical_location,MEDIA.PHYSICAL_LOCATION,string,500,: ,emultimedia,NotNotes,"Append to field when present and prefix with ""Physical Location:"""
Medium,location_date,MEDIA.LOCATION_DATE,datetime,,2003-12-17 00:00:00 UTC,emultimedia,NotNotes,"Append to field when present and prefix with ""Location Date:"""
Medium,location_status,MEDIA.LOCATION_STATUS,string,100,onsite,emultimedia,NotNotes,"Append to field when present and prefix with ""Location Status:"""
Medium,caption,MEDIA.CAPTION,string,500,"Accession Book Vol. 4, 1931 - 1943",emultimedia,MulDescription,""
Medium,credit_line,MEDIA.CREDIT_LINE,string,500,© Canadian Museum of Nature,emultimedia,DetRights,""
Medium,resolution,MEDIA.RESOLUTION,string,24,150,emultimedia,ChaImageResolution,Populate only if this field cannot be computed from image file upon import.
Medium,horizontal_size,MEDIA.H_SIZE,integer,10,662,emultimedia,ChaImageWidth,Populate only if this field cannot be computed from image file upon import.
Medium,vertical_size,MEDIA.V_SIZE,integer,10,470,emultimedia,ChaImageHeight,Populate only if this field cannot be computed from image file upon import.
Medium,orientation,MEDIA.ORIENTATION,string,,H,emultimedia,NotNotes,"Append to field when present and prefix with ""Orientation:"""
Medium,media_count,MEDIA.MEDIA_COUNT,decimal,,1.0,"","",Not mapped
Medium,item_count,MEDIA.ITEM_COUNT,integer,10,1,"","",Not mapped
Medium,file_size,MEDIA.FILE_SIZE,integer,12,291702,emultimedia,ChaFileSize,Populate only if this field cannot be computed from image file upon import.
Medium,date_captured,MEDIA.DATE_CAPTURED,datetime,,2011-05-20 00:00:00 UTC,emultimedia,DetDate0,""
Medium,capture_method,MEDIA.CAPTURE_METHOD,string,500,flatbed scanner,emultimedia,NotNotes,"Append to field when present and prefix with ""Capture Method:"""
Medium,capture_device,MEDIA.CAPTURE_DEVICE,string,500,"Philips, XL 30 ESEM",emultimedia,NotNotes,"Append to field when present and prefix with ""Capture Device:"""
Medium,captured_by,MEDIA.CAPTURED_BY,string,500,"Leung, Shan",emultimedia,MulCreator_tab,""
Medium,storage_media,MEDIA.STORAGE_MEDIA,string,500,CD,emultimedia,NotNotes,"Append to field when present and prefix with ""Storage Media:"""
Medium,note,MEDIA.NOTE,string,4000,See the Agreement concerning the use of copyright protected works dated 2006-04-12 for details on use.,emultimedia,SupNotes0,""
Medium,flag1,MEDIA.FLAG1,boolean,,false,"","",Not mapped
Medium,flag2,MEDIA.FLAG2,boolean,,false,"","",Not mapped
Medium,created_by,MEDIA.CREATED_BY,string,32,NBOASE,emultimedia,AdtUser_tab,"Populate single record in audit trail with Operation (AdtOperation_tab) = ""Created record"""
Medium,create_date,MEDIA.CREATE_DATE,datetime,,2002-03-28 00:00:00 UTC,emultimedia,AdtDate_tab,""
Medium,updated_by,MEDIA.UPDATED_BY,string,32,XGVIEWS,"","",Not mapped
Medium,update_date,MEDIA.UPDATE_DATE,datetime,,2016-10-26 15:55:17 UTC,"","",Not mapped
