model,field_name,MIMSY_field_name,field_type,field_length,field_example,emu_module,emu_column,migration_instructions
MediumEvent,id,MEDIA_EVENTS.AUTHLINKKEY,integer,,2958339,"","",Not mapped
MediumEvent,event_id,MEDIA_EVENTS.VKEY,integer,,81,"","",Not mapped. Foreign key to Event.id
MediumEvent,medium_id,MEDIA_EVENTS.MEDIAKEY,integer,,1699,"","",Not mapped. Foreign key to Medium.id
MediumEvent,prior_attribution,MEDIA_EVENTS.PRIOR_ATTRIBUTION,boolean,,false,"","",""
MediumEvent,event,MEDIA_EVENTS.EVENT,string,4000,Stakeholders' Campaign - Pteranodon Launch,"","",""
