model,field_name,MIMSY_field_name,field_type,field_length,field_example,emu_module,emu_column,migration_instructions
Notepad,id,NOTEPAD.ID,decimal,,,"","",Not mapped
Notepad,table_key,NOTEPAD.TABLE_KEY,integer,10,,"","",""
Notepad,table_name,NOTEPAD.TABLE_NAME,string,30,,"","",""
Notepad,column_name,NOTEPAD.COLUMN_NAME,string,32,,"","",""
Notepad,module,NOTEPAD.MODULE,string,32,,"","",""
Notepad,subject,NOTEPAD.SUBJECT,string,100,,"","",""
Notepad,contributor,NOTEPAD.CONTRIBUTOR,string,100,,"","",""
Notepad,contribution_date,NOTEPAD.CONTRIBUTION_DATE,string,11,,"","",""
Notepad,note,NOTEPAD.NOTE,text,,,"","",""
Notepad,url,NOTEPAD.URL,string,500,,"","",""
Notepad,private,NOTEPAD.PRIVATE,boolean,,,"","",""
Notepad,created_by,NOTEPAD.CREATED_BY,string,32,,"","",Not mapped
Notepad,create_date,NOTEPAD.CREATE_DATE,datetime,,,"","",Not mapped
Notepad,carryover,NOTEPAD.CARRYOVER,string,4000,,"","",""
