model,field_name,MIMSY_field_name,field_type,field_length,field_example,emu_module,emu_column,migration_instructions
PlaceVariation,id,PLACE_VARIATIONS.PLACEVARKEY,integer,,3003,"","",Not mapped
PlaceVariation,place_id,PLACE_VARIATIONS.PLACEKEY,integer,,2518,"","",Not mapped. Foriegn key to Place.id
PlaceVariation,variation,PLACE_VARIATIONS.VARIATION,string,100,Simpson Co. (MS),esites,LocAlternateNames_tab,""
PlaceVariation,variation_type,PLACE_VARIATIONS.VARIATION_TYPE,string,100,,esites,LocNotes,"Prefix with ""Place Variation Type: "" when present."
PlaceVariation,begin_date,PLACE_VARIATIONS.BEGIN_DATE,string,11,2002-04,"","",Not mapped
PlaceVariation,end_date,PLACE_VARIATIONS.END_DATE,string,11,1987,"","",Not mapped
PlaceVariation,note,PLACE_VARIATIONS.NOTE,string,4000,former place name,esites,LocNotes,"Prefix with ""Place Variation Note: "" when present."
PlaceVariation,prior_attribution,PLACE_VARIATIONS.PRIOR_ATTRIBUTION,boolean,,false,"","",Not mapped
