model,field_name,MIMSY_field_name,field_type,field_length,field_example,emu_module,emu_column,migration_instructions
Place,id,PLACES.PLACEKEY,integer,10,5305,"","",Not mapped
Place,language,PLACES.LANGUAGE,string,3,eng,"","",""
Place,name,PLACES.PLACE1,string,500,Spokane Co.,esites,LocContinent_tab OR LocCountry_tab OR LocProvinceStateTerritory_tab OR LocDistrictCountyShire_tab OR LocTownshipName OR LocTownship_tab,"Hierarchy of geographic place names in esites are found through a 4-way join between Site=>CatalogSite=>CatalogCollectionPlace=>Place using site_id, catalog_id and place_id as foreign keys. If political_name == true and hierarchy_level contains a value, populate hierarchy of locality details by walking up the adjacency list using a self join with Place.broader_key. hierarchy_level has values with sematics as follows: 1=Continent, 3=Country, 5=Province/Territory/State, 7=County, 8=Township, 12=City/Town/Village. If geographic_name == true then content could be a water body, mountain range, etc. Additionally populate esites:LocWaterBody, esites:LocIslandGrouping, esites:LocIslandName, and esites:Drainage by parsing name and placing in those fields respective where ever possible (eg using [""lake"", ""river"", ""riv."", ...])."
Place,place2,PLACES.PLACE2,string,500,5349,"","",Not mapped
Place,place3,PLACES.PLACE3,string,500,430,"","",Not mapped
Place,sort_name,PLACES.SORT_NAME,string,500,BANFF NATIONAL PARK,"","",Not mapped
Place,place_type,PLACES.PLACE_TYPE,string,100,,"","",Not mapped
Place,geographic_name,PLACES.GEOGRAPHIC_NAME,boolean,,false,"","",Not mapped
Place,political_name,PLACES.POLITICAL_NAME,boolean,,true,"","",Not mapped
Place,modified,PLACES.MODIFIED,boolean,,false,"","",Not mapped
Place,guide_term,PLACES.GUIDE_TERM,boolean,,false,"","",Not mapped
Place,publish,PLACES.PUBLISH,boolean,,false,"","",Not mapped
Place,description,PLACES.DESCRIPTION,string,4000,Governorate; as per https://www.egypt.gov.eg/english/guide/governorsAll.aspx,esites,NotNotes,"Prefix on new line with ""Place Description: "" when present."
Place,broader_key,PLACES.BROADER_KEY,integer,,4273,"","",Not mapped
Place,parent_path,PLACES.BROADER_TEXT,string,4000,Earth; Africa; Kenya,"","",Not mapped
Place,hierarchy_level,PLACES.HIERARCHY_LEVEL,integer,10,7,"","",Not mapped
Place,start_qualifier,PLACES.START_QUALIFIER,string,24,N,"","",Not mapped
Place,start_latitude,PLACES.START_LATITUDE,string,20,45°,"","",Not mapped
Place,start_longitude,PLACES.START_LONGITUDE,string,20,06140--W,"","",Not mapped
Place,start_direction,PLACES.START_DIRECTION,string,3,N,"","",Not mapped
Place,end_qualifier,PLACES.END_QUALIFIER,string,24,W,"","",Not mapped
Place,end_latitude,PLACES.END_LATITUDE,string,20,,"","",Not mapped
Place,end_longitude,PLACES.END_LONGITUDE,string,20,17,"","",Not mapped
Place,end_direction,PLACES.END_DIRECTION,string,3,"00""","","",Not mapped
Place,latitude_accuracy,PLACES.LATITUDE_ACCURACY,string,500,,"","",Not mapped
Place,longitude_accuracy,PLACES.LONGITUDE_ACCURACY,string,500,,"","",Not mapped
Place,source,PLACES.SOURCE,string,500,http://www.region.durham.on.ca/images/regionlocal.gif,esites,NotNotes,"Prefix on new line with ""Place Source: "" when present."
Place,source_date,PLACES.SOURCE_DATE,string,11,2001-06-07,esites,NotNotes,"Prefix on new line with ""Place Source Date: "" when present."
Place,note,PLACES.NOTE,string,4000,"The Lats and Longs given, are for the town itself.",esites,NotNotes,"Prefix on new line with ""Place Notes: "" when present."
Place,flag1,PLACES.FLAG1,boolean,,false,"","",Not mapped
Place,flag2,PLACES.FLAG2,boolean,,false,"","",Not mapped
Place,create_date,PLACES.CREATE_DATE,datetime,,1998-11-10 00:00:00 UTC,"","",Not mapped
Place,created_by,PLACES.CREATED_BY,string,32,MSTEIGERWA,"","",Not mapped
Place,update_date,PLACES.UPDATE_DATE,datetime,,2003-02-05 00:00:00 UTC,"","",Not mapped
Place,updated_by,PLACES.UPDATED_BY,string,32,JPRICE,"","",Not mapped
