model,field_name,MIMSY_field_name,field_type,field_length,field_example,emu_module,emu_column,migration_instructions
Right,id,RIGHTS.RIGHTSKEY,integer,,232,"","",Not mapped
Right,table_key,RIGHTS.TABLE_KEY,integer,,5307,"","",""
Right,table_name,RIGHTS.TABLE_NAME,string,30,MEDIA,"","",""
Right,rights_type,RIGHTS.RIGHTS_TYPE,string,100,copyright,"","",""
Right,begin_date,RIGHTS.BEGIN_DATE,string,11,2006-04-12,"","",""
Right,right,RIGHTS.RIGHTS_TEXT,string,4000,© CMN,"","",""
Right,person_id,RIGHTS.LINK_ID,integer,,2,"","",""
Right,holder,RIGHTS.RIGHTS_HOLDER,string,4000,Canadian Museum of Nature,"","",""
Right,granting_status,RIGHTS.GRANTING_STATUS,string,100,pending,"","",""
Right,flag1,RIGHTS.FLAG1,boolean,,false,"","",""
Right,flag2,RIGHTS.FLAG2,boolean,,false,"","",""
Right,flag3,RIGHTS.FLAG3,boolean,,false,"","",""
Right,flag4,RIGHTS.FLAG4,boolean,,false,"","",""
Right,flag5,RIGHTS.FLAG5,boolean,,false,"","",""
Right,flag6,RIGHTS.FLAG6,boolean,,false,"","",""
Right,flag7,RIGHTS.FLAG7,boolean,,false,"","",""
Right,flag8,RIGHTS.FLAG8,boolean,,false,"","",""
Right,flag9,RIGHTS.FLAG9,boolean,,false,"","",""
Right,flag10,RIGHTS.FLAG10,boolean,,false,"","",""
Right,regarding,RIGHTS.CARRYOVER,string,4000,"Clarke1974_10s.jpg
\\n-nas1.mus-nature.ca\dept\MIMSY\mmimage\Documents\fieldnote\
JPEG","","",""
