model,field_name,MIMSY_field_name,field_type,field_length,field_example,emu_module,emu_column,migration_instructions
SiteSurvey,site_id,SITE_SURVEYS.SKEY,integer,,1042,"","",Not mapped. Foreign key to Site.id
SiteSurvey,surveyor,SITE_SURVEYS.SURVEYOR,string,500,"Bousfield, E.L.","","",""
SiteSurvey,begin_date,SITE_SURVEYS.BEGIN_DATE,string,11,1950-07-03,"","",""
SiteSurvey,end_date,SITE_SURVEYS.END_DATE,string,11,1959-08-19,"","",""
SiteSurvey,note,SITE_SURVEYS.NOTE,string,4000,time 1530,"","",""
SiteSurvey,id,SITE_SURVEYS.ID,integer,,35,"","",Not mapped
