model,field_name,MIMSY_field_name,field_type,field_length,field_example,emu_module,emu_column,migration_instructions
SiteMeasurement,id,SITE_MEASUREMENTS.ID,integer,,3201,"","",Not mapped
SiteMeasurement,site_id,SITE_MEASUREMENTS.SKEY,integer,,8410,"","",Not mapped. Foreign key to Site.id
SiteMeasurement,measure_type,SITE_MEASUREMENTS.MEASURE_TYPE,string,100,distance offshore,"","",""
SiteMeasurement,measure_length,SITE_MEASUREMENTS.MEASURE_LENGTH,decimal,,7.5,"","",""
SiteMeasurement,measure_width,SITE_MEASUREMENTS.MEASURE_WIDTH,decimal,,5.0,"","",""
SiteMeasurement,measure_depth,SITE_MEASUREMENTS.MEASURE_DEPTH,decimal,,3.0,"","",""
SiteMeasurement,length_unit,SITE_MEASUREMENTS.LENGTH_UNIT,string,10,m,"","",""
SiteMeasurement,width_unit,SITE_MEASUREMENTS.WIDTH_UNIT,string,10,m,"","",""
SiteMeasurement,depth_unit,SITE_MEASUREMENTS.DEPTH_UNIT,string,10,m,"","",""
SiteMeasurement,note,SITE_MEASUREMENTS.NOTE,string,4000, ,"","",""
SiteMeasurement,display,SITE_MEASUREMENTS.DISPLAY,string,500,capture depth: 55 m,"","",""
SiteMeasurement,prior_attribution,SITE_MEASUREMENTS.PRIOR_ATTRIBUTION,boolean,,false,"","",""
