model,field_name,MIMSY_field_name,field_type,field_length,field_example,emu_module,emu_column,migration_instructions
SiteDescription,id,SITE_DESCRIPTIONS.ID,integer,,,"","",Not mapped
SiteDescription,site_id,SITE_DESCRIPTIONS.SKEY,integer,,,"","",Not mapped. Foreign key to Site.id
SiteDescription,prior_attribution,SITE_DESCRIPTIONS.PRIOR_ATTRIBUTION,boolean,,,"","",""
SiteDescription,description_type,SITE_DESCRIPTIONS.DESCRIPTION_TYPE,string,100,,"","",""
SiteDescription,description,SITE_DESCRIPTIONS.DESCRIPTION,string,4000,,"","",""
SiteDescription,descript_source,SITE_DESCRIPTIONS.DESCRIPT_SOURCE,string,500,,"","",""
SiteDescription,descript_date,SITE_DESCRIPTIONS.DESCRIPT_DATE,string,11,,"","",""
SiteDescription,attrib_type,SITE_DESCRIPTIONS.ATTRIB_TYPE,string,100,,"","",""
SiteDescription,attributor,SITE_DESCRIPTIONS.ATTRIBUTOR,string,500,,"","",""
SiteDescription,attrib_date,SITE_DESCRIPTIONS.ATTRIB_DATE,string,11,,"","",""
SiteDescription,attrib_source,SITE_DESCRIPTIONS.ATTRIB_SOURCE,string,500,,"","",""
SiteDescription,attrib_comment,SITE_DESCRIPTIONS.ATTRIB_COMMENT,string,4000,,"","",""
SiteDescription,certainty,SITE_DESCRIPTIONS.CERTAINTY,string,500,,"","",""
SiteDescription,step,SITE_DESCRIPTIONS.STEP,decimal,,,"","",""
SiteDescription,note,SITE_DESCRIPTIONS.NOTE,string,4000,,"","",""
