model,field_name,MIMSY_field_name,field_type,field_length,field_example,emu_module,emu_column,migration_instructions
SitePerson,id,SITES_PEOPLE.AUTHLINKKEY,integer,,2516030,"","",Not mapped
SitePerson,person_id,SITES_PEOPLE.LINK_ID,integer,,307,"","",Not mapped. Foreign key to Person.id
SitePerson,site_id,SITES_PEOPLE.SKEY,integer,,426370,"","",Not mapped. Foreign key to Site.id
SitePerson,relationship,SITES_PEOPLE.RELATIONSHIP,string,500,collector,esites,SitSiteOwner_tab,"If regex /owner/ig then create and/or link to Party record. Otherwise, get all instances of Person linked to SitePerson and append to esites::NotNotes (one each line) the following: ""Associated Party: [Person.preferred_name] (SitePerson.relationship)"""
SitePerson,affiliation,SITES_PEOPLE.AFFILIATION,string,500,McGill University,"","",""
SitePerson,begin_date,SITES_PEOPLE.BEGIN_DATE,string,11,2003,"","",""
SitePerson,end_date,SITES_PEOPLE.END_DATE,string,11,1973-07-05,"","",""
SitePerson,note,SITES_PEOPLE.NOTE,string,4000,"1976, 1977-07","","",""
SitePerson,prior_attribution,SITES_PEOPLE.PRIOR_ATTRIBUTION,boolean,,false,"","",""
SitePerson,person_variation_id,SITES_PEOPLE.NVARKEY,integer,10,15814,"","",Not mapped. Foreign key to PersonVariation.id
SitePerson,name,SITES_PEOPLE.NAME,string,4000,"Falin, Zachary H.","","",""
