model,field_name,MIMSY_field_name,field_type,field_length,field_example,emu_module,emu_column,migration_instructions
Site,id,SITES.SKEY,integer,,1548,"","",Not mapped
Site,language,SITES.LANGUAGE,string,3,eng,"","",""
Site,site_id,SITES.SITE_ID,string,48,PR 1967 99,esites,SitSiteNumber,""
Site,site_type,SITES.SITE_TYPE,string,100,beach,esites,LocSiteType,""
Site,site_name,SITES.SITE_NAME,string,500,"L 28885: Que, Ferriman Ridge",esites,SitSiteName_tab,""
Site,environment,SITES.SITE_CLASS,string,500,marine,"","",""
Site,description,SITES.DESCRIPTION,string,4000,"Hunt's Pt., at wharf",esites,LocPreciseLocation,""
Site,site_date,SITES.SITE_DATE,string,500,1954-07-03; time 1900 ?,ecollectionevents,ColVerbatimDate,"Retrieve collection event through link to Catalog via CatalogSite; where possible, parse content into ecollectionevents:ColDateVisitedFrom, ecollectionevents:ColDateVisitedTo, ecollectionevents:ColTimeVisitedFrom, and ecollectionevents:ColTimeVisitedTo"
Site,location,SITES.LOCATION,string,500,"North America: Canada, Nova Scotia, Victoria Co. (NS)","","",""
Site,location_accuracy,SITES.LOCATION_ACCURACY,string,500,primary(LL),esites,LatGeoreferencingNotes0,""
Site,start_latitude,SITES.START_LATITUDE,string,50,36° 54' N,esites,LatLatitude_nesttab,""
Site,start_longitude,SITES.START_LONGITUDE,string,50,75° 41' W,esites,LatLongitude_nesttab,"Make LatCentroidType_tab = ""Start"" for start coordinate"
Site,end_latitude,SITES.END_LATITUDE,string,50,"54° 10' 21"" N",esites,LatLatitude_nesttab,""
Site,end_longitude,SITES.END_LONGITUDE,string,50,"134° 8' 25"" W",esites,LatLongitude_nesttab,"Make LatCentroidType_tab = ""End"" for end coordinate"
Site,utm_start,SITES.UTM_START,string,100,Zone 13; Northing 5139538; Easting 435432; Datum NAD27,esites,MapUTMVerbatim_tab,"Parse the values here into MapZone_tab, MapEasting0, and MapNorthing0. Put ""Start"" in MapUTMComment_tab. Most values will be in the form ""Zone 16; Northing 5610010; Easting 678499"""
Site,utm_end,SITES.UTM_END,string,100,,esites,MapUTMVerbatim_tab,"Parse the values here into MapZone_tab, MapEasting0, and MapNorthing0. Put ""End"" in MapUTMComment_tab. Most values will be in the form ""Zone 16; Northing 5610010; Easting 678499"""
Site,start_latitude_dec,SITES.START_LATITUDE_DEC,decimal,,41.435278,esites,LatLatitudeDecimal_nesttab,""
Site,start_longitude_dec,SITES.START_LONGITUDE_DEC,decimal,,-68.216667,esites,LatLongitudeDecimal_nesttab,""
Site,end_latitude_dec,SITES.END_LATITUDE_DEC,decimal,,57.0,esites,LatLatitudeDecimal_nesttab,""
Site,end_longitude_dec,SITES.END_LONGITUDE_DEC,decimal,,-133.032778,esites,LatLongitudeDecimal_nesttab,""
Site,decimal_is_primary,SITES.DECIMAL_IS_PRIMARY,boolean,,false,"","",""
Site,coord_uncertainty,SITES.COORD_UNCERTAINTY,decimal,,20.0,esites,LatRadiusNumeric_tab,""
Site,coord_uncertainty_verb,SITES.COORD_UNCERTAINTY_VERB,string,50,<1 km,esites,LatRadiusVerbatim_tab,""
Site,uncertainty_unit,SITES.UNCERTAINTY_UNIT,string,10,km,esites,LatRadiusUnit_tab,""
Site,georef_status,SITES.GEOREF_STATUS,string,100,reviewed - high confidence,esites,"",""
Site,georef_source,SITES.GEOREF_SOURCE,string,500,NTS map 89B,esites,LatDetSource_tab,""
Site,geodetic_datum,SITES.GEODETIC_DATUM,string,500,NAD83,esites,LatDatum_tab,""
Site,measurements,SITES.MEASUREMENTS,string,500,no,"","",""
Site,elevation,SITES.ELEVATION,string,500,2300 m,esites,LocElevationASLFromMt,"Values here may include all manner of values, ranges, and units. Please parse and convert these values into meters when required and also populate LocElevationASLToMt as appropriate when ranges are indicated."
Site,topography,SITES.TOPOGRAPHY,string,500,sandstone,esites,TerTopography,""
Site,ecological_zones,SITES.ECOLOGICAL_ZONES,string,500,LW to MW level,esites,HabHabitatRemarks,""
Site,vegetation,SITES.VEGETATION,string,4000,fucoids,esites,TerVegetation,""
Site,disturbance_factors,SITES.DISTURBANCE_FACTORS,string,4000,polluted by sawmill,esites,CulDisturbance,""
Site,condition,SITES.CONDITION,string,4000,light wave action,esites,CulCondition,""
Site,owner,SITES.OWNER,string,500,Pat Blanchard,esites,SitSiteOwner_tab,""
Site,register_status,SITES.REGISTER_STATUS,string,100,Miss Mel,ecollectionevents,ExpVesselName,Retrieve collection event through link to Catalog via CatalogSite
Site,archaeological_status,SITES.ARCHAEOLOGICAL_STATUS,string,100,CRUISE70,ecollectionevents,ExpExpeditionName,Retrieve collection event through link to Catalog via CatalogSite; also put content in esites:CulExpeditionName_tab
Site,jurisdiction,SITES.JURISDICTION,string,500,,esites,SitJursidiction,""
Site,site_designation,SITES.SITE_DESIGNATION,string,500,Rhodesia on label,esites,CulResearchCategory_tab,""
Site,research_activity,SITES.RESEARCH_ACTIVITY,string,500,"sifter, berlese; flight intercept trap",esites,CulResearchActivity_tab,""
Site,recommendations,SITES.RECOMMENDATIONS,string,4000,Dryas community types and ridges.,esites,LocNotes,""
Site,note,SITES.NOTE,string,4000,49 05 00 N; Curator geo. id.: 23,esites,NotNotes,""
Site,publish,SITES.PUBLISH,boolean,,true,esites,AdmPublishWebNoPassword,"If value is false or null, mark both Publish on Internet and Intranet as No; if value is true, mark both as Yes."
Site,option1,SITES.OPTION1,string,4000,Thermopol Reference Collection,"","",""
Site,option2,SITES.OPTION2,string,1000,Gear type: Ekman grab,"","",""
Site,flag1,SITES.FLAG1,boolean,,false,"","",""
Site,flag2,SITES.FLAG2,boolean,,false,"","",""
Site,sort_prefix,SITES.SORT_PREFIX,string,6,S,"","",""
Site,sort1,SITES.SORT1,string,7,001959,"","",""
Site,sort2,SITES.SORT2,string,7,000000,"","",""
Site,sort3,SITES.SORT3,string,7,000000,"","",""
Site,sort4,SITES.SORT4,string,7,000000,"","",""
Site,sort5,SITES.SORT5,string,7,000000,"","",""
Site,create_date,SITES.CREATE_DATE,datetime,,1998-11-05 00:00:00 UTC,"","",Not mapped
Site,created_by,SITES.CREATED_BY,string,32,CONVERSION,"","",Not mapped
Site,update_date,SITES.UPDATE_DATE,datetime,,2016-07-28 15:54:21 UTC,"","",Not mapped
Site,updated_by,SITES.UPDATED_BY,string,32,XGVIEWS,"","",Not mapped
