model,field_name,MIMSY_field_name,field_type,field_length,field_example,emu_module,emu_column,migration_instructions
SitePublication,id,SITES_PUBLICATIONS.AUTHLINKKEY,integer,,3303727,"","",Not mapped
SitePublication,publication_id,SITES_PUBLICATIONS.PKEY,integer,,7739,"","",Not mapped. Foreign key to Publication.id
SitePublication,site_id,SITES_PUBLICATIONS.SKEY,integer,,477252,"","",Not mapped. Foreign key to Site.id
SitePublication,relationship,SITES_PUBLICATIONS.RELATIONSHIP,string,500,mentioned,"","",""
SitePublication,prior_attribution,SITES_PUBLICATIONS.PRIOR_ATTRIBUTION,boolean,,false,"","",""
SitePublication,illustration,SITES_PUBLICATIONS.ILLUSTRATION,boolean,,false,"","",""
SitePublication,publication,SITES_PUBLICATIONS.PUBLICATION,string,4000,"Patterned Ground and Vegetation on Southern Bylot Island, Northwest Territories, Canada","","",""
