model,field_name,MIMSY_field_name,field_type,field_length,field_example,emu_module,emu_column,migration_instructions
ValuationMedium,id,VALUATION_MEDIA.ID,decimal,,,"","",Not mapped
ValuationMedium,medium_id,VALUATION_MEDIA.MEDIAKEY,integer,,,"","",Not mapped. Foreign key to Medium.id
ValuationMedium,media,VALUATION_MEDIA.MEDIA,string,4000,,"","",""
ValuationMedium,catalog_id,VALUATION_MEDIA.M_ID,decimal,,,"","",Not mapped. Foreign key to Catalog.id
ValuationMedium,object,VALUATION_MEDIA.OBJECT,string,4000,,"","",""
ValuationMedium,valuation_id,VALUATION_MEDIA.TRANS_ID,integer,,,"","",Not mapped. Foreign key to Valuation.id
ValuationMedium,valuation,VALUATION_MEDIA.VALUATION,string,4000,,"","",""
ValuationMedium,relationship,VALUATION_MEDIA.RELATIONSHIP,string,500,,"","",""
ValuationMedium,begin_date,VALUATION_MEDIA.BEGIN_DATE,string,11,,"","",""
ValuationMedium,end_date,VALUATION_MEDIA.END_DATE,string,11,,"","",""
ValuationMedium,step,VALUATION_MEDIA.STEP,integer,10,,"","",""
ValuationMedium,note,VALUATION_MEDIA.NOTE,string,4000,,"","",""
