model,field_name,MIMSY_field_name,field_type,field_length,field_example,emu_module,emu_column,migration_instructions
AcquisitionSource,id,ACQUISITION_SOURCES.ID,integer,,4658,"","",Not mapped
AcquisitionSource,acquisition_id,ACQUISITION_SOURCES.AKEY,integer,,23611,"","",Not mapped. Foreign key to Acquisition.id
AcquisitionSource,person_id,ACQUISITION_SOURCES.LINK_ID,integer,,4733,"","",Not mapped. Foreign key to Person.id
AcquisitionSource,person_variation_id,ACQUISITION_SOURCES.NVARKEY,integer,10,18680,"","",""
AcquisitionSource,source,ACQUISITION_SOURCES.SOURCE,string,4000,"Simard, F.X.","","",""
AcquisitionSource,source_role,ACQUISITION_SOURCES.SOURCE_ROLE,string,100,donor,"","",""
AcquisitionSource,contact,ACQUISITION_SOURCES.CONTACT,string,500,Dr. Teuvo T. Ahti,"","",""
AcquisitionSource,address,ACQUISITION_SOURCES.ADDRESS,string,500,"P.O. Box 1384
16 Prospect Street
Lakefield
Ontario
K0L 2H0
Canada","","",""
AcquisitionSource,amount_paid,ACQUISITION_SOURCES.AMOUNT_PAID,decimal,,,"","",""
AcquisitionSource,note,ACQUISITION_SOURCES.NOTE,string,4000,"Original accession form attributes the donation to ""Mrs. J. Gorham, Browns Flat, NB""","","",""
AcquisitionSource,unlinked_value,ACQUISITION_SOURCES.UNLINKED_VALUE,string,500,"Lague, R[..?]","","",""
