model,field_name,MIMSY_field_name,field_type,field_length,field_example,emu_module,emu_column,migration_instructions
CatalogSite,id,ITEMS_SITES.AUTHLINKKEY,integer,,2648120,"","",Not mapped
CatalogSite,catalog_id,ITEMS_SITES.MKEY,integer,,763554,"","",Not mapped. Foreign key to Catalog.id
CatalogSite,site_id,ITEMS_SITES.SKEY,integer,,352424,"","",Not mapped. Foreign key to Site.id
CatalogSite,specific_locale,ITEMS_SITES.SPECIFIC_LOCALE,string,500,,"","",""
CatalogSite,habitat,ITEMS_SITES.HABITAT,string,500,,"","",""
CatalogSite,relationship,ITEMS_SITES.RELATIONSHIP,string,500,,"","",""
CatalogSite,position,ITEMS_SITES.POSITION,string,500,,"","",""
CatalogSite,note,ITEMS_SITES.NOTE,string,4000,,"","",""
CatalogSite,prior_attribution,ITEMS_SITES.PRIOR_ATTRIBUTION,boolean,,false,"","",""
CatalogSite,site,ITEMS_SITES.SITE,string,4000,CAN 591805,"","",""
CatalogSite,start_latitude,ITEMS_SITES.START_LATITUDE,string,4000,"44,559167","","",""
CatalogSite,start_longitude,ITEMS_SITES.START_LONGITUDE,string,4000,"-105,1975","","",""
CatalogSite,end_latitude,ITEMS_SITES.END_LATITUDE,string,4000,"134,776","","",""
CatalogSite,end_longitude,ITEMS_SITES.END_LONGITUDE,string,4000,"-120,778611","","",""
