model,field_name,MIMSY_field_name,field_type,field_length,field_example,emu_module,emu_column,migration_instructions
CatalogMedium,id,ITEMS_MEDIA.AUTHLINKKEY,integer,,2484026,"","",Not mapped
CatalogMedium,catalog_id,ITEMS_MEDIA.MKEY,integer,,97066,"","",Not mapped. Foreign key to Catalog.id
CatalogMedium,medium_id,ITEMS_MEDIA.MEDIAKEY,integer,,52408,"","",Not mapped. Foreign key to Medium.id
CatalogMedium,sort,ITEMS_MEDIA.STEP,integer,10,1,"","",""
CatalogMedium,relationship,ITEMS_MEDIA.RELATIONSHIP,string,500,specimen,"","",""
CatalogMedium,prior_attribution,ITEMS_MEDIA.PRIOR_ATTRIBUTION,boolean,,false,"","",""
CatalogMedium,media,ITEMS_MEDIA.MEDIA,string,4000,CAN595434.jpg,"","",""
