model,field_name,MIMSY_field_name,field_type,field_length,field_example,emu_module,emu_column,migration_instructions
CatalogDescription,id,ITEM_DESCRIPTIONS.ID,integer,,2763,"","",Not mapped
CatalogDescription,catalog_id,ITEM_DESCRIPTIONS.MKEY,integer,,46117,"","",Not mapped. Foreign key to Catalog.id
CatalogDescription,prior_description,ITEM_DESCRIPTIONS.PRIOR_DESCRIPTION,boolean,,false,"","",""
CatalogDescription,description_type,ITEM_DESCRIPTIONS.DESCRIPTION_TYPE,string,100,description,"","",""
CatalogDescription,description,ITEM_DESCRIPTIONS.DESCRIPTION,string,4000,"3 slides: CMNI 1985-0230a, CMNI 1985-0230b, CMNI 1985-0230c","","",""
CatalogDescription,description_date,ITEM_DESCRIPTIONS.DESCRIPT_DATE,string,11,,"","",""
