model,field_name,MIMSY_field_name,field_type,field_length,field_example,emu_module,emu_column,migration_instructions
CatalogOtherMeasurement,id,OTHER_MEASUREMENTS.ID,integer,,21400,"","",Not mapped
CatalogOtherMeasurement,catalog_id,OTHER_MEASUREMENTS.MKEY,integer,,771589,"","",Not mapped. Foreign key to Catalog.id
CatalogOtherMeasurement,part_measured,OTHER_MEASUREMENTS.PART_MEASURED,string,500,count,"","",""
CatalogOtherMeasurement,type,OTHER_MEASUREMENTS.OM_TYPE,string,100,species abundance,"","",""
CatalogOtherMeasurement,measurement,OTHER_MEASUREMENTS.MEASUREMENT,decimal,,245.0,"","",""
CatalogOtherMeasurement,unit,OTHER_MEASUREMENTS.UNIT,string,100,/m2,"","",""
CatalogOtherMeasurement,size,OTHER_MEASUREMENTS.SIZE_MEASURE,string,500,Grade 1/8,"","",""
CatalogOtherMeasurement,note,OTHER_MEASUREMENTS.NOTE,string,4000,"tag W3520, 3521","","",""
CatalogOtherMeasurement,prior_attribution,OTHER_MEASUREMENTS.PRIOR_ATTRIBUTION,boolean,,false,"","",""
