model,field_name,MIMSY_field_name,field_type,field_length,field_example,emu_module,emu_column,migration_instructions
Catalog,id,CATALOGUE.MKEY,integer,,7556,"","",Not mapped
Catalog,language,CATALOGUE.LANGUAGE,string,3,eng,"","",""
Catalog,catalog_number,CATALOGUE.ID_NUMBER,string,48,CMNA 1900-2866.2,ecatalogue,CatId,""
Catalog,collection_code,CATALOGUE.ID_PREFIX,string,6,CMNA,ecatalogue,CatPrefix,""
Catalog,collection,CATALOGUE.CATEGORY1,string,100,Lichen,ecatalogue,CatCollection,""
Catalog,scientific_name,CATALOGUE.ITEM_NAME,string,500,Phyllodoce groenlandica,"","",""
Catalog,specimen_name,CATALOGUE.TITLE,string,500,dorsal shield,"","",""
Catalog,maker,CATALOGUE.MAKER,string,500,,"","",""
Catalog,collector,CATALOGUE.COLLECTOR,string,500,"Levings, Colin D.","","",""
Catalog,place_collected,CATALOGUE.PLACE_COLLECTED,string,500,"North America: Canada, Newfoundland and Labrador","","",""
Catalog,date_collected,CATALOGUE.DATE_COLLECTED,string,500,1977-05-24 -1977-05-25,"","",""
Catalog,place_made,CATALOGUE.PLACE_MADE,string,500,,"","",""
Catalog,site,CATALOGUE.SITE,string,500,HRB-1979-10-04,"","",""
Catalog,culture,CATALOGUE.CULTURE,string,500,,"","",""
Catalog,date_made,CATALOGUE.DATE_MADE,string,500,,"","",""
Catalog,specimen_nature,CATALOGUE.MATERIALS,string,500,wet,"","",""
Catalog,sex,CATALOGUE.SEX,string,500,M/F,"","",""
Catalog,geologic_age,CATALOGUE.AGE,string,500,Devonian (Peel Sound Fm.),"","",""
Catalog,stage,CATALOGUE.STAGE,string,500,adult,"","",""
Catalog,measurements,CATALOGUE.MEASUREMENTS,string,500,total length: 9.1 mm,"","",""
Catalog,description,CATALOGUE.DESCRIPTION,string,4000,dorsal shield. FIGURED.,"","",""
Catalog,acquisition_number,CATALOGUE.CREDIT_LINE,string,500,1963-293,ecatalogue,AccAccessionLot,"Linkout to the acquisition is determined with a join, Catalog.id => AquisitionCatalog.catalog_id / AcquisitionCatalog.acquistion_id => Aquisition.id. However, there are approx. 1200 instances where a catalog record has a value in this acqusition_number field but does not have a corresponding entry in the AcquisitionCatalog table (e.g. 1977-341, 00797, etc.). Please create an acquisition record for these cases (i.e. use acquisition_number here to populate a new eaccessionlots::AcqAcquisitionIdentifier) and link the catalog record to this acquisition."
Catalog,item_count,CATALOGUE.ITEM_COUNT,integer,10,15,ecatalogue,PreTotalSpecimenCount,""
Catalog,system_count,CATALOGUE.SYSTEM_COUNT,integer,10,,"","",""
Catalog,parent_key,CATALOGUE.PARENT_KEY,integer,10,,"","",""
Catalog,broader_text,CATALOGUE.BROADER_TEXT,string,4000,,"","",""
Catalog,whole_part,CATALOGUE.WHOLE_PART,string,100,whole,"","",""
Catalog,home_location,CATALOGUE.HOME_LOCATION,string,500,Natural Heritage Building/ Herbarium,"","",""
Catalog,note,CATALOGUE.NOTE,string,4000,"Specimen remarks: /Idr: Madill, Jacqueline, 22 DEC 1987","","",""
Catalog,language_of_material,CATALOGUE.LANGUAGE_OF_MATERIAL,string,100,eng,"","",""
Catalog,option1,CATALOGUE.OPTION1,string,4000,Identification remarks: cf,"","",""
Catalog,option2,CATALOGUE.OPTION2,string,2000,,"","",""
Catalog,option3,CATALOGUE.OPTION3,string,500,"gills, bulla embedded in flesh","","",""
Catalog,option4,CATALOGUE.OPTION4,string,500,"Original collector: Levings, Colin D.","","",""
Catalog,option5,CATALOGUE.OPTION5,string,500,,"","",""
Catalog,option6,CATALOGUE.OPTION6,string,500,,"","",""
Catalog,option7,CATALOGUE.OPTION7,string,500,,"","",""
Catalog,flag1,CATALOGUE.FLAG1,boolean,,false,"","",""
Catalog,flag2,CATALOGUE.FLAG2,boolean,,false,"","",""
Catalog,flag3,CATALOGUE.FLAG3,boolean,,false,"","",""
Catalog,gbif,CATALOGUE.FLAG4,boolean,,false,"","",""
Catalog,publish,CATALOGUE.PUBLISH,boolean,,true,ecatalogue,AdmPublishWebNoPassword,"If value is false or null, mark both Publish on Internet and Intranet as No; if value is true, mark both as Yes."
Catalog,loan_allowed,CATALOGUE.LOAN_ALLOWED,boolean,,false,ecatalogue,ManLoanAllowed,"Set Yes if value is true, set No if value is false"
Catalog,offsite,CATALOGUE.OFFSITE,boolean,,false,"","",""
Catalog,create_date,CATALOGUE.CREATE_DATE,datetime,,1999-07-15 00:00:00 UTC,"","",""
Catalog,created_by,CATALOGUE.CREATED_BY,string,32,CONVERSION,"","",""
Catalog,update_date,CATALOGUE.UPDATE_DATE,datetime,,2017-11-20 17:14:55 UTC,"","",""
Catalog,updated_by,CATALOGUE.UPDATED_BY,string,32,ANACTORIA,"","",""
Catalog,location,CATALOGUE.LOCATION,string,4000,Natural Heritage Building/ Herbarium,"","",""
Catalog,location_date,CATALOGUE.LOCATION_DATE,string,4000,2013-06-11,"","",""
Catalog,location_levels,CATALOGUE.LOCATION_LEVELS,string,4000,,"","",""
Catalog,condition,CATALOGUE.CONDITION,string,4000,very good,"","",""
Catalog,condition_date,CATALOGUE.CONDITION_DATE,string,4000,2010-03-23,"","",""
Catalog,valuation,CATALOGUE.VALUATION,string,4000,,"","",""
Catalog,valuation_date,CATALOGUE.VALUATION_DATE,string,4000,,"","",""
Catalog,legal_status,CATALOGUE.LEGAL_STATUS,string,4000,permanent collection,"","",""
Catalog,uuid,CATALOGUE.UUID,string,36,657ff92d-5232-2324-4385-df9baf7526e9,ecatalogue,AdmGUIDValue_tab,"Set ecatalogue.AdmGUIDUIsPreferred_tab to ""Yes"" and ecatalogue.AdmGUIDType_tab = ""UUID4"""
