model,field_name,MIMSY_field_name,field_type,field_length,field_example,emu_module,emu_column,migration_instructions
CatalogAccessory,id,ACCESSORIES.ID,integer,,1432,"","",Not mapped
CatalogAccessory,catalog_id,ACCESSORIES.MKEY,integer,,474509,"","",Not mapped. Foreign key to Catalog.id
CatalogAccessory,accessory,ACCESSORIES.ACCESSORY,string,500,site map,"","",""
CatalogAccessory,quantity,ACCESSORIES.QUANTITY,integer,10,1,"","",""
CatalogAccessory,location,ACCESSORIES.LOCATION,string,200,"Documentation Room - Fish, A&R","","",""
CatalogAccessory,location_date,ACCESSORIES.LOCATION_DATE,string,11,2001-02,"","",""
CatalogAccessory,condition_date,ACCESSORIES.CONDITION_DATE,string,11,1979-09-04,"","",""
CatalogAccessory,note,ACCESSORIES.NOTE,string,4000,"by Charles Douglas. March 03, 1984","","",""
