model,field_name,MIMSY_field_name,field_type,field_length,field_example,emu_module,emu_column,migration_instructions
CatalogPhysicalDescriptor,id,PHYSICAL_DESCRIPTORS.ID,integer,,1375,"","",Not mapped
CatalogPhysicalDescriptor,catalog_id,PHYSICAL_DESCRIPTORS.MKEY,integer,,406045,"","",Not mapped. Foreign key to Catalog.id
CatalogPhysicalDescriptor,component,PHYSICAL_DESCRIPTORS.COMPONENT,string,500,preservative,"","",""
CatalogPhysicalDescriptor,descriptor,PHYSICAL_DESCRIPTORS.DESCRIPTOR,string,100,formalin,"","",""
CatalogPhysicalDescriptor,value,PHYSICAL_DESCRIPTORS.TERM,string,500,50%,"","",""
CatalogPhysicalDescriptor,note,PHYSICAL_DESCRIPTORS.NOTE,string,4000,2-5 gallon jar,"","",""
