model,field_name,MIMSY_field_name,field_type,field_length,field_example,emu_module,emu_column,migration_instructions
ConditionConservation,id,CONDITION_CONSERVATION.ID,integer,,57,"","",Not mapped
ConditionConservation,catalog_id,CONDITION_CONSERVATION.M_ID,integer,,249544,"","",Not mapped. Foreign key to Catalog.id
ConditionConservation,condition_id,CONDITION_CONSERVATION.CONDKEY,integer,,353,"","",ot mapped. Foreign key to Condition.id
ConditionConservation,condition,CONDITION_CONSERVATION.CONDITION,string,4000,mountant deteriorating,"","",""
ConditionConservation,conservation_id,CONDITION_CONSERVATION.CONSKEY,integer,,16050,"","",Not mapped. Foreign key to Conservation.id
ConditionConservation,conservation,CONDITION_CONSERVATION.CONSERVATION,string,4000,repair,"","",""
