model,field_name,MIMSY_field_name,field_type,field_length,field_example,emu_module,emu_column,migration_instructions
Dayte,id,ITEM_DATES.TIMEKEY,integer,,560683,"","",Not mapped
Dayte,catalog_id,ITEM_DATES.MKEY,integer,,578445,"","",Not mapped. Foreign key to Catalog.id
Dayte,prior_date,ITEM_DATES.PRIOR_DATE,boolean,,false,"","",""
Dayte,date_text,ITEM_DATES.DATE_TEXT,string,500,"9,225 (+/- 215) years BP","","",""
Dayte,earliest_year,ITEM_DATES.EARLIEST_YEAR,integer,10,225,"","",""
Dayte,latest_year,ITEM_DATES.LATEST_YEAR,integer,10,225,"","",""
Dayte,earliest_monthday,ITEM_DATES.EARLIEST_MONTHDAY,integer,4,900,"","",""
Dayte,latest_monthday,ITEM_DATES.LATEST_MONTHDAY,integer,4,900,"","",""
Dayte,note,ITEM_DATES.NOTE,string,4000,Acq. Date,"","",""
Dayte,bp,ITEM_DATES.BP,boolean,,false,"","",""
