model,field_name,MIMSY_field_name,field_type,field_length,field_example,emu_module,emu_column,migration_instructions
DisposalSource,id,DISPOSAL_SOURCES.ID,integer,,1424,"","",Not mapped
DisposalSource,disposal_id,DISPOSAL_SOURCES.AKEY,integer,,22299,"","",Not mapped. Foreign key to Disposal.id
DisposalSource,person_id,DISPOSAL_SOURCES.LINK_ID,integer,,3427,"","",Not mapped. Foreign key to Person.id
DisposalSource,person_variation_id,DISPOSAL_SOURCES.NVARKEY,integer,,40871,"","",Not mapped. Foreign key to PersonVariation.id
DisposalSource,source,DISPOSAL_SOURCES.SOURCE,string,4000,"Murray, Alison","","",""
DisposalSource,source_role,DISPOSAL_SOURCES.SOURCE_ROLE,string,100,donor; collector,"","",""
DisposalSource,contact,DISPOSAL_SOURCES.CONTACT,string,500,Walter Obermayer,"","",""
DisposalSource,address,DISPOSAL_SOURCES.ADDRESS,string,500,"University of New Brunswick
Faculty of Forestry & Environmental Management
P.O. Box 4400
Fredericton
New Brunswick
E3B 5A3
Canada","","",""
DisposalSource,amount_paid,DISPOSAL_SOURCES.AMOUNT_PAID,decimal,,,"","",""
DisposalSource,note,DISPOSAL_SOURCES.NOTE,string,4000,See Note re Macrophthalmus specimens.,"","",""
DisposalSource,unlinked_value,DISPOSAL_SOURCES.UNLINKED_VALUE,string,500,NMC expedition,"","",""
