model,field_name,MIMSY_field_name,field_type,field_length,field_example,emu_module,emu_column,migration_instructions
Disposal,id,DISPOSALS.AKEY,integer,,35440,"","",Not mapped
Disposal,reference_number,DISPOSALS.REF_NUMBER,string,48,LP1996-0070D,"","",""
Disposal,status,DISPOSALS.STATUS,string,100,final approval; closed,"","",""
Disposal,status_date,DISPOSALS.STATUS_DATE,string,11,1934-07-10,"","",""
Disposal,requested_by,DISPOSALS.REQUESTED_BY,string,500,"Balkwill, Darlene","","",""
Disposal,request_date,DISPOSALS.REQUEST_DATE,string,11,1995-08-04,"","",""
Disposal,authorized_by,DISPOSALS.AUTHORIZED_BY,string,500,"Board of Trustees, CMN","","",""
Disposal,date_authorized,DISPOSALS.DATE_AUTHORIZED,string,11,1922-11-09,"","",""
Disposal,method,DISPOSALS.METHOD,string,500,exchange,"","",""
Disposal,legal_date,DISPOSALS.LEGAL_DATE,string,11,1931,"","",""
Disposal,recipient,DISPOSALS.RECIPIENT,string,500,Canadian Museum of Civilization,"","",""
Disposal,reason,DISPOSALS.REASON,string,4000,Archaeological material which should have been deposited at CMC.,"","",""
Disposal,total_requested,DISPOSALS.TOTAL_REQUESTED,string,4000,1,"","",""
Disposal,total_approved,DISPOSALS.TOTAL_APPROVED,integer,10,1,"","",""
Disposal,decision_reason,DISPOSALS.DECISION_REASON,string,4000,"The specimens were originally loaned to a post-doctoral fellow, Dr. Labbish N. Chao in Sept. 1976 and subsequently accidently catalogued into the CMN Ichthyology Collection.","","",""
Disposal,external_file,DISPOSALS.EXTERNAL_FILE,string,500,Registrar's Office,"","",""
Disposal,note,DISPOSALS.NOTE,string,4000,Specimens originally sent as a loan (15-13).,"","",""
Disposal,flag1,DISPOSALS.FLAG1,boolean,,false,"","",""
Disposal,flag2,DISPOSALS.FLAG2,boolean,,false,"","",""
Disposal,created_by,DISPOSALS.CREATED_BY,string,32,PFRANK,"","",""
Disposal,create_date,DISPOSALS.CREATE_DATE,datetime,,2007-05-03 15:45:46 UTC,"","",""
Disposal,updated_by,DISPOSALS.UPDATED_BY,string,32,PFRANK,"","",""
Disposal,update_date,DISPOSALS.UPDATE_DATE,datetime,,2011-09-07 13:10:44 UTC,"","",""
