model,field_name,MIMSY_field_name,field_type,field_length,field_example,emu_module,emu_column,migration_instructions
Event,id,EVENTS.VKEY,integer,,91,"","",Not mapped
Event,mev_id,EVENTS.MEV_ID,decimal,,102.0,"","",""
Event,language,EVENTS.LANGUAGE,string,3,eng,"","",""
Event,full_name,EVENTS.FULL_NAME,string,500,Vegetation Survey along the Mackenzie River-Yellowknife Highway.,"","",""
Event,brief_name,EVENTS.BRIEF_NAME,string,100,Patagonian Expedition,"","",""
Event,category,EVENTS.CATEGORY1,string,100,scientific,"","",""
Event,occurrence_type,EVENTS.OCCURENCE_TYPE,string,100,annual,"","",""
Event,begin_date,EVENTS.BEGIN_DATE,string,11,1987,"","",""
Event,end_date,EVENTS.END_DATE,string,11,1931,"","",""
Event,duration,EVENTS.DURATION,integer,10,3,"","",""
Event,duration_unit,EVENTS.DURATION_UNIT,string,100,year,"","",""
Event,current_status,EVENTS.CURRENT_STATUS,string,100,complete,"","",""
Event,description,EVENTS.DESCRIPTION,text,,"An expedition by the Amherst College Museum, to the Chubut Province of Argentina, to collect Lower Oligocene mammals from the Rio Chico del Chubut.","","",""
Event,publish,EVENTS.PUBLISH,boolean,,false,"","",""
Event,flag1,EVENTS.FLAG1,boolean,,false,"","",""
Event,flag2,EVENTS.FLAG2,boolean,,false,"","",""
Event,sort_name,EVENTS.SORT_NAME,string,500,SWEDISH ARCTIC RESEARCH PROGRAMME-TUNDRA NORTWEST 1999,"","",""
Event,created_by,EVENTS.CREATED_BY,string,32,MBOUCHARD,"","",""
Event,create_date,EVENTS.CREATE_DATE,datetime,,2003-09-12 00:00:00 UTC,"","",""
Event,updated_by,EVENTS.UPDATED_BY,string,32,MBOUCHARD,"","",""
Event,update_date,EVENTS.UPDATE_DATE,datetime,,2004-05-13 00:00:00 UTC,"","",""
