model,field_name,MIMSY_field_name,field_type,field_length,field_example,emu_module,emu_column,migration_instructions
ExhibitionVenue,id,EXHIBITION_VENUES.ID,integer,,2,"","",Not mapped
ExhibitionVenue,exhibition_id,EXHIBITION_VENUES.EKEY,integer,,4,"","",Not mapped. Foreign key to Exhibition.id
ExhibitionVenue,person_id,EXHIBITION_VENUES.LINK_ID,integer,,2,"","",Not mapped. Foreign key to Person.id
ExhibitionVenue,venue,EXHIBITION_VENUES.VENUE,string,4000,Canadian Museum of Nature,"","",""
ExhibitionVenue,display_start,EXHIBITION_VENUES.DISPLAY_START,string,11,2005-08-01,"","",""
ExhibitionVenue,display_end,EXHIBITION_VENUES.DISPLAY_END,string,11,2005-12-31,"","",""
