model,field_name,MIMSY_field_name,field_type,field_length,field_example,emu_module,emu_column,migration_instructions
ExhibitionTheme,id,EXHIBITION_THEMES.ID,integer,,9,"","",Not mapped
ExhibitionTheme,exhibition_id,EXHIBITION_THEMES.EKEY,integer,,7,"","",Not mapped. Foreign key to Exhibition.id
ExhibitionTheme,theme_section,EXHIBITION_THEMES.THEME_SECTION,string,500,Weather and the Water Cycle,"","",""
ExhibitionTheme,theme_sub1,EXHIBITION_THEMES.THEME_SUB1,string,500,Life started in water,"","",""
ExhibitionTheme,theme_sub2,EXHIBITION_THEMES.THEME_SUB2,string,500,"The ocean is vast: reproducing, finding food in such a big place","","",""
ExhibitionTheme,theme_sub3,EXHIBITION_THEMES.THEME_SUB3,string,500,"Canada's wetlands: provide crucial environmental services, loss of habitat","","",""
ExhibitionTheme,theme_sub4,EXHIBITION_THEMES.THEME_SUB4,string,500,"The ocean moves: currents, tides, waves and how they affect marine organisms","","",""
ExhibitionTheme,theme_sub5,EXHIBITION_THEMES.THEME_SUB5,string,500,"The ocean is deep: vertical depths create different ocean zones, mysteries of the deep","","",""
ExhibitionTheme,description,EXHIBITION_THEMES.DESCRIPTION,string,4000,this is a test Theme 1,"","",""
ExhibitionTheme,location,EXHIBITION_THEMES.LOCATION,string,500,Location2,"","",""
