model,field_name,MIMSY_field_name,field_type,field_length,field_example,emu_module,emu_column,migration_instructions
Exhibition,pexh_id,EXHIBITIONS.PEXH_ID,integer,,3,"","",""
Exhibition,id,EXHIBITIONS.EKEY,integer,,4,"","",Not mapped
Exhibition,language,EXHIBITIONS.LANGUAGE,string,3,eng,"","",""
Exhibition,full_name,EXHIBITIONS.FULL_NAME,string,500,Earth Gallery,"","",""
Exhibition,brief_name,EXHIBITIONS.BRIEF_NAME,string,100,Test,"","",""
Exhibition,exhibit_start,EXHIBITIONS.EXHIBIT_START,string,11,2010-05-21,"","",""
Exhibition,exhibit_end,EXHIBITIONS.EXHIBIT_END,string,11,2006-05-12,"","",""
Exhibition,description,EXHIBITIONS.DESCRIPTION,string,4000,This is a test Exhibit.,"","",""
Exhibition,status,EXHIBITIONS.STATUS,string,100,open,"","",""
Exhibition,status_date,EXHIBITIONS.STATUS_DATE,string,11,2005-06-17,"","",""
Exhibition,authorized_by,EXHIBITIONS.AUTHORIZED_BY,string,500,"Frank, Peter G.","","",""
Exhibition,date_authorized,EXHIBITIONS.DATE_AUTHORIZED,string,11,2005-05-12,"","",""
Exhibition,initiated_by,EXHIBITIONS.INITIATED_BY,string,500,Margaret Feuerstack,"","",""
Exhibition,date_initiated,EXHIBITIONS.DATE_INITIATED,string,11,2005-05-12,"","",""
Exhibition,venues,EXHIBITIONS.VENUES,string,4000,Canadian Museum of Nature,"","",""
Exhibition,total_venues,EXHIBITIONS.TOTAL_VENUES,integer,4,1,"","",""
Exhibition,total_cost,EXHIBITIONS.TOTAL_COST,string,13,0.00,"","",""
Exhibition,reference_number,EXHIBITIONS.REFERENCE_NUMBER,string,48,Unnumbered 2,"","",""
Exhibition,publish,EXHIBITIONS.PUBLISH,boolean,,false,"","",""
Exhibition,flag1,EXHIBITIONS.FLAG1,boolean,,false,"","",""
Exhibition,flag2,EXHIBITIONS.FLAG2,boolean,,false,"","",""
Exhibition,create_date,EXHIBITIONS.CREATE_DATE,datetime,,2010-04-21 13:45:17 UTC,"","",""
Exhibition,created_by,EXHIBITIONS.CREATED_BY,string,32,PFRANK,"","",""
Exhibition,update_date,EXHIBITIONS.UPDATE_DATE,datetime,,2006-01-23 00:00:00 UTC,"","",""
Exhibition,updated_by,EXHIBITIONS.UPDATED_BY,string,32,CONSERV1,"","",""
