model,field_name,MIMSY_field_name,field_type,field_length,field_example,emu_module,emu_column,migration_instructions
Group,id,GROUPS.GROUP_ID,integer,,3573,"","",Not mapped
Group,module,GROUPS.LINK_TYPE,integer,,1,"","",""
Group,group_area,GROUPS.GROUP_AREA,string,4000,catalogue,"","",""
Group,name,GROUPS.GROUP_NAME,string,100,Franklin Exhibit Campbell,"","",""
Group,private_public,GROUPS.PRIVATE_PUBLIC,string,10,PUBLIC,egroups,GroupStatus,""
Group,group_type,GROUPS.GROUP_TYPE,string,100,General Inquiry,"","",""
Group,group_owner,GROUPS.GROUP_OWNER,string,32,STESSIER,"","",""
Group,department,GROUPS.DEPARTMENT,string,100,Registration,"","",""
Group,note,GROUPS.NOTE,string,4000,"for loan to Laval, July 3 2012",egroups,GroupDescription,""
Group,create_date,GROUPS.CREATE_DATE,datetime,,2011-11-18 11:42:41 UTC,"","",""
Group,updated_by,GROUPS.UPDATED_BY,string,30,MBOUCHARD,"","",""
Group,update_date,GROUPS.UPDATE_DATE,datetime,,2012-10-02 09:48:52 UTC,"","",""
