model,field_name,MIMSY_field_name,field_type,field_length,field_example,emu_module,emu_column,migration_instructions
Instruction,id,INSTRUCTIONS.INSTRUCTKEY,integer,,1125,"","",Not mapped
Instruction,table_key,INSTRUCTIONS.TABLE_KEY,integer,,441,"","",""
Instruction,table_name,INSTRUCTIONS.TABLE_NAME,string,32,LOAN_ITEMS,"","",""
Instruction,type,INSTRUCTIONS.INSTRUCTION_TYPE,string,100,loan item handling,"","",""
Instruction,instruction_date,INSTRUCTIONS.INSTRUCTION_DATE,string,11,1999-12-01,"","",""
Instruction,instruction,INSTRUCTIONS.INSTRUCTION,string,4000,Short-term loan,"","",""
Instruction,note,INSTRUCTIONS.NOTE,string,4000,Access only to RCI until 2003,"","",""
Instruction,flag1,INSTRUCTIONS.FLAG1,boolean,,false,"","",""
Instruction,regarding,INSTRUCTIONS.CARRYOVER,string,4000,"CMNFV 52152
Pisces
Russell, Loris S.; McCorquodale, Bruce
North America: Canada; Saskatchewan
1956","","",""
