model,field_name,MIMSY_field_name,field_type,field_length,field_example,emu_module,emu_column,migration_instructions
LoanCatalog,id,LOAN_ITEMS.LITMKEY,integer,,4795,"","",Not mapped
LoanCatalog,loan_id,LOAN_ITEMS.LKEY,integer,,173,"","",Not mapped. Foreign key to Loan.id
LoanCatalog,catalog_id,LOAN_ITEMS.M_ID,integer,,573871,"","",Not mapped. Foreign key to Catalog.id
LoanCatalog,catalog_number,LOAN_ITEMS.ID_NUMBER,string,48,CMNFI 1977-1505A.6,"","",""
LoanCatalog,status,LOAN_ITEMS.STATUS,string,100,returned,"","",""
LoanCatalog,status_date,LOAN_ITEMS.STATUS_DATE,string,11,2012-09-04,"","",""
LoanCatalog,loan_date,LOAN_ITEMS.LOAN_DATE,datetime,,2008-04-11 00:00:00 UTC,"","",""
LoanCatalog,due_date,LOAN_ITEMS.DUE_DATE,datetime,,2008-07-27 00:00:00 UTC,"","",""
LoanCatalog,return_date,LOAN_ITEMS.RETURN_DATE,datetime,,2008-02-27 00:00:00 UTC,"","",""
LoanCatalog,return_confirmed_by,LOAN_ITEMS.RETURN_CONFIRMED_BY,string,500,"Laframboise, Sylvie","","",""
LoanCatalog,renewal_history,LOAN_ITEMS.RENEWAL_HISTORY,string,4000,"Loan extended from original due date (2001-08-23).
February 2017 - extended until 2018-01-16.","","",""
LoanCatalog,note,LOAN_ITEMS.NOTE,string,4000,"cranium, 0.586 g","","",""
LoanCatalog,description,LOAN_ITEMS.ITEM_SUMMARY,string,4000,"Myriophyllum exalbescens
North America: Canada, Newfoundland and Labrador, Labrador","","",""
LoanCatalog,flag1,LOAN_ITEMS.FLAG1,boolean,,false,"","",""
LoanCatalog,flag2,LOAN_ITEMS.FLAG2,boolean,,false,"","",""
LoanCatalog,catalogued,LOAN_ITEMS.CATALOGUED,boolean,,true,"","",""
LoanCatalog,id_sort,LOAN_ITEMS.ID_SORT,string,4000,CANM0323969,"","",""
LoanCatalog,created_by,LOAN_ITEMS.CREATED_BY,string,32,ANACTORIA,"","",""
LoanCatalog,create_date,LOAN_ITEMS.CREATE_DATE,datetime,,2009-11-24 16:21:05 UTC,"","",""
LoanCatalog,updated_by,LOAN_ITEMS.UPDATED_BY,string,32,XGVIEWS,"","",""
LoanCatalog,update_date,LOAN_ITEMS.UPDATE_DATE,datetime,,2016-08-15 11:23:25 UTC,"","",""
