model,field_name,MIMSY_field_name,field_type,field_length,field_example,emu_module,emu_column,migration_instructions
Loan,id,LOANS.LKEY,integer,,50,"","",Not mapped
Loan,direction,LOANS.DIRECTION,string,3,OUT,"","",""
Loan,loan_number,LOANS.LOAN_NUMBER,string,48,LP2010-0142,"","",""
Loan,person_id,LOANS.LINK_ID,integer,,28876,"","",Not mapped. Foreign key to Person.id
Loan,person_variation_id,LOANS.NVARKEY,integer,,29428,"","",Not mapped. Foreign key to PersonVariation.id
Loan,institution,LOANS.NAME,string,4000,"Whitton, Jeannette","","",""
Loan,contact,LOANS.CONTACT,string,500,Jean Faubert,"","",""
Loan,address,LOANS.ADDRESS,string,500,"BHE Environmental, Inc.
7041 Maynardville Highway
Knoxville
Tennessee
37918
USA","","",""
Loan,phone,LOANS.PHONE,string,50,1 907 474 6947,"","",""
Loan,fax,LOANS.FAX,string,50,(303) 492-4195,"","",""
Loan,email,LOANS.EMAIL,string,100,jstarr@uottawa.ca,"","",""
Loan,requested_by,LOANS.REQUESTED_BY,string,500,"Steigerwald, Michèle","","",""
Loan,request_date,LOANS.REQUEST_DATE,datetime,,2010-02-22 00:00:00 UTC,"","",""
Loan,authorized_by,LOANS.AUTHORIZED_BY,string,500,"Dussault, Chantal","","",""
Loan,date_authorized,LOANS.DATE_AUTHORIZED,string,11,2015-11-03,"","",""
Loan,status,LOANS.STATUS,string,100,open,"","",""
Loan,status_date,LOANS.STATUS_DATE,string,11,2009-10-14,"","",""
Loan,handled_by,LOANS.HANDLED_BY,string,500,"Ste-Marie, Philippe","","",""
Loan,purpose,LOANS.PURPOSE,string,500,exhibition/education,"","",""
Loan,loan_start,LOANS.LOAN_START,string,11,2015-05-20,"","",""
Loan,loan_end,LOANS.LOAN_END,string,11,2005-01-16,"","",""
Loan,total_items,LOANS.TOTAL_ITEMS,integer,10,412,"","",""
Loan,total_requested,LOANS.TOTAL_REQUESTED,string,4000,0,"","",""
Loan,renewal_history,LOANS.RENEWAL_HISTORY,string,4000,Extension requested and approved 2009-09-09.,"","",""
Loan,acknowledge_date,LOANS.ACKNOWLEDGE_DATE,datetime,,2007-11-22 00:00:00 UTC,"","",""
Loan,prelim_agree_date,LOANS.PRELIM_AGREE_DATE,datetime,,2005-07-05 00:00:00 UTC,"","",""
Loan,approval_date,LOANS.APPROVAL_DATE,datetime,,2008-04-09 00:00:00 UTC,"","",""
Loan,reject_date,LOANS.REJECT_DATE,datetime,,2000-06-08 00:00:00 UTC,"","",""
Loan,cancel_date,LOANS.CANCEL_DATE,datetime,,2000-08-21 00:00:00 UTC,"","",""
Loan,contract_date,LOANS.CONTRACT_DATE,datetime,,2009-05-01 00:00:00 UTC,"","",""
Loan,contract_terms,LOANS.CONTRACT_TERMS,text,,"","","",""
Loan,prelim_conditions,LOANS.PRELIM_CONDITIONS,string,4000,Loan of type material is made for 6 months only with  no possibility of renewal.  Dissections or any alterations to the specimens are not allowed.,"","",""
Loan,actual_cost,LOANS.ACTUAL_COST,string,13,0.00,"","",""
Loan,projected_cost,LOANS.PROJECTED_COST,string,13,0.00,"","",""
Loan,insurance_paid_by,LOANS.INSURANCE_PAID_BY,string,500,Royal Tyrrell Museum of Palaeontology,"","",""
Loan,shipping_paid_by,LOANS.SHIPPING_PAID_BY,string,500,Royal Tyrrell Museum of Palaeontology,"","",""
Loan,reviewed_by,LOANS.REVIEWED_BY,string,500,"Fitzgerald, G.R.","","",""
Loan,review_date,LOANS.REVIEW_DATE,datetime,,2000-06-08 00:00:00 UTC,"","",""
Loan,review_comments,LOANS.REVIEW_COMMENTS,string,4000,Rejected because of legal sensitivities.,"","",""
Loan,external_file,LOANS.EXTERNAL_FILE,string,500,Registrar's Office,"","",""
Loan,note,LOANS.NOTE,string,4000,For study by Juanita Forrester,"","",""
Loan,option1,LOANS.OPTION1,string,4000,Various species from Québec,"","",""
Loan,date1,LOANS.DATE1,datetime,,2009-04-28 00:00:00 UTC,"","",""
Loan,flag1,LOANS.FLAG1,boolean,,false,"","",""
Loan,flag2,LOANS.FLAG2,boolean,,false,"","",""
Loan,created_by,LOANS.CREATED_BY,string,32,LSMYK,"","",""
Loan,create_date,LOANS.CREATE_DATE,datetime,,2012-10-16 15:17:26 UTC,"","",""
Loan,update_date,LOANS.UPDATE_DATE,datetime,,2016-08-15 11:23:45 UTC,"","",""
Loan,updated_by,LOANS.UPDATED_BY,string,32,LSMYK,"","",""
