model,field_name,MIMSY_field_name,field_type,field_length,field_example,emu_module,emu_column,migration_instructions
Location,id,LOCATION.LOC_ID,integer,,5089,"","",Not mapped
Location,catalog_id,LOCATION.M_ID,integer,,16435,"","",Not mapped. Foreign key to Catalog.id
Location,facility_id,LOCATION.LOCKEY,integer,,1,"","",Not mapped. Foreign key to Facility.id
Location,current_record,LOCATION.CURRENT_RECORD,boolean,,true,"","",""
Location,future_commit,LOCATION.FUTURE_COMMIT,boolean,,true,"","",""
Location,location,LOCATION.LOCATION,string,500,"On loan to Mary Dawson, Carnegie Museum","","",""
Location,loc_level1,LOCATION.LOC_LEVEL1,string,50,B4-112,"","",""
Location,loc_level2,LOCATION.LOC_LEVEL2,string,50,Main Hall,"","",""
Location,loc_level3,LOCATION.LOC_LEVEL3,string,50,west end (freshwater exhibit),"","",""
Location,loc_level4,LOCATION.LOC_LEVEL4,string,50,(free-standing mount),"","",""
Location,location_date,LOCATION.LOCATION_DATE,string,11,1973,"","",""
Location,expected_end,LOCATION.EXPECTED_END,string,11,2006-11,"","",""
Location,last_location,LOCATION.LAST_LOCATION,string,500,"VMMB, swing space","","",""
Location,last_level1,LOCATION.LAST_LEVEL1,string,50,B4-112,"","",""
Location,last_level2,LOCATION.LAST_LEVEL2,string,50,small case in front of Green River exhibit,"","",""
Location,last_level3,LOCATION.LAST_LEVEL3,string,50,drawer 4,"","",""
Location,last_level4,LOCATION.LAST_LEVEL4,string,50,,"","",""
Location,purpose,LOCATION.PURPOSE,string,100,research,"","",""
Location,inventory_status,LOCATION.INVENTORY_STATUS,string,100,located,"","",""
Location,status_date,LOCATION.STATUS_DATE,string,11,2004-10-04,"","",""
Location,requested_by,LOCATION.REQUESTED_BY,string,500,"Shepherd, Kieran M.","","",""
Location,request_date,LOCATION.REQUEST_DATE,string,11,~1970,"","",""
Location,authorized_by,LOCATION.AUTHORIZED_BY,string,500,"Shepherd, Kieran M.","","",""
Location,job_number,LOCATION.JOB_NUMBER,string,48,,"","",""
Location,scheduled_date,LOCATION.SCHEDULED_DATE,string,11,2006-07-21,"","",""
Location,moved_by,LOCATION.MOVED_BY,string,500,Palaeo collections staff,"","",""
Location,component_accessory,LOCATION.COMPONENT_ACCESSORY,string,500,skull,"","",""
Location,note,LOCATION.NOTE,string,4000,Previously on exhibit in the original fossil gallery (1974-2004),"","",""
Location,flag1,LOCATION.FLAG1,boolean,,false,"","",""
Location,flag2,LOCATION.FLAG2,boolean,,false,"","",""
Location,create_date,LOCATION.CREATE_DATE,datetime,,2006-10-20 13:08:28 UTC,"","",""
Location,created_by,LOCATION.CREATED_BY,string,32,PFRANK,"","",""
Location,update_date,LOCATION.UPDATE_DATE,datetime,,2010-11-24 14:34:07 UTC,"","",""
Location,updated_by,LOCATION.UPDATED_BY,string,32,XGVIEWS,"","",""
