model,field_name,MIMSY_field_name,field_type,field_length,field_example,emu_module,emu_column,migration_instructions
PersonPlace,id,PEOPLE_PLACES.AUTHLINKKEY,integer,,2473858,"","",Not mapped
PersonPlace,person_id,PEOPLE_PLACES.LINK_ID,integer,,1,"","",Not mapped. Foreign key to Person.id
PersonPlace,place_id,PEOPLE_PLACES.PLACEKEY,integer,,4497,"","",Not mapped. Foreign key to Place.id
PersonPlace,prior_attribution,PEOPLE_PLACES.PRIOR_ATTRIBUTION,boolean,,false,"","",""
PersonPlace,place,PEOPLE_PLACES.PLACE,string,4000,"North America: Canada, Nova Scotia, Kings Co. (NS), Wolfville","","",""
