model,field_name,MIMSY_field_name,field_type,field_length,field_example,emu_module,emu_column,migration_instructions
RelatedCatalog,id,RELATED_ITEMS.RELRECKEY,integer,,2338,"","",Not mapped
RelatedCatalog,catalog_id,RELATED_ITEMS.MKEY,integer,,712069,"","",Not mapped. Foreign key to Catalog.id
RelatedCatalog,related_catalog_id,RELATED_ITEMS.RELATED_MKEY,integer,10,652746,ecatalogue,AssRelatedObjects_tab,"Not mapped. However, construct link using foreign key to Catalog.id"
RelatedCatalog,object,RELATED_ITEMS.OBJECT,string,4000,CAN 592347,"","",Not mapped
RelatedCatalog,title,RELATED_ITEMS.TITLE,string,4000,skeleton,ecatalogue,AssNotes_tab,"Prefix with ""title:"" & concatenate with linebreak with RelatedCatalog.note when present"
RelatedCatalog,relationship,RELATED_ITEMS.RELATIONSHIP,string,500,part,ecatalogue,AssRelationShip_tab,""
RelatedCatalog,note,RELATED_ITEMS.NOTE,string,4000,same collecting info,ecatalogue,AssNotes_tab,"Prefix with ""note:"" & concatenate with linebreak with RelatedCatalog.title when present"
RelatedCatalog,prior_attribution,RELATED_ITEMS.PRIOR_ATTRIBUTION,boolean,,false,"","",Not mapped
RelatedCatalog,sysuseonly,RELATED_ITEMS.SYSUSEONLY,decimal,,1.0,"","",Not mapped
