model,field_name,MIMSY_field_name,field_type,field_length,field_example,emu_module,emu_column,migration_instructions
SiteCulture,site_id,SITE_CULTURES.SKEY,integer,,587289,"","",Not mapped. Foreign key to Site.id
SiteCulture,culture,SITE_CULTURES.CULTURE,string,500,Dorset (Late Palaeo-Eskimo),"","",""
SiteCulture,phase,SITE_CULTURES.PHASE,string,500,c. AD 1848-1849,"","",""
SiteCulture,period,SITE_CULTURES.PERIOD,string,500,AD 1950 - Present,"","",""
SiteCulture,note,SITE_CULTURES.NOTE,string,4000,Britsh naval exploration party.,"","",""
SiteCulture,id,SITE_CULTURES.ID,integer,,120,"","",Not mapped
