model,field_name,MIMSY_field_name,field_type,field_length,field_example,emu_module,emu_column,migration_instructions
TaxonPublication,id,TAXONOMY_PUBLICATIONS.AUTHLINKKEY,integer,,3295940,"","",Not mapped
TaxonPublication,publication_id,TAXONOMY_PUBLICATIONS.PKEY,integer,,7896,"","",Not mapped. Foreign key to Publication.id
TaxonPublication,taxon_id,TAXONOMY_PUBLICATIONS.SPECKEY,integer,,1161255,"","",Not mapped. Foreign key to Taxon.id
TaxonPublication,relationship,TAXONOMY_PUBLICATIONS.RELATIONSHIP,string,500,Distomum quietum,"","",""
TaxonPublication,note,TAXONOMY_PUBLICATIONS.NOTE,string,4000,supercedes original description,"","",""
TaxonPublication,prior_attribution,TAXONOMY_PUBLICATIONS.PRIOR_ATTRIBUTION,boolean,,false,"","",""
TaxonPublication,illustration,TAXONOMY_PUBLICATIONS.ILLUSTRATION,boolean,,false,"","",""
TaxonPublication,taxon_variation_id,TAXONOMY_PUBLICATIONS.TAXVARKEY,integer,,172931,"","",Not mapped. Foreign key to TaxonVariation.id
TaxonPublication,publication,TAXONOMY_PUBLICATIONS.PUBLICATION,string,4000,Evolution in North Pacific coastal marine amphipod crustaceans.,"","",""
TaxonPublication,publication_date,TAXONOMY_PUBLICATIONS.PUBLICATION_DATE,string,4000,1981,"","",""
