model,field_name,MIMSY_field_name,field_type,field_length,field_example,emu_module,emu_column,migration_instructions
Thesaurus,id,THESAURUS.CLASS_ID,integer,,1178054,"","",Not mapped
Thesaurus,language,THESAURUS.LANGUAGE,string,3,eng,"","",""
Thesaurus,thesaurus_system,THESAURUS.THES_SYSTEM,string,48,Archaeology,ethesaurus,HieThesaurus,""
Thesaurus,term,THESAURUS.TERM1_1,string,500,Jet,ethesaurus,TerTerm,""
Thesaurus,alternate1,THESAURUS.TERM2_1,string,500,Bivalve Shell,"","",""
Thesaurus,alternate2,THESAURUS.TERM3_1,string,500,Tooth Shell,"","",""
Thesaurus,level,THESAURUS.HIERARCHY_LEVEL,integer,2,8,"","",""
Thesaurus,parent_id,THESAURUS.BROADER_ID,integer,,1178249,ethesaurus,HieBroaderTerms_tab,Follow this parent_id to get the parent term
Thesaurus,broader_text,THESAURUS.BROADER_TEXT,string,4000,Archaeological Materials; Animal-Derived Materials,"","",""
Thesaurus,note,THESAURUS.NOTE,string,4000,"Applies to woodworking tools intended for drilling wider, deeper holes in large beams than a simple hand drill is generally not capable of producing easily.  Braces usually have a U-shaped grip on the handle that acts as a crankshaft.",ethesaurus,TerScopeNotes,""
Thesaurus,comments,THESAURUS.COMMENTS,string,4000,Equivalent to Category 8 (Communication Artifacts>Personal Symbols>Status Symbols) of Chenhall's System for Classifying Man-Made Objects (third edition).,"","",""
Thesaurus,modified,THESAURUS.MODIFIED,boolean,,false,"","",""
Thesaurus,guide_term,THESAURUS.GUIDE_TERM,boolean,,false,"","",""
Thesaurus,source,THESAURUS.SOURCE,string,500,Adapted from the Canadian Museum of History materials database thesaurus for archaeological collections (preliminary version).,ethesaurus,HisSource_tab,""
Thesaurus,source_date,THESAURUS.SOURCE_DATE,string,11,2014-01-21,"","",""
Thesaurus,sort1,THESAURUS.SORT1,string,500,SEAGULL HOOK,"","",""
Thesaurus,publish,THESAURUS.PUBLISH,boolean,,false,"","",""
Thesaurus,flag1,THESAURUS.FLAG1,boolean,,false,"","",""
Thesaurus,flag2,THESAURUS.FLAG2,boolean,,false,"","",""
Thesaurus,created_by,THESAURUS.CREATED_BY,string,32,SRUFOLO,ethesaurus,HisAuthor_tab,""
Thesaurus,create_date,THESAURUS.CREATE_DATE,datetime,,2014-05-27 11:06:00 UTC,ethesaurus,HisDateChanged0,""
Thesaurus,updated_by,THESAURUS.UPDATED_BY,string,32,XGVIEWS,ethesaurus,HisAuthor_tab,""
Thesaurus,update_date,THESAURUS.UPDATE_DATE,datetime,,2016-07-29 10:23:42 UTC,ethesaurus,HisDateChanged0,""
